-509.3604068336154,0
-509.3503282978914,0
-508.271924975419,0.0001338775483706413
-508.261846439695,0.000168040301162887
-508.251767903971,0.0002103857374797251
-508.2416893682469,0.0002627340020380474
-508.2316108325229,0.0003272754364208804
-508.2215322967988,0.0004066377401675129
-508.2114537610748,0.0005039635177132804
-508.2013752253508,0.0006229994413446301
-508.1912966896267,0.0007681983300910116
-508.1812181539027,0.0009448355017315072
-508.1711396181786,0.001159140795391347
-508.1610610824546,0.001418447680495582
-508.1509825467305,0.001731360858518526
-508.1409040110065,0.002107943720873442
-508.1308254752825,0.002559926942821188
-508.1207469395584,0.003100939362470538
-508.1106684038344,0.003746762108598342
-508.1005898681103,0.004515606693877821
-508.0905113323863,0.005428417474063007
-508.0804327966623,0.006509198482033218
-508.0703542609382,0.007785364172343802
-508.0602757252142,0.009288113052070905
-508.0501971894901,0.01105282252367564
-508.0401186537661,0.01311946252352256
-508.0300401180421,0.01553302470593057
-508.019961582318,0.01834396300018438
-508.009883046594,0.02160864036278469
-507.9998045108699,0.02538977546878197
-507.9897259751459,0.02975688194751483
-507.9796474394219,0.03478669158672614
-507.9695689036978,0.0405635517264224
-507.9594903679737,0.0471797858659538
-507.9494118322497,0.05473600534500135
-507.9393332965257,0.06334135886610155
-507.9292547608017,0.07311370564158684
-507.9191762250776,0.08417969711336537
-507.9090976893535,0.09667475155454631
-507.8990191536295,0.1107429054640928
-507.8889406179055,0.126536525556759
-507.8788620821815,0.144215865377251
-507.8687835464574,0.1639484511745138
-507.8587050107333,0.1859082827002707
-507.8486264750093,0.2102748360809144
-507.8385479392853,0.2372318578818261
-507.8284694035613,0.2669659419571899
-507.8183908678372,0.2996648836644806
-507.8083123321131,0.3355158095163336
-507.7982337963891,0.3747030843245671
-507.7881552606651,0.4174060023272602
-507.7780767249411,0.4637962736290165
-507.7679981892169,0.5140353224589052
-507.7579196534929,0.5682714191749996
-507.7478411177689,0.6266366735172522
-507.7377625820449,0.6892439222144663
-507.7276840463209,0.7561835495553803
-507.7176055105967,0.8275202847957837
-507.7075269748727,0.9032900251421252
-507.6974484391487,0.9834967373711208
-507.6873699034247,1.068109494757294
-507.6772913677007,1.157059708732647
-507.6672128319765,1.250238616449371
-507.6571342962525,1.34749508602574
-507.6470557605285,1.448633800613284
-507.6369772248045,1.553413880439618
-507.6268986890805,1.661547998593143
-507.6168201533563,1.77270204149244
-507.6067416176323,1.886495358729048
-507.5966630819083,2.002501639329676
-507.5865845461843,2.120250442534519
-507.5765060104603,2.239229401053875
-507.5664274747361,2.358887103606064
-507.5563489390121,2.478636651553732
-507.5462704032881,2.597859871873991
-507.5361918675641,2.715912155781037
-507.5261133318401,2.832127879351536
-507.5160347961159,2.945826349783269
-507.5059562603919,3.056318208755267
-507.4958777246679,3.162912213062061
-507.4857991889439,3.264922302566867
-507.4757206532199,3.361674856841867
-507.4656421174957,3.45251603489602
-507.4555635817717,3.536819087355037
-507.4454850460477,3.613991527535654
-507.4354065103237,3.683482047179913
-507.4253279745997,3.744787064263913
-507.4152494388755,3.797456794291111
-507.4051709031515,3.841100742784906
-507.3950923674275,3.875392525211236
-507.3850138317035,3.9000739311332
-507.3749352959795,3.914958161815461
-507.3648567602553,3.919932184495268
-507.3547782245313,3.919932184495268
-507.3446996888073,3.914958161815461
-507.3346211530833,3.9000739311332
-507.3245426173593,3.875392525211236
-507.3144640816352,3.841100742784906
-507.3043855459111,3.797456794291111
-507.2943070101871,3.744787064263913
-507.2842284744631,3.683482047179913
-507.2741499387391,3.613991527535654
-507.264071403015,3.536819087355037
-507.2539928672909,3.45251603489602
-507.2439143315669,3.361674856841867
-507.2338357958429,3.264922302566867
-507.2237572601189,3.162912213062061
-507.2136787243948,3.056318208755267
-507.2036001886707,2.945826349783269
-507.1935216529467,2.832127879351536
-507.1834431172227,2.715912155781037
-507.1733645814987,2.597859871873991
-507.1632860457746,2.478636651553732
-507.1532075100505,2.358887103606064
-507.1431289743265,2.239229401053875
-507.1330504386025,2.120250442534519
-507.1229719028784,2.002501639329676
-507.1128933671544,1.886495358729048
-507.1028148314303,1.77270204149244
-507.0927362957063,1.661547998593143
-507.0826577599823,1.553413880439618
-507.0725792242582,1.448633800613284
-507.0625006885341,1.34749508602574
-507.0524221528101,1.250238616449371
-507.0423436170861,1.157059708732647
-507.0322650813621,1.068109494757294
-507.022186545638,0.9834967373711208
-507.012108009914,0.9032900251421252
-507.0020294741899,0.8275202847957837
-506.9919509384659,0.7561835495553803
-506.9818724027419,0.6892439222144663
-506.9717938670178,0.6266366735172522
-506.9617153312938,0.5682714191749996
-506.9516367955697,0.5140353224589052
-506.9415582598457,0.4637962736290165
-506.9314797241216,0.4174060023272602
-506.9214011883976,0.3747030843245671
-506.9113226526736,0.3356496870647042
-506.9012441169495,0.2998329239656435
-506.8911655812255,0.2671763276946696
-506.8810870455014,0.2374945918838641
-506.8710085097774,0.2106021115173353
-506.8609299740534,0.1863149204404382
-506.8508514383293,0.1644524146922271
-506.8407729026053,0.1448388648185956
-506.8306943668812,0.12730472388685
-506.8206158311572,0.1116877409658243
-506.8105372954332,0.09783389234993765
-506.8004587597091,0.08559814479386096
-506.7903802239851,0.07484506650010536
-506.780301688261,0.065449302586975
-506.770223152537,0.05729593228782254
-506.760144616813,0.05028072522842434
-506.7500660810889,0.04431031383502074
-506.7399875453648,0.03930229828060397
-506.7299090096408,0.03518529942157784
-506.7198304739168,0.03189897395081519
-506.7097519381928,0.02939400453512849
-506.6996734024687,0.02763207605225528
-506.6895948667446,0.02658584722960622
-506.6795163310206,0.02623892504704513
-506.6694377952966,0.02658584722960622
-506.6593592595726,0.02763207605225528
-506.6492807238485,0.02939400453512849
-506.6392021881244,0.03189897395081519
-506.6291236524004,0.03518529942157784
-506.6190451166764,0.03930229828060397
-506.6089665809524,0.04431031383502074
-506.5988880452283,0.05028072522842434
-506.5888095095042,0.05729593228782254
-506.5787309737802,0.06558318013534563
-506.5686524380562,0.07501310680126826
-506.5585739023322,0.08580853053134067
-506.5484953666081,0.09809662635197572
-506.538416830884,0.1120150164022452
-506.52833829516,0.1277113616270176
-506.518259759436,0.1453428283363089
-506.508181223712,0.1650754141335717
-506.4981026879879,0.1870831187705292
-506.4880241522638,0.2115469470190668
-506.4779456165398,0.2386537326792555
-506.4678670808158,0.2685947753751652
-506.4577885450918,0.301564284824162
-506.4477100093677,0.3377576307855776
-506.4376314736436,0.3772630112673883
-506.4275529379196,0.4205069416897307
-506.4174744021956,0.4675430357376149
-506.4073958664716,0.5185509291527829
-506.3973173307475,0.5736998366490625
-506.3872387950234,0.6331458719992854
-506.3771602592994,0.6970292863868101
-506.3670817235754,0.7654716626074511
-506.3570031878514,0.8385731073194592
-506.3469246521273,0.9164094876656478
-506.3368461164033,0.9990297620770514
-506.3267675806792,1.086453457757479
-506.3166890449552,1.178668349095432
-506.3066105092312,1.275628391918153
-506.2965319735071,1.377251967973254
-506.2864534377831,1.48342049220001
-506.276374902059,1.593977432166041
-506.266296366335,1.708727784459096
-506.256217830611,1.827571924385812
-506.2461392948869,1.950004757896313
-506.2360607591629,2.075825730708742
-506.2259822234388,2.204692873649922
-506.2159036877148,2.336231428044842
-506.2058251519908,2.470036646810325
-506.1957466162667,2.605677140628204
-506.1856680805427,2.742698736692586
-506.1755895448186,2.880628805285642
-506.1655110090946,3.018980997553538
-506.1554324733706,3.157260326659575
-506.1453539376465,3.294968514317589
-506.1352754019225,3.431609515877771
-506.1251968661984,3.566695129952221
-506.1151183304744,3.699750593301022
-506.1050397947504,3.830320058583058
-506.0949612590263,3.957971851790895
-506.0848827233023,4.082303407858547
-506.0748041875782,4.202945787112881
-506.0647256518542,4.319567681920947
-506.0546471161302,4.431878831980707
-506.0445685804061,4.539632778051443
-506.034490044682,4.642628897290292
-506.024411508958,4.740713678452507
-506.014332973234,4.833781211663517
-506.00425443751,4.921772884866574
-505.9941759017859,5.009650319615346
-505.9840973660618,5.09740764601689
-505.9740188303378,5.180069429530086
-505.9639402946138,5.257674302823701
-505.9538617588898,5.330298095124612
-505.9437832231657,5.398050460596683
-505.9337046874416,5.461071068202058
-505.9236261517176,5.519525447538454
-505.9135476159936,5.573600591906289
-505.9034690802696,5.623500423798077
-505.8933905445455,5.669441228985085
-505.8833120088214,5.711647163359834
-505.8732334730974,5.75034593172969
-505.8631549373734,5.785764729993044
-505.8530764016493,5.818126531803771
-505.8429978659252,5.847646788264577
-505.8329193302012,5.874530594783987
-505.8228407944772,5.898970363446133
-505.8127622587532,5.921144022586448
-505.8026837230291,5.941213748280274
-505.792605187305,5.959325215689264
-505.782526651581,5.975607342220309
-505.772448115857,5.990172479757799
-505.762369580133,6.003117000313728
-505.7522910444089,6.014522208723608
-505.7422125086848,6.024455507847352
-505.7321339729608,6.03297173637431
-505.7220554372368,6.040114596945195
-505.7119769015127,6.04591809295357
-505.7018983657887,6.050407896032759
-505.6918198300646,6.053602572724696
-505.6817412943406,6.055514607919229
-505.6716627586166,6.056151174009856
-505.6615842228925,6.060488630599036
-505.6515056871685,6.068486803406958
-505.6414271514444,6.075089301954723
-505.6313486157204,6.080209875379899
-505.6212700799964,6.08375854543899
-505.6111915442723,6.085641466401506
-505.6011130085483,6.085760524931353
-505.5910344728242,6.084012728367867
-505.5809559371002,6.080289440494345
-505.5708774013762,6.074475532216816
-505.5607988656521,6.066448520274462
-505.5507203299281,6.056211647512635
-505.540641794204,6.043391878086243
-505.53056325848,6.027948412630722
-505.520484722756,6.009724956420168
-505.5104061870319,5.988556340652142
-505.5003276513079,5.964269149575244
-505.4902491155838,5.936682779228532
-505.4801705798598,5.905610949754648
-505.4700920441358,5.870863678007448
-505.4600135084117,5.832249701413756
-505.4499349726877,5.789579328299832
-505.4398564369636,5.742667674683417
-505.4297779012396,5.691338233365435
-505.4196993655156,5.635426708495937
-505.4096208297915,5.574785038044175
-505.3995422940675,5.509285518112677
-505.3894637583434,5.438824937059545
-505.3793852226194,5.363328624105123
-505.3693066868954,5.282754316580517
-505.3592281511714,5.197095752215648
-505.3491496154473,5.106385897763044
-505.3390710797232,5.015673755304818
-505.3289925439992,4.925040746416189
-505.3189140082752,4.82960288132237
-505.3088354725512,4.729498657236626
-505.2987569368271,4.624916368392542
-505.288678401103,4.516094721040705
-505.278599865379,4.403322711731981
-505.268521329655,4.286938765776491
-505.258442793931,4.167329148275162
-505.2483642582069,4.044925674819074
-505.2382857224828,3.920202762451705
-505.2282071867588,3.793673873454257
-505.2181286510348,3.665887414670175
-505.2080501153108,3.537422163226648
-505.1979715795867,3.408882295506317
-505.1878930438626,3.280892100015033
-505.1778145081386,3.154090456398274
-505.1677359724146,3.029125162368159
-505.1576574366906,2.9066471878671
-505.1475789009665,2.78730493162321
-505.1375003652424,2.671738549603262
-505.1274218295184,2.560574418035303
-505.1173432937944,2.454419785972929
-505.1072647580704,2.35385766413771
-505.0971862223463,2.259441988336279
-505.0871076866222,2.171693087423245
-505.0770291508982,2.090987088262712
-505.0669506151742,2.017999668632832
-505.0568720794502,1.952993625968723
-505.0467935437261,1.896317100071371
-505.036715008002,1.848266917571885
-505.026636472278,1.809086157718681
-505.016557936554,1.778962057334545
-505.0064794008299,1.758024249926685
-504.9964008651059,1.746343334643839
-504.9863223293818,1.743929772461432
-504.9762437936578,1.750733109450177
-504.9661652579338,1.766641530023831
-504.9560867222097,1.791481746422243
-504.9460081864857,1.825019234106404
-504.9359296507616,1.866958825958708
-504.9258511150376,1.916945680936178
-504.9157725793136,1.974566644875477
-504.9056940435895,2.03935202228018
-504.8956155078655,2.110777777951594
-504.8855369721414,2.188268186114403
-504.8754584364174,2.271198942145384
-504.8653799006934,2.35890074809684
-504.8553013649693,2.450663377930181
-504.8452228292453,2.545740221808066
-504.8351442935212,2.643353301058337
-504.8250657577972,2.742698736692586
-504.8149872220731,2.84295264485551
-504.8049086863491,2.943277422555796
-504.7948301506251,3.042828376774237
-504.784751614901,3.14076063987067
-504.774673079177,3.236236304441128
-504.7645945434529,3.328431701734131
-504.7545160077289,3.416544739735239
-504.7444374720049,3.499695820761974
-504.7343589362808,3.577382639081459
-504.7242804005568,3.648778219122379
-504.7142018648327,3.713238929127428
-504.7041233291087,3.770176839732696
-504.6940447933847,3.819065434653895
-504.6839662576606,3.85944470578509
-504.6738877219366,3.890925549917166
-504.6638091862125,3.913193393656722
-504.6537306504885,3.926010984339137
-504.6436521147645,3.929220297547339
-504.6335735790404,3.927717548667612
-504.6234950433163,3.921467360297494
-504.6134165075923,3.905502348607262
-504.6033379718683,3.879908131905114
-504.5932594361443,3.844847504893504
-504.5831809004202,3.800557733653581
-504.5731023646961,3.747346991206735
-504.5630238289721,3.685589990900787
-504.5529452932481,3.615722888394172
-504.5428667575241,3.538237535035533
-504.5327882218,3.453675175691411
-504.5227096860759,3.362619692343598
-504.5126311503519,3.265690500896957
-504.5025526146279,3.163535212503406
-504.4924740789039,3.05682217227298
-504.4823955431798,2.946232987523437
-504.4723170074557,2.832455154787957
-504.4622384717317,2.716174889783075
-504.4521599360077,2.59807025761147
-504.4420814002837,2.478804691854894
-504.4320028645595,2.359020981154435
-504.4219243288355,2.239229401053875
-504.4118457931115,2.120250442534519
-504.4017672573875,2.002501639329676
-504.3916887216635,1.886495358729048
-504.3816101859393,1.77270204149244
-504.3715316502153,1.661547998593143
-504.3614531144913,1.553413880439618
-504.3513745787673,1.448633800613284
-504.3412960430433,1.34749508602574
-504.3312175073191,1.250238616449371
-504.3211389715951,1.157059708732647
-504.3110604358711,1.068109494757294
-504.3009819001471,0.9834967373711208
-504.2909033644231,0.9032900251421252
-504.2808248286989,0.8275202847957837
-504.2707462929749,0.7561835495553803
-504.2606677572509,0.6892439222144663
-504.2505892215269,0.6266366735172522
-504.2405106858029,0.5682714191749996
-504.2304321500787,0.5140353224589052
-504.2203536143547,0.4637962736290165
-504.2102750786307,0.4174060023272602
-504.2001965429067,0.3747030843245671
-504.1901180071827,0.3355158095163336
-504.1800394714585,0.2996648836644806
-504.1699609357345,0.2669659419571899
-504.1598824000105,0.2372318578818261
-504.1498038642865,0.2102748360809144
-504.1397253285625,0.1859082827002707
-504.1296467928383,0.1639484511745138
-504.1195682571143,0.144215865377251
-504.1094897213903,0.126536525556759
-504.0994111856663,0.1107429054640928
-504.0893326499423,0.09667475155454631
-504.0792541142181,0.08417969711336537
-504.0691755784941,0.07311370564158684
-504.0590970427701,0.06334135886610155
-504.0490185070461,0.05473600534500135
-504.0389399713221,0.0471797858659538
-504.0288614355979,0.0405635517264224
-504.0187828998739,0.03478669158672614
-504.0087043641499,0.02975688194751483
-503.9986258284259,0.02538977546878197
-503.9885472927019,0.02160864036278469
-503.9784687569777,0.01834396300018438
-503.9683902212537,0.01553302470593057
-503.9583116855297,0.01311946252352256
-503.9482331498057,0.01105282252367564
-503.9381546140817,0.009288113052070905
-503.9280760783575,0.007785364172343802
-503.9179975426335,0.006509198482033218
-503.9079190069095,0.005428417474063007
-503.8978404711855,0.004515606693877821
-503.8877619354615,0.003746762108598342
-503.8776833997374,0.003100939362470538
-503.8676048640133,0.002559926942821188
-503.8575263282893,0.002107943720873442
-503.8474477925653,0.001731360858518526
-503.8373692568413,0.001418447680495582
-503.8272907211172,0.001159140795391347
-503.8172121853931,0.0009448355017315072
-503.8071336496691,0.0007681983300910116
-503.7970551139451,0.0006229994413446301
-503.7869765782211,0.0005039635177132804
-503.776898042497,0.0004066377401675129
-503.7668195067729,0.0003272754364208804
-503.7567409710489,0.0002627340020380474
-503.7466624353249,0.0002103857374797251
-503.7365838996008,0.000168040301162887
-503.7265053638767,0.0001338775483706413
-503.7164268281527,0
-375.8399655615268,0.0001338775483706413
-375.8298870258027,0.000168040301162887
-375.8198084900786,0.0003442632858503664
-375.8097299543546,0.000698529399942217
-375.7996514186306,0.0008737417762263795
-375.7895728829066,0.001090143217165011
-375.7794943471825,0.001356706958210256
-375.7694158114584,0.001818065602724545
-375.7593372757344,0.002253477629302205
-375.7492587400104,0.002786147715982423
-375.7391802042864,0.003436072010209667
-375.7291016685623,0.004226955278829993
-375.7190231328382,0.005454565494281683
-375.7089445971142,0.00748798240241462
-375.6988660613902,0.009447950982353561
-375.6887875256662,0.01169754371012291
-375.6787089899421,0.0142871786560903
-375.668630454218,0.01740832257779821
-375.658551918494,0.02116054433940946
-375.64847338277,0.02566002115735109
-375.638394847046,0.03104189683887976
-375.6283163113219,0.0375967743578336
-375.6182377755978,0.04527225402641771
-375.6081592398738,0.0543850612332524
-375.5980807041498,0.06517693892218865
-375.5880021684257,0.07792485223078269
-375.5779236327017,0.09294511194637677
-375.5678450969776,0.1105978042530182
-375.5577665612536,0.1312915188026196
-375.5476880255296,0.155889992987064
-375.5376094898055,0.1843472197796747
-375.5275309540815,0.217338481667432
-375.5174524183574,0.2556322995480406
-375.5073738826334,0.3002357903905795
-375.4972953469094,0.3517722764506394
-375.4872168111853,0.4113043390410945
-375.4771382754613,0.4793587107542229
-375.4670597397372,0.5576446751200416
-375.4569812040132,0.6469274483568294
-375.4469026682892,0.7487710987779616
-375.4368241325651,0.8649165515173824
-375.4267455968411,0.9968982156362015
-375.416667061117,1.146095923928351
-375.406588525393,1.314468628907716
-375.396509989669,1.504135798337883
-375.3864314539449,1.717250334835653
-375.3763529182209,1.956104977736667
-375.3662743824968,2.223130786379974
-375.3561958467728,2.520893923836454
-375.3461173110488,2.852090577060245
-375.3360387753247,3.21953985991312
-375.3259602396007,3.626174560139249
-375.3158817038766,4.075029610321693
-375.3058031681526,4.569228186214747
-375.2957246324286,5.111965363598983
-375.2856460967045,5.706489296817263
-375.2755675609805,6.35607991816749
-375.2654890252564,7.064025196969752
-375.2554104895324,7.833595039878823
-375.2453319538084,8.668012959232522
-375.2352534180843,9.570425683139561
-375.2251748823603,10.54387092872691
-375.2150963466362,11.59124360748942
-375.2050178109122,12.71526077793128
-375.1949392751882,13.91842570451246
-375.1848607394641,15.20299142212935
-375.1747822037401,16.57092424077801
-375.164703668016,18.02386765450784
-375.154625132292,19.56310714117572
-375.144546596568,21.18953635386028
-375.1344680608439,22.90362521023537
-375.1243895251199,24.70539038205154
-375.1143109893958,26.59436867266331
-375.1042324536718,28.56959374603296
-375.0941539179478,30.62957663587613
-375.0840753822237,32.77229041889249
-375.0739968464997,34.99515938195647
-375.0639183107756,37.29505295061418
-375.0538397750516,39.66828457641618
-375.0437612393276,42.11061570494705
-375.0336827036035,44.61726486655866
-375.0236041678795,47.18292184962993
-375.0135256321554,49.80176683367152
-375.0034470964314,52.46749427885923
-374.9933685607074,55.17334129173521
-374.9832900249833,57.91212011594215
-374.9732114892593,60.6762543339192
-374.9631329535352,63.45781831228194
-374.9530544178112,66.24857938167482
-374.9429758820872,69.04004221246207
-374.9328973463631,71.8234948315861
-374.9228188106391,74.59502974642673
-374.912740274915,77.34560570246089
-374.902661739191,80.06606984490962
-374.892583203467,82.75715391107718
-374.8825046677429,85.40457614750611
-374.8724261320189,87.9890750159945
-374.8623475962948,90.50145404148478
-374.8522690605708,92.93765291763009
-374.8421905248468,95.28880455317152
-374.8321119891227,97.54127613802781
-374.8220334533987,99.686694154946
-374.8119549176746,101.71700705989
-374.8018763819506,103.634467661688
-374.7917978462265,105.4615375725087
-374.7817193105025,107.1909509010904
-374.7716407747785,108.7907211357027
-374.7615622390544,110.2441574154908
-374.7514837033304,111.5400267736292
-374.7414051676063,112.6726253732732
-374.7313266318823,113.6368361961465
-374.7212480961583,114.4281590467374
-374.7111695604342,115.0477128168147
-374.7010910247102,115.4922759844166
-374.6910124889861,115.7543114695953
-374.6809339532621,115.8319756433468
-374.6708554175381,115.7241649604656
-374.6607768818141,115.4305338357556
-374.65069834609,114.9515093910639
-374.6406198103659,114.2883026901631
-374.6305412746419,113.4578381238059
-374.6204627389179,112.4677727673002
-374.6103842031939,111.3065101722358
-374.6003056674697,109.9731544403356
-374.5902271317457,108.4825134039072
-374.5801485960217,106.8500862436103
-374.5700700602977,105.0869938434343
-374.5599915245736,103.1899683708056
-374.5499129888495,101.1612962185027
-374.5398344531255,99.0088216653658
-374.5297559174015,96.73098478662794
-374.5196773816775,94.34669549776982
-374.5095988459534,91.88028355773741
-374.4995203102293,89.33645751356963
-374.4894417745053,86.71022988438989
-374.4793632387813,84.00686287182323
-374.4692847030573,81.23686429065343
-374.4592061673332,78.41094193092255
-374.4491276316091,75.53992904554786
-374.4390490958851,72.63470785233366
-374.4289705601611,69.70613202046994
-374.4188920244371,66.76494914949681
-374.408813488713,63.82172426490234
-374.3987349529889,60.88676534858973
-374.3886564172649,57.97005189461162
-374.3785778815409,55.08116743165327
-374.3684993458168,52.22923688515289
-374.3584208100928,49.42286956560161
-374.3483422743687,46.67010846783436
-374.3382637386447,43.97838645173642
-374.3281852029207,41.354489750753
-374.3181066671966,38.80452912407119
-374.3080281314726,36.33391883459054
-374.2979495957485,33.94736350103171
-374.2878710600245,31.64885274185088
-374.2777925243005,29.44166340393235
-374.2677139885764,27.32836905294128
-374.2576354528524,25.31085629701882
-374.2475569171283,23.39034742308629
-374.2374783814043,21.56742874687037
-374.2273998456803,19.84208401490484
-374.2173213099562,18.21373214979975
-374.2072427742322,16.68126859915823
-374.1971642385082,15.24310953341499
-374.1870857027841,13.89723813794285
-374.17700716706,12.64125225906298
-374.166928631336,11.47241269085411
-374.156850095612,10.38769142840824
-374.146771559888,9.383819261773446
-374.1366930241639,8.457332141490108
-374.1266144884398,7.604615809538755
-374.1165359527158,6.821948256842957
-374.1064574169918,6.105539638420449
-374.0963788812678,5.45156934814998
-374.0863003455437,4.856220025344496
-374.0762218098196,4.315708333474271
-374.0661432740956,3.826312416225587
-374.0560647383716,3.384395996566171
-374.0459862026476,2.986429139774695
-374.0359076669235,2.629005750840994
-374.0258291311994,2.308857919819416
-374.0157505954754,2.022867265374746
-374.0056720597514,1.767967067226494
-373.9955935240274,1.541595787505155
-373.9855149883033,1.340885272038326
-373.9754364525792,1.163398316015595
-373.9653579168552,1.007180552918358
-373.9552793811312,0.8698417632880353
-373.9452008454072,0.7494211011139881
-373.9351223096831,0.6440081184270104
-373.925043773959,0.5521845330768974
-373.914965238235,0.4723086521918669
-373.904886702511,0.4030094793237454
-373.8948081667869,0.343045150542204
-373.8847296310629,0.2910821827783452
-373.8746510953388,0.2459442536267007
-373.8645725596148,0.207659153291098
-373.8544940238908,0.1749888445069311
-373.8444154881667,0.1471919822697
-373.8343369524427,0.1235071152137305
-373.8242584167186,0.1033792658873452
-373.8141798809946,0.08631935042888124
-373.8041013452706,0.07189782477798812
-373.7940228095465,0.05963231818628398
-373.7839442738225,0.04942966769943417
-373.7738657380984,0.04087182158858831
-373.7637872023744,0.03371244756090021
-373.7537086666504,0.02773870893324433
-373.7436301309263,0.02276730134632975
-373.7335515952023,0.01864085830670544
-373.7234730594782,0.01522470817019365
-373.7133945237542,0.01208479401926826
-373.7033159880302,0.009721533893857385
-373.6932374523061,0.007888373524502282
-373.6831589165821,0.006384973159041794
-373.673080380858,0.004942467693857502
-373.663001845134,0.003770569594890871
-373.65292330941,0.002714508213383354
-373.6428447736859,0.002181687150247532
-373.6327662379619,0.001536248917494473
-373.6226877022378,0.001229971816802997
-373.6126091665138,0.0009822617377096686
-373.6025306307898,0.0005696729462748108
-373.5924520950657,0.0001338775483706413
-373.5823735593417,0
-267.0220153490614,0.0001338775483706413
-267.0119368133373,0.000168040301162887
-267.0018582776133,0.0002103857374797251
-266.9917797418892,0.0002627340020380474
-266.9817012061652,0.0004611529847915217
-266.9716226704412,0.0007085555897010412
-266.9615441347171,0.0008823895563558925
-266.9514655989931,0.001096119180862403
-266.941387063269,0.001358207768549939
-266.931308527545,0.001678748678319901
-266.921229991821,0.00206974205327214
-266.9111514560969,0.002545410639553493
-266.9010729203729,0.003122558629954167
-266.8909943846489,0.003820977552695961
-266.8809158489248,0.004663903239944043
-266.8708373132008,0.005678527838357468
-266.8607587774767,0.006896570647612449
-266.8506802417527,0.008354911273269788
-266.8406017060287,0.01009628813775764
-266.8305231703046,0.01217006478732494
-266.8204446345806,0.01463306564341268
-266.8103660988565,0.01755048185454707
-266.8002875631325,0.02099684669161647
-266.7902090274085,0.02505707847961879
-266.7801304916844,0.02982758736030759
-266.7700519559604,0.03541744022459908
-266.7599734202363,0.04194957593853125
-266.7498948845123,0.04956206051598018
-266.7398163487883,0.05840936917696797
-266.7297378130642,0.0686636792928411
-266.7196592773402,0.08051615508939147
-266.7095807416161,0.09417820169752047
-266.6995022058921,0.1098826627612981
-266.6894236701681,0.1278849324003425
-266.679345134444,0.1484639489547354
-266.66926659872,0.1719230347057416
-266.6591880629959,0.1987244203138721
-266.6491095272719,0.2291221875247292
-266.6390309915479,0.26337001610309
-266.6289524558238,0.3019823878717209
-266.6188739200998,0.3453929092808845
-266.6087953843757,0.3940598528954982
-266.5987168486517,0.4484648683596471
-266.5886383129277,0.509111211774894
-266.5785597772036,0.5765214562803903
-266.5684812414796,0.6512346513710876
-266.5584027057555,0.7338029045946414
-266.5483241700315,0.8247873667631945
-266.5382456343075,0.9247536107052902
-266.5281670985834,1.034266403830079
-266.5180885628594,1.153883886303414
-266.5080100271353,1.284151179321192
-266.4979314914113,1.425593461640148
-266.4878529556872,1.578708566973219
-266.4777744199632,1.743959169811243
-266.4676958842392,1.921764642385785
-266.4576173485151,2.112492680488754
-266.4475388127911,2.316450810327254
-266.437460277067,2.533877902102887
-266.427381741343,2.764935828131009
-266.417303205619,3.009701413616733
-266.4072246698949,3.268158836245101
-266.3971461341709,3.540192636104668
-266.3870675984468,3.825715377309497
-266.3769890627228,4.124161021492621
-266.3669105269988,4.435189703239272
-266.3568319912747,4.758237222683258
-266.3467534555507,5.092619933411375
-266.3366749198266,5.437534750518402
-266.3265963841026,5.792060768868274
-266.3165178483786,6.155162567776586
-266.3064393126545,6.525695250697501
-266.2963607769304,6.902411237907828
-266.2862822412064,7.28396879718346
-266.2762037054824,7.668942262712822
-266.2661251697584,8.055833856735594
-266.2560466340343,8.443086992455628
-266.2459680983102,8.829100901534693
-266.2358895625862,9.212246395843096
-266.2258110268622,9.590882542048011
-266.2157324911382,9.96337399996745
-266.2056539554141,10.3281087522681
-266.19557541969,10.68351593482743
-266.185496883966,11.02808346460189
-266.175418348242,11.3603751557057
-266.165339812518,11.67904701502212
-266.1552612767939,11.98286241628704
-266.1451827410698,12.27070586626664
-266.1351042053458,12.54159509826946
-266.1250256696218,12.79469125646499
-266.1149471338978,13.02930696880992
-266.1048685981737,13.24988616879009
-266.0947900624496,13.45602161968453
-266.0847115267256,13.64245633832153
-266.0746329910016,13.80906888951633
-266.0645544552775,13.96087032061039
-266.0544759195535,14.10298682464996
-266.0443973838294,14.23066656532927
-266.0343188481054,14.33925708727674
-266.0242403123814,14.42920722813924
-266.0141617766573,14.50108140892791
-266.0040832409333,14.55554645909339
-265.9940047052092,14.59335723388443
-265.9839261694852,14.61534132651567
-265.9738476337612,14.62238319251722
-265.9637690980371,14.61540801067563
-265.9536905623131,14.59536560406292
-265.9436120265891,14.56321473587726
-265.933533490865,14.51990807850217
-265.923454955141,14.46637813086268
-265.9133764194169,14.40352432954941
-265.9032978836929,14.33220156420294
-265.8932193479689,14.253210268354
-265.8831408122448,14.16728821446578
-265.8730622765207,14.07510409756133
-265.8629837407967,13.97725294681483
-265.8529052050727,13.87425336010473
-265.8428266693487,13.76654651398797
-265.8327481336246,13.65449686199029
-265.8226695979005,13.5383943985297
-265.8125910621765,13.41845833506218
-265.8025125264525,13.29484200984727
-265.7924339907285,13.16763883357407
-265.7823554550044,13.03688906025571
-265.7722769192803,12.90258716638032
-265.7621983835563,12.76468962117918
-265.7521198478323,12.62312283672815
-265.7420413121083,12.482765120629
-265.7319627763842,12.34844254214605
-265.7218842406601,12.21495088770821
-265.7118057049361,12.07704982478702
-265.7017271692121,11.93448286734073
-265.6916486334881,11.78701068352876
-265.681570097764,11.63441756022007
-265.6714915620399,11.47651694001438
-265.6614130263159,11.31315599773979
-265.6513344905919,11.14421925042413
-265.6412559548679,10.96963121951606
-265.6311774191438,10.78935818605481
-265.6210988834197,10.60340909808582
-265.6110203476957,10.41183570457208
-265.6009418119717,10.21473200118038
-265.5908632762476,10.01223308059667
-265.5807847405236,9.804513483550325
-265.5707062047995,9.591785146732889
-265.5606276690755,9.374295040620012
-265.5505491333515,9.152322584272767
-265.5404705976274,8.926176915999307
-265.5303920619034,8.696194088838004
-265.5203135261793,8.46273424873694
-265.5102349904553,8.226178841609295
-265.5001564547313,7.9869278836733
-265.4900779190072,7.745397318131364
-265.4799993832832,7.502016470739468
-265.4699208475591,7.262199630207766
-265.4598423118351,7.026357820823525
-265.4497637761111,6.789897024085557
-265.439685240387,6.553202825926517
-265.429606704663,6.316665187906744
-265.4195281689389,6.080677236136295
-265.4094496332149,5.845634012807369
-265.3993710974908,5.611931161571617
-265.3892925617668,5.379963523185048
-265.3792140260428,5.150123624227462
-265.3691354903187,4.922800048935491
-265.3590569545947,4.698509569454969
-265.3489784188706,4.477393937577129
-265.3388998831466,4.259926883332364
-265.3288213474226,4.046464506734041
-265.3187428116985,3.837349630836961
-265.3086642759745,3.632909752895095
-265.2985857402504,3.433455020240335
-265.2885072045264,3.239276270661576
-265.2784286688024,3.050643178414977
-265.2683501330783,2.86780254692717
-265.2582715973543,2.690976787805607
-265.2481930616302,2.52036262303349
-265.2381145259062,2.356130043331222
-265.2280359901822,2.19842155077516
-265.2179574544581,2.047351708065809
-265.2078789187341,1.903007010535509
-265.19780038301,1.765446090291815
-265.187721847286,1.634593865413532
-265.177643311562,1.510690025994273
-265.1675647758379,1.393581305477735
-265.1574862401139,1.283358232513998
-265.1474077043898,1.179615316869854
-265.1373291686658,1.082503283224652
-265.1272506329418,0.9920224649808345
-265.1171720972177,0.9079241584723758
-265.1070935614937,0.8300808077120289
-265.0970150257696,0.7583549419265309
-265.0869364900456,0.6926020517903478
-265.0768579543216,0.6326734871587204
-265.0667794185975,0.578419336776816
-265.0567008828735,0.5296912511980284
-265.0466223471494,0.4863451714494562
-265.0365438114254,0.4482439277525017
-265.0264652757014,0.4152596747576855
-265.0163867399773,0.3874100097533555
-265.0063082042533,0.3643586429021295
-264.9962296685292,0.3461261260849267
-264.9861511328052,0.332643783711992
-264.9760725970812,0.3238613674728053
-264.9659940613571,0.3197480234376602
-264.9559155256331,0.3202929488212138
-264.945836989909,0.3256396068378301
-264.935758454185,0.3355843911758237
-264.925679918461,0.3502852694962291
-264.9156013827369,0.3698135724057378
-264.9055228470129,0.3942594731946039
-264.8954443112888,0.4237307703029637
-264.8853657755648,0.4583513736348179
-264.8752872398408,0.498259509701483
-264.8652087041167,0.5436056640731857
-264.8551301683927,0.5945502831219015
-264.8450516326686,0.6513951380647505
-264.8349730969446,0.7140792776362904
-264.8248945612206,0.7827787440697545
-264.8148160254965,0.8577972600924066
-264.8047374897725,0.9395421995947631
-264.7946589540484,1.027812679147671
-264.7845804183244,1.122873039246203
-264.7745018826004,1.224868498209315
-264.7644233468763,1.333928792523001
-264.7543448111523,1.450165578192635
-264.7442662754282,1.573670030154304
-264.7341877397042,1.704510685509502
-264.7241092039802,1.842865451277425
-264.7140306682561,1.988518713686516
-264.7039521325321,2.141569116147318
-264.693873596808,2.301981201356445
-264.683795061084,2.469691482145185
-264.67371652536,2.644608561807562
-264.6636379896359,2.82661370247376
-264.6535594539118,3.015561841993822
-264.6434809181878,3.211283050860371
-264.6334023824638,3.413584411502981
-264.6233238467398,3.622252293028598
-264.6132453110157,3.83705498537375
-264.6031667752916,4.058013403190866
-264.5930882395676,4.284401601469165
-264.5830097038436,4.516168106911276
-264.5729311681196,4.753044330405458
-264.5628526323955,4.994761071979012
-264.5527740966714,5.240945863000099
-264.5426955609474,5.491574245478554
-264.5326170252234,5.746264371875927
-264.5225384894994,6.004781685454505
-264.5124599537753,6.266908077706149
-264.5023814180512,6.532444558398208
-264.4923028823272,6.801213499559519
-264.4822243466032,7.073060399594227
-264.4721458108792,7.347855122319791
-264.4620672751551,7.625492575439152
-264.451988739431,7.905892803556815
-264.441910203707,8.193974504772799
-264.431831667983,8.48966804076059
-264.421753132259,8.787914217476358
-264.4116745965349,9.088648849315705
-264.4015960608108,9.391826854970688
-264.3915175250868,9.69741983979044
-264.3814389893628,10.0054131791939
-264.3713604536387,10.31580265007785
-264.3612819179147,10.62859066587811
-264.3512033821906,10.94378217847071
-264.3411248464666,11.26138031628767
-264.3310463107426,11.58138183275216
-264.3209677750185,11.903772442328
-264.3108892392945,12.22852212308886
-264.3008107035704,12.5555804647413
-264.2907321678464,12.88487213951912
-264.2806536321224,13.21629257037942
-264.2705750963983,13.54970386657772
-264.2604965606743,13.88493109111942
-264.2504180249502,14.22175891793787
-264.2403394892262,14.56490275179731
-264.2302609535022,14.914020424944
-264.2201824177781,15.26371077132658
-264.2101038820541,15.61349909431973
-264.2000253463301,15.96286325912932
-264.189946810606,16.31123432823566
-264.1798682748819,16.65799769985178
-264.1697897391579,17.00249472527424
-264.1597112034339,17.34402477519108
-264.1496326677099,17.68184772025394
-264.1395541319858,18.01518678757772
-264.1294755962617,18.34323175232794
-264.1193970605377,18.66514242218768
-264.1093185248137,18.98005237222705
-264.0992399890897,19.29204691114527
-264.0891614533656,19.60018131081225
-264.0790829176415,19.89848552908193
-264.0690043819175,20.18595538318245
-264.0589258461935,20.46158385906756
-264.0488473104695,20.72436644238169
-264.0387687747454,20.97330641129421
-264.0286902390213,21.21239408257129
-264.0186117032973,21.44062605743607
-264.0085331675733,21.65201071518328
-263.9984546318493,21.84555993228531
-263.9883760961252,22.02032073426236
-263.9782975604011,22.17538078830697
-263.9682190246771,22.30987369870108
-263.9581404889531,22.42298409396804
-263.948061953229,22.51395249819845
-263.937983417505,22.5820799816356
-263.9279048817809,22.63170660999468
-263.9178263460569,22.66222976194363
-263.9077478103329,22.66810857936726
-263.8976692746088,22.64885453781908
-263.8875907388848,22.60903586928584
-263.8775122031607,22.54829581163322
-263.8674336674367,22.46135690101208
-263.8573551317127,22.34801126725147
-263.8472765959886,22.20815061350572
-263.8371980602646,22.04176975462208
-263.8271195245405,21.84896963636094
-263.8170409888165,21.62995977959272
-263.8069624530925,21.39003411663513
-263.7968839173684,21.12958623768276
-263.7868053816444,20.84411026362092
-263.7767268459203,20.53418728982053
-263.7666483101963,20.20051107543275
-263.7565697744722,19.84388685584837
-263.7464912387482,19.4652292146368
-263.7364127030242,19.0655589850147
-263.7263341673001,18.64599916343885
-263.7162556315761,18.20776983173707
-263.706177095852,17.75218209902572
-263.696098560128,17.28063109020898
-263.686020024404,16.80453606913949
-263.6759414886799,16.32535989894675
-263.6658629529559,15.83460044861625
-263.6557844172318,15.33375401790935
-263.6457058815078,14.82435831499186
-263.6356273457838,14.30798292553544
-263.6255488100597,13.78621932287352
-263.6154702743357,13.26067052507336
-263.6053917386116,12.73294051398561
-263.5953132028876,12.20462353854039
-263.5852346671636,11.67729342955199
-263.5751561314395,11.15249305590543
-263.5650775957155,10.6317240521223
-263.5549990599914,10.11643694489968
-263.5449205242674,9.608021801310567
-263.5348419885434,9.107799514039513
-263.5247634528193,8.616907439853289
-263.5146849170953,8.136739881627612
-263.5046063813712,7.668232954158455
-263.4945278456472,7.212360734638792
-263.4844493099232,6.769997216448404
-263.4743707741991,6.341913202776069
-263.4642922384751,5.928774279326856
-263.454213702751,5.531139865748932
-263.444135167027,5.149463328636406
-263.434056631303,4.784093122931373
-263.4239780955789,4.435274913586918
-263.4138995598549,4.103154615753807
-263.4038210241308,3.787782279764076
-263.3937424884068,3.489116737003698
-263.3836639526828,3.207030914540048
-263.3735854169587,2.941317720191146
-263.3635068812347,2.691696395631114
-263.3534283455106,2.457819233106517
-263.3433498097866,2.239278551328297
-263.3332712740626,2.035613827995975
-263.3231927383385,1.846212500452901
-263.3131142026145,1.670764736922582
-263.3030356668904,1.508561550656093
-263.2929571311664,1.359003012551255
-263.2828785954424,1.221470960174106
-263.2728000597183,1.095335245001598
-263.2627215239943,0.9799595892466778
-263.2526429882702,0.8747070109933908
-263.2425644525462,0.7789447861594002
-263.2324859168222,0.6920489253642345
-263.2224073810981,0.6134081529350849
-263.2123288453741,0.5424273838743731
-263.20225030965,0.4785307025172437
-263.192171773926,0.4211638537229315
-263.182093238202,0.3696898740951979
-263.1720147024779,0.3238382818079552
-263.1619361667539,0.2829973113296079
-263.1518576310298,0.2467160583451593
-263.1417790953058,0.2145710365196198
-263.1317005595818,0.1861662840943823
-263.1216220238577,0.1611331790934325
-263.1115434881337,0.139023610006879
-263.1014649524096,0.119756934050956
-263.0913864166856,0.102910217335781
-263.0813078809616,0.08821862524001244
-263.0712293452375,0.07544046310922913
-263.0611508095135,0.06435599977013989
-263.0510722737894,0.05476622374341716
-263.0409937380654,0.04649155692358357
-263.0309152023414,0.0393705477625726
-263.0208366666173,0.03325856325517119
-263.0107581308933,0.02792010672957876
-263.0006795951692,0.02347517158022236
-262.9906010594452,0.01968910190703621
-262.9805225237212,0.01647280422314925
-262.9704439879971,0.01364139640541107
-262.960365452273,0.01136079846583929
-262.950286916549,0.009437851127923154
-262.940208380825,0.007820799653617564
-262.930129845101,0.006464612726979123
-262.9200513093769,0.005330239623122103
-262.9099727736528,0.004383927742909771
-262.8998942379288,0.003596599265407693
-262.8898157022048,0.002836895360991164
-262.8797371664808,0.002318281590782694
-262.8696586307567,0.001889671003463014
-262.8595800950326,0.001536396660182023
-262.8495015593086,0.00124599888268926
-262.8394230235846,0.001007927035426561
-262.8293444878606,0.0008132754803350258
-262.8192659521365,0.0006545508728417607
-262.8091874164124,0.0005254680040760949
-262.7991088806884,0.0004207714749594502
-262.7890303449644,0.000336080602325774
-262.7789518092404,0.0002677550967412826
-262.7688732735162,0
-173.5435965085857,0.0001338775483706413
-173.5335179728616,0.000168040301162887
-173.5234394371376,0.0002103857374797251
-173.5133609014135,0.0002627340020380474
-173.5032823656895,0.0004611529847915217
-173.4932038299655,0.0005746780413303998
-173.4831252942414,0.0007143492551930055
-173.4730467585174,0.0008857334433826776
-173.4629682227933,0.001229351314882533
-173.4528896870693,0.00178726863980319
-173.4428111513452,0.002343448201280768
-173.4327326156212,0.003026870448371238
-173.4226540798972,0.003730728667749124
-173.4125755441731,0.004854842671873278
-173.4024970084491,0.00649790697052811
-173.392418472725,0.008111036924307343
-173.382339937001,0.009937972692935814
-173.372261401277,0.01241537325093766
-173.3621828655529,0.01581893355940977
-173.3521043298289,0.01941650490926658
-173.3420257941048,0.02375216403229283
-173.3319472583808,0.02883097852469459
-173.3218687226568,0.03491509908844972
-173.3117901869327,0.04218570593558345
-173.3017116512087,0.05085292406764054
-173.2916331154846,0.06115972162781824
-173.2815545797606,0.0733861993886404
-173.2714760440366,0.08785428672347045
-173.2613975083125,0.1049328553446661
-173.2513189725885,0.125043256966303
-173.2412404368644,0.1486652847662475
-173.2311619011404,0.1763435509912837
-173.2210833654164,0.2086942641938737
-173.2110048296923,0.246412379352199
-173.2009262939683,0.2902790824722054
-173.1908477582442,0.3411695581963482
-173.1807692225202,0.4000609744782718
-173.1706906867962,0.4680406025959382
-173.1606121510721,0.5463139737840879
-173.1505336153481,0.6362129557379762
-173.140455079624,0.7392036133978429
-173.1303765439,0.8568936990510069
-173.120298008176,0.9910395972319321
-173.1102194724519,1.143552530569927
-173.1001409367279,1.316503814102595
-173.0900624010038,1.512128928175038
-173.0799838652798,1.73283016447086
-173.0699053295558,1.981177586611155
-173.0598267938317,2.260041914340128
-173.0497482581077,2.572089954115028
-173.0396697223836,2.920621709603632
-173.0295911866596,3.30861296307028
-173.0195126509356,3.739653016160211
-173.0094341152115,4.216981012026849
-172.9993555794875,4.744283080321927
-172.9892770437634,5.325222885372559
-172.9791985080394,5.963656235993699
-172.9691199723154,6.663234034021533
-172.9590414365913,7.428111844803426
-172.9489629008673,8.261302272556348
-172.9388843651432,9.166760840190532
-172.9288058294192,10.14786477998003
-172.9187272936952,11.20805184535625
-172.9086487579711,12.35042800188777
-172.8985702222471,13.57782014014198
-172.888491686523,14.89285421535697
-172.878413150799,16.29739672859115
-172.868334615075,17.79320580026048
-172.8582560793509,19.38142580710854
-172.8481775436269,21.06263700824383
-172.8380990079028,22.83680071842142
-172.8280204721788,24.7032074293444
-172.8179419364548,26.66042893215072
-172.8078634007307,28.70627551900809
-172.7977848650067,30.83775934709167
-172.7877063292826,33.05106503228789
-172.7776277935586,35.34152850121757
-172.7675492578346,37.70362506750786
-172.7574707221105,40.13096761106058
-172.7473921863865,42.61631562731181
-172.7373136506624,45.15159577771142
-172.7272351149384,47.72793441404941
-172.7171565792143,50.33570236966361
-172.7070780434903,52.9645721124596
-172.6969995077663,55.60358714118679
-172.6869209720422,58.24124328124964
-172.6768424363182,60.86558130374066
-172.6667639005941,63.46429005606495
-172.6566853648701,66.02481905954595
-172.6466068291461,68.53449930406973
-172.636528293422,70.9806707575765
-172.626449757698,73.35578893713449
-172.6163712219739,75.64757476758237
-172.6062926862499,77.8391520079429
-172.5962141505258,79.9191701418239
-172.5861356148018,81.88193830404185
-172.5760570790778,83.7175680303953
-172.5659785433537,85.41209487525627
-172.5559000076297,86.95757674586035
-172.5458214719056,88.35219465142333
-172.5357429361816,89.60030200235948
-172.5256644004576,90.69749915063208
-172.5155858647335,91.63566430177039
-172.5055073290095,92.40800561219319
-172.4954287932854,93.0190691922424
-172.4853502575614,93.48967813799068
-172.4752717218374,93.8169727121184
-172.4651931861133,93.98436272333419
-172.4551146503893,94.00142017739152
-172.4450361146652,93.89879788490832
-172.4349575789412,93.67821333463023
-172.4248790432172,93.32730842018066
-172.4148005074931,92.84953238326963
-172.4047219717691,92.2491325833317
-172.394643436045,91.53603048714605
-172.384564900321,90.72070270308176
-172.374486364597,89.81402941824823
-172.3644078288729,88.82713879569151
-172.3543292931489,87.77124998682258
-172.3442507574248,86.65751743624563
-172.3341722217008,85.49687912416884
-172.3240936859768,84.29991130630626
-172.3140151502527,83.07669217453382
-172.3039366145287,81.8366766766402
-172.2938580788046,80.58858450452877
-172.2837795430806,79.34030299237658
-172.2737010073566,78.09880636561054
-172.2636224716325,76.87009245489205
-172.2535439359085,75.65913764391594
-172.2434654001844,74.46987046339166
-172.2333868644604,73.3051638839038
-172.2233083287364,72.16684600524066
-172.2132297930123,71.05572849680921
-172.2031512572883,69.97165182010096
-172.1930727215642,68.91354596645337
-172.1829941858402,67.87950517747423
-172.1729156501162,66.86687488651985
-172.1628371143921,65.87234893167577
-172.1527585786681,64.89207494687003
-172.142680042944,63.92673976276733
-172.13260150722,62.97169864775748
-172.122522971496,62.02206643387242
-172.1124444357719,61.0728343878349
-172.1023659000479,60.11898471540815
-172.0922873643238,59.15560068245009
-172.0822088285998,58.17299646821618
-172.0721302928758,57.16679900443209
-172.0620517571517,56.13803407267481
-172.0519732214277,55.08818946746047
-172.0418946857036,54.029188677601
-172.0318161499796,52.95845897027367
-172.0217376142556,51.85897233780741
-172.0116590785315,50.72425909918012
-172.0015805428075,49.54851527326818
-171.9915020070834,48.33161939599383
-171.9814234713594,47.07415082987558
-171.9713449356354,45.78234418968077
-171.9612663999113,44.45807282229595
-171.9511878641873,43.09880866351613
-171.9411093284632,41.70755965579949
-171.9310307927392,40.28783974188953
-171.9209522570152,38.84360672039565
-171.9108737212911,37.3791953432388
-171.9007951855671,35.899247071665
-171.890716649843,34.40863789251293
-171.880638114119,32.91240555418341
-171.8705595783949,31.41567751473111
-171.8604810426709,29.92360080553835
-171.8504025069469,28.44127490634012
-171.8403239712228,26.97368860438584
-171.8302454354988,25.52566167583462
-171.8201668997747,24.10179208471995
-171.8100883640507,22.70640924757971
-171.8000098283266,21.34353376358981
-171.7899312926026,20.01684386402523
-171.7798527568786,18.72964869408401
-171.7697742211545,17.48486840720968
-171.7596956854305,16.28502092931972
-171.7496171497064,15.13221513968127
-171.7395386139824,14.02815011803337
-171.7294600782584,12.97412002498133
-171.7193815425343,11.97102411530248
-171.7093030068103,11.01927494222078
-171.6992244710862,10.11926455971171
-171.6891459353622,9.270677571217522
-171.6790673996382,8.473017240634302
-171.6689888639141,7.72539213044348
-171.6589103281901,7.026992168700052
-171.648831792466,6.376409156441639
-171.638753256742,5.772168015470069
-171.628674721018,5.212516363034608
-171.6185961852939,4.695688689015562
-171.6085176495699,4.220014728074229
-171.5984391138458,3.783371449233737
-171.5883605781218,3.38381637438141
-171.5782820423978,3.018923553838913
-171.5682035066737,2.686642892042733
-171.5581249709497,2.385452632935793
-171.5480464352256,2.112992061830342
-171.5379678995016,1.866893475231324
-171.5278893637776,1.645125190089289
-171.5178108280535,1.44658327602923
-171.5077322923295,1.268900656336945
-171.4976537566054,1.110432771912537
-171.4875752208814,0.9693867761163959
-171.4774966851574,0.8441934651618628
-171.4674181494333,0.7333762815973164
-171.4573396137093,0.635552776449712
-171.4472610779852,0.5494348151206035
-171.4371825422612,0.4738276885169286
-171.4271040065372,0.4076282869677506
-171.4170254708131,0.3498224882182223
-171.4069469350891,0.2994819026419067
-171.396868399365,0.2557601091946572
-171.386789863641,0.2178885049451402
-171.376711327917,0.1851718796253259
-171.3666327921929,0.1569838148795959
-171.3565542564689,0.1327619960452346
-171.3464757207448,0.1120035126212132
-171.3363971850208,0.09426021228673102
-171.3263186492968,0.07913416258637362
-171.3162401135727,0.06627326433729047
-171.3061615778487,0.05536705153217868
-171.2960830421246,0.04614270407434413
-171.2860045064006,0.03836129212297224
-171.2759259706766,0.03181426415804168
-171.2658474349525,0.0263201850836936
-171.2557688992285,0.02172172574730277
-171.2456903635044,0.0178829011159286
-171.2356118277804,0.01468655096855108
-171.2255332920564,0.01192566466604788
-171.2154547563323,0.009748935224865717
-171.2053762206083,0.007843600099065907
-171.1952976848842,0.006382786288121239
-171.1852191491602,0.005074884216705415
-171.1751406134362,0.00411127042357767
-171.1650620777121,0.003322416018774542
-171.1549835419881,0.002678305739642864
-171.144905006264,0.002047356822630973
-171.13482647054,0.001536935673469808
-171.124747934816,0.0008058813672468085
-171.1146693990919,0.0005405152885381542
-171.1045908633679,0.0003272754364208804
-171.0945123276438,0.0002627340020380474
-171.0844337919198,0.0002103857374797251
-171.0743552561958,0.000168040301162887
-171.0642767204717,0.0001338775483706413
-171.0541981847477,0
-89.84135732042924,0.0001338775483706413
-89.8312787847052,0.000168040301162887
-89.82120024898116,0.0002103857374797251
-89.81112171325711,0.0002627340020380474
-89.80104317753307,0.0003272754364208804
-89.79096464180904,0.0004066377401675129
-89.78088610608501,0.0005039635177132804
-89.77080757036096,0.0006229994413446301
-89.76072903463692,0.0007681983300910116
-89.75065049891288,0.0009448355017315072
-89.74057196318883,0.001159140795391347
-89.73049342746479,0.001418447680495582
-89.72041489174076,0.001731360858518526
-89.71033635601673,0.002107943720873442
-89.70025782029268,0.002559926942821188
-89.69017928456863,0.003100939362470538
-89.68010074884459,0.003746762108598342
-89.67002221312055,0.004515606693877821
-89.65994367739651,0.005428417474063007
-89.64986514167248,0.006509198482033218
-89.63978660594843,0.007785364172343802
-89.6297080702244,0.009288113052070905
-89.61962953450035,0.01105282252367564
-89.60955099877631,0.01311946252352256
-89.59947246305227,0.01553302470593057
-89.58939392732822,0.01834396300018438
-89.5793153916042,0.02160864036278469
-89.56923685588015,0.02538977546878197
-89.55915832015611,0.02975688194751483
-89.54907978443207,0.03478669158672614
-89.53900124870802,0.0405635517264224
-89.52892271298398,0.0471797858659538
-89.51884417725994,0.05473600534500135
-89.50876564153592,0.06334135886610155
-89.49868710581187,0.07311370564158684
-89.48860857008782,0.08417969711336537
-89.47853003436379,0.09667475155454631
-89.46845149863974,0.1107429054640928
-89.4583729629157,0.126536525556759
-89.44829442719166,0.144215865377251
-89.43821589146762,0.1639484511745138
-89.42813735574359,0.1859082827002707
-89.41805882001954,0.2102748360809144
-89.4079802842955,0.2372318578818261
-89.39790174857146,0.2669659419571899
-89.38782321284741,0.2996648836644806
-89.37774467712337,0.3355158095163336
-89.36766614139934,0.3747030843245671
-89.35758760567531,0.4174060023272602
-89.34750906995126,0.4637962736290165
-89.33743053422721,0.5140353224589052
-89.32735199850318,0.5682714191749996
-89.31727346277913,0.6266366735172522
-89.30719492705509,0.6892439222144663
-89.29711639133106,0.7561835495553803
-89.28703785560701,0.8275202847957837
-89.27695931988298,0.9032900251421252
-89.26688078415893,0.9834967373711208
-89.25680224843489,1.068109494757294
-89.24672371271085,1.157059708732647
-89.2366451769868,1.250238616449371
-89.22656664126278,1.34749508602574
-89.21648810553873,1.448633800613284
-89.2064095698147,1.553413880439618
-89.19633103409065,1.661547998593143
-89.18625249836661,1.77270204149244
-89.17617396264257,1.886495358729048
-89.16609542691852,2.002501639329676
-89.1560168911945,2.120250442534519
-89.14593835547045,2.239229401053875
-89.13585981974641,2.358887103606064
-89.12578128402237,2.478636651553732
-89.11570274829832,2.597859871873991
-89.10562421257428,2.715912155781037
-89.09554567685024,2.832127879351536
-89.0854671411262,2.945826349783269
-89.07538860540217,3.056318208755267
-89.06531006967812,3.162912213062061
-89.05523153395409,3.264922302566867
-89.04515299823004,3.361674856841867
-89.035074462506,3.45251603489602
-89.02499592678195,3.536819087355037
-89.01491739105792,3.613991527535654
-89.00483885533389,3.683482047179913
-88.99476031960984,3.744787064263913
-88.9846817838858,3.797456794291111
-88.97460324816176,3.841100742784906
-88.96452471243771,3.875392525211236
-88.95444617671367,3.9000739311332
-88.94436764098964,3.914958161815461
-88.93428910526561,3.919932184495268
-88.92421056954156,3.919932184495268
-88.91413203381751,3.914958161815461
-88.90405349809348,3.9000739311332
-88.89397496236943,3.875392525211236
-88.88389642664539,3.841100742784906
-88.87381789092136,3.797456794291111
-88.86373935519731,3.744787064263913
-88.85366081947328,3.683482047179913
-88.84358228374923,3.613991527535654
-88.83350374802519,3.536819087355037
-88.82342521230115,3.45251603489602
-88.8133466765771,3.361674856841867
-88.80326814085308,3.264922302566867
-88.79318960512903,3.162912213062061
-88.783111069405,3.056318208755267
-88.77303253368095,2.945826349783269
-88.7629539979569,2.832127879351536
-88.75287546223286,2.715912155781037
-88.74279692650882,2.597859871873991
-88.73271839078478,2.478636651553732
-88.72263985506075,2.358887103606064
-88.7125613193367,2.239229401053875
-88.70248278361267,2.120250442534519
-88.69240424788862,2.002501639329676
-88.68232571216458,1.886495358729048
-88.67224717644054,1.77270204149244
-88.6621686407165,1.661547998593143
-88.65209010499247,1.553413880439618
-88.64201156926842,1.448633800613284
-88.63193303354439,1.34749508602574
-88.62185449782034,1.250238616449371
-88.6117759620963,1.157059708732647
-88.60169742637225,1.068109494757294
-88.59161889064822,0.9834967373711208
-88.58154035492419,0.9032900251421252
-88.57146181920014,0.8275202847957837
-88.5613832834761,0.7561835495553803
-88.55130474775206,0.6892439222144663
-88.54122621202801,0.6266366735172522
-88.53114767630397,0.5682714191749996
-88.52106914057994,0.5140353224589052
-88.51099060485591,0.4637962736290165
-88.50091206913186,0.4174060023272602
-88.49083353340781,0.3747030843245671
-88.48075499768377,0.3355158095163336
-88.47067646195973,0.2996648836644806
-88.46059792623569,0.2669659419571899
-88.45051939051166,0.2372318578818261
-88.44044085478761,0.2102748360809144
-88.43036231906358,0.1859082827002707
-88.42028378333953,0.1639484511745138
-88.41020524761549,0.144215865377251
-88.40012671189145,0.126536525556759
-88.3900481761674,0.1107429054640928
-88.37996964044336,0.09667475155454631
-88.36989110471933,0.08417969711336537
-88.3598125689953,0.07311370564158684
-88.34973403327125,0.06334135886610155
-88.3396554975472,0.05473600534500135
-88.32957696182316,0.0471797858659538
-88.31949842609912,0.0405635517264224
-88.30941989037508,0.03478669158672614
-88.29934135465105,0.02975688194751483
-88.289262818927,0.02538977546878197
-88.27918428320297,0.02160864036278469
-88.26910574747892,0.01834396300018438
-88.25902721175488,0.01553302470593057
-88.24894867603084,0.01311946252352256
-88.2388701403068,0.01105282252367564
-88.22879160458277,0.009288113052070905
-88.21871306885872,0.007785364172343802
-88.20863453313468,0.006509198482033218
-88.19855599741064,0.005428417474063007
-88.18847746168659,0.004515606693877821
-88.17839892596255,0.003746762108598342
-88.16832039023852,0.003100939362470538
-88.15824185451449,0.002559926942821188
-88.14816331879044,0.002107943720873442
-88.13808478306639,0.001731360858518526
-88.12800624734236,0.001418447680495582
-88.11792771161831,0.001159140795391347
-88.10784917589427,0.0009448355017315072
-88.09777064017024,0.0007681983300910116
-88.08769210444619,0.0006229994413446301
-88.07761356872216,0.0005039635177132804
-88.06753503299811,0.0004066377401675129
-88.05745649727407,0.0003272754364208804
-88.04737796155003,0.0002627340020380474
-88.03729942582599,0.0002103857374797251
-88.02722089010194,0.000168040301162887
-88.01714235437791,0.0001338775483706413
-88.00706381865388,0
-55.80614218034444,0.0001338775483706413
-55.7960636446204,0.000168040301162887
-55.78598510889637,0.0002103857374797251
-55.77590657317232,0.0002627340020380474
-55.76582803744828,0.0003272754364208804
-55.75574950172425,0.0004066377401675129
-55.7456709660002,0.0005039635177132804
-55.73559243027616,0.0006229994413446301
-55.72551389455212,0.0007681983300910116
-55.71543535882807,0.0009448355017315072
-55.70535682310404,0.001159140795391347
-55.69527828738,0.001418447680495582
-55.68519975165596,0.001731360858518526
-55.67512121593192,0.002107943720873442
-55.66504268020788,0.002559926942821188
-55.65496414448384,0.003100939362470538
-55.64488560875979,0.003746762108598342
-55.63480707303576,0.004515606693877821
-55.62472853731172,0.005428417474063007
-55.61465000158767,0.006509198482033218
-55.60457146586364,0.007785364172343802
-55.59449293013959,0.009288113052070905
-55.58441439441556,0.01105282252367564
-55.57433585869151,0.01311946252352256
-55.56425732296746,0.01553302470593057
-55.55417878724344,0.01834396300018438
-55.54410025151939,0.02160864036278469
-55.53402171579535,0.02538977546878197
-55.52394318007131,0.02975688194751483
-55.51386464434727,0.03478669158672614
-55.50378610862323,0.0405635517264224
-55.49370757289918,0.0471797858659538
-55.48362903717515,0.05473600534500135
-55.47355050145111,0.06334135886610155
-55.46347196572706,0.07311370564158684
-55.45339343000303,0.08417969711336537
-55.44331489427898,0.09667475155454631
-55.43323635855495,0.1107429054640928
-55.4231578228309,0.126536525556759
-55.41307928710686,0.144215865377251
-55.40300075138283,0.1639484511745138
-55.39292221565878,0.1859082827002707
-55.38284367993474,0.2102748360809144
-55.3727651442107,0.2372318578818261
-55.36268660848665,0.2669659419571899
-55.35260807276262,0.2996648836644806
-55.34252953703858,0.3355158095163336
-55.33245100131455,0.3747030843245671
-55.3223724655905,0.4174060023272602
-55.31229392986646,0.4637962736290165
-55.30221539414242,0.5140353224589052
-55.29213685841837,0.5682714191749996
-55.28205832269434,0.6266366735172522
-55.2719797869703,0.6892439222144663
-55.26190125124626,0.7561835495553803
-55.25182271552222,0.8275202847957837
-55.24174417979818,0.9034239026904958
-55.23166564407414,0.9836647776722838
-55.22158710835009,1.068319880494774
-55.21150857262606,1.157322442734685
-55.20143003690202,1.250565891885792
-55.19135150117797,1.347901723765907
-55.18127296545394,1.449137764130997
-55.17119442972989,1.554036879880963
-55.16111589400586,1.662316196923234
-55.15103735828181,1.773646876994172
-55.14095882255776,1.88765449952444
-55.13088028683373,2.003920087010171
-55.12080175110969,2.121981803393037
-55.11072321538565,2.241337344774748
-55.10064467966161,2.361447030548885
-55.09056614393756,2.481737590916202
-55.08048760821353,2.601606633982589
-55.07040907248948,2.720561640023286
-55.06033053676545,2.837724337126762
-55.05025200104141,2.952545934002783
-55.04017346531736,3.064366306929649
-55.03009492959333,3.172527601550553
-55.02001639386928,3.27638176283071
-55.00993785814525,3.375298282883103
-54.9998593224212,3.468672059043296
-54.98978078669716,3.555931248685312
-54.97970225097313,3.636545003400169
-54.96962371524908,3.710030963444086
-54.95954517952504,3.775962393891924
-54.949466643801,3.833974846736356
-54.93938810807695,3.883772238232202
-54.92930957235292,3.925132238020011
-54.91923103662888,3.957910875840672
-54.90915250090485,3.982046282790161
-54.8990739651808,3.997561496830733
-54.88899542945676,4.009540299082696
-54.87891689373272,4.01814211185204
-54.86883835800867,4.018602200769637
-54.85875982228464,4.011217163820065
-54.8486812865606,3.996369430685832
-54.83860275083655,3.974524707989147
-54.82852421511252,3.946228371670115
-54.81844567938847,3.912100846261012
-54.80836714366444,3.872832025780264
-54.79828860794039,3.829174804781009
-54.78821007221634,3.781937800508016
-54.77813153649231,3.731977357944926
-54.76805300076827,3.680188938617856
-54.75797446504424,3.627498001255275
-54.74789592932019,3.574850487729285
-54.73781739359615,3.523203031108276
-54.72773885787211,3.473513004168122
-54.71766032214806,3.426728526411654
-54.70758178642403,3.383778545643003
-54.69750325069999,3.345563106573205
-54.68742471497594,3.312943913958607
-54.67734617925191,3.286735291573251
-54.66726764352786,3.267695631080154
-54.65718910780383,3.256519416787241
-54.64711057207978,3.25382990354261
-54.63703203635575,3.260172515823637
-54.62695350063171,3.276009026576073
-54.61687496490766,3.301712564717382
-54.60679642918362,3.337563490569236
-54.59671789345958,3.383746168943449
-54.58663935773555,3.440346660269072
-54.5765608220115,3.507351341090712
-54.56648228628746,3.584646456545875
-54.55640375056343,3.672018599080639
-54.54632521483938,3.769156099713253
-54.53624667911534,3.875651310616314
-54.5261681433913,3.991003750664493
-54.51608960766725,4.114624078884241
-54.50601107194322,4.245838854440414
-54.49593253621918,4.383896035897656
-54.48585400049515,4.527971166999469
-54.4757754647711,4.67717419111693
-54.46569692904705,4.830556831838693
-54.45561839332302,4.987120472917174
-54.44553985759897,5.145824466971484
-54.43546132187494,5.30559479900012
-54.42538278615089,5.465333027905369
-54.41530425042686,5.62392542690992
-54.40522571470282,5.780252241989876
-54.39514717897877,5.93319698629386
-54.38506864325473,6.081655688000144
-54.37499010753069,6.224546009216032
-54.36491157180665,6.360816154374058
-54.35483303608261,6.489453488151025
-54.34475450035857,6.609492785243997
-54.33467596463453,6.720024037389671
-54.32459742891049,6.82517376948839
-54.31451889318645,6.924125870464832
-54.30444035746241,7.011128145233469
-54.29436182173836,7.08548452413925
-54.28428328601433,7.146586597078194
-54.27420475029029,7.193918342719704
-54.26412621456625,7.227059981107448
-54.25404767884221,7.245690910003732
-54.24396914311816,7.249591695434091
-54.23389060739412,7.238645097535135
-54.22381207167008,7.212836123865864
-54.21373353594604,7.1722511136565
-54.20365500022201,7.117075867875448
-54.19357646449797,7.047592851325367
-54.18349792877392,6.96417750406081
-54.17341939304988,6.867293710080765
-54.16334085732584,6.757488481320868
-54.1532623216018,6.640359946970183
-54.14318378587776,6.516564795798049
-54.13310525015372,6.381811522049403
-54.12302671442968,6.236839555760121
-54.11294817870564,6.082438087559654
-54.1028696429816,5.919438597684148
-54.09279110725756,5.748707151274084
-54.08271257153351,5.571136546704353
-54.07263403580947,5.387638404529826
-54.06255550008544,5.199135284278271
-54.0524769643614,5.006552914776983
-54.04239842863736,4.810812620972864
-54.03231989291331,4.612824026332774
-54.02224135718927,4.413478104947854
-54.01216282146523,4.213640651489952
-54.00208428574119,4.014146230278044
-53.99200575001716,3.815792657023819
-53.98192721429311,3.619336058471533
-53.97184867856907,3.425380156669774
-53.96177014284503,3.234820201109113
-53.95169160712099,3.048131025820531
-53.94161307139695,2.865866074571127
-53.93153453567291,2.688521861709518
-53.92145599994887,2.516536961788581
-53.91137746422483,2.350291632358065
-53.90129892850079,2.1901080438197
-53.89122039277675,2.03625108291771
-53.88114185705271,1.888929689955952
-53.87106332132866,1.748298684277764
-53.86098478560462,1.614461027982929
-53.85090624988059,1.487470474331197
-53.84082771415655,1.367334544813562
-53.83074917843251,1.254017777457565
-53.82067064270846,1.147445188545635
-53.81059210698442,1.047505890519376
-53.80051357126038,0.9540568103525426
-53.79043503553634,0.866926455019473
-53.78035649981231,0.7859186737690124
-53.77027796408826,0.7108163706306174
-53.76019942836422,0.6413851248165865
-53.75012089264018,0.5773766813250066
-53.74004235691614,0.5185322789740179
-53.7299638211921,0.464585788193214
-53.71988528546805,0.4152666360509895
-53.70980674974402,0.3703025011030597
-53.69972821401998,0.3294217656119954
-53.68964967829594,0.2923557174259718
-53.6795711425719,0.2588404982446108
-53.66949260684785,0.2286187990810988
-53.65941407112381,0.2014413074062012
-53.64933553539977,0.1770679136980364
-53.63925699967574,0.1552686879009266
-53.6291784639517,0.13582463860883
-53.61909992822766,0.1185282696364366
-53.60902139250361,0.1031839500365795
-53.59894285677957,0.08960811458742837
-53.58886432105553,0.07762931233546466
-53.57878578533149,0.06708812097469991
-53.56870724960746,0.05783694470747189
-53.55862871388341,0.04973971280877499
-53.54855017815937,0.04267149544729584
-53.53847164243533,0.03651805244524467
-53.52839310671129,0.03117532962801041
-53.51831457098725,0.02654891626417332
-53.5082360352632,0.02255347586451619
-53.49815749953917,0.01911216133027539
-53.48807896381513,0.0161560241472752
-53.47800042809109,0.01362342604123584
-53.46792189236704,0.01145946026384316
-53.457843356643,0.009615388488491786
-53.44776482091896,0.008048098174381849
-53.43768628519492,0.006719584219512942
-53.42760774947089,0.005596457775225893
-53.41752921374685,0.004649484242248462
-53.4074506780228,0.003746762108598342
-53.39737214229876,0.003100939362470538
-53.38729360657472,0.002559926942821188
-53.37721507085068,0.002107943720873442
-53.36713653512664,0.001731360858518526
-53.35705799940261,0.001418447680495582
-53.34697946367856,0.001159140795391347
-53.33690092795452,0.0009448355017315072
-53.32682239223048,0.0007681983300910116
-53.31674385650644,0.0006229994413446301
-53.3066653207824,0.0005039635177132804
-53.29658678505835,0.0004066377401675129
-53.28650824933432,0.0003272754364208804
-53.27642971361028,0.0002627340020380474
-53.26635117788624,0.0002103857374797251
-53.25627264216219,0.000168040301162887
-53.24619410643815,0.0001338775483706413
-53.23611557071411,0
-24.05875464961684,0.0001338775483706413
-24.0486761138928,0.000168040301162887
-24.03859757816876,0.0002103857374797251
-24.02851904244472,0.0002627340020380474
-24.01844050672068,0.0003272754364208804
-24.00836197099664,0.0004066377401675129
-23.9982834352726,0.0005039635177132804
-23.98820489954856,0.0006229994413446301
-23.97812636382452,0.0007681983300910116
-23.96804782810048,0.0009448355017315072
-23.95796929237644,0.001159140795391347
-23.9478907566524,0.001418447680495582
-23.93781222092836,0.001731360858518526
-23.92773368520432,0.002107943720873442
-23.91765514948028,0.002559926942821188
-23.90757661375623,0.003100939362470538
-23.89749807803219,0.003746762108598342
-23.88741954230816,0.004515606693877821
-23.87734100658411,0.005428417474063007
-23.86726247086007,0.006509198482033218
-23.85718393513603,0.007785364172343802
-23.84710539941199,0.009288113052070905
-23.83702686368795,0.01105282252367564
-23.82694832796391,0.01311946252352256
-23.81686979223987,0.01553302470593057
-23.80679125651583,0.01834396300018438
-23.79671272079179,0.02160864036278469
-23.78663418506775,0.02538977546878197
-23.77655564934371,0.02975688194751483
-23.76647711361967,0.03478669158672614
-23.75639857789563,0.0405635517264224
-23.74632004217159,0.0471797858659538
-23.73624150644754,0.05473600534500135
-23.7261629707235,0.06334135886610155
-23.71608443499946,0.07311370564158684
-23.70600589927543,0.08417969711336537
-23.69592736355138,0.09667475155454631
-23.68584882782734,0.1107429054640928
-23.67577029210331,0.126536525556759
-23.66569175637926,0.144215865377251
-23.65561322065522,0.1639484511745138
-23.64553468493118,0.1859082827002707
-23.63545614920714,0.2102748360809144
-23.6253776134831,0.2372318578818261
-23.61529907775906,0.2669659419571899
-23.60522054203502,0.2996648836644806
-23.59514200631098,0.3355158095163336
-23.58506347058694,0.3747030843245671
-23.5749849348629,0.4174060023272602
-23.56490639913886,0.4637962736290165
-23.55482786341482,0.5140353224589052
-23.54474932769078,0.5682714191749996
-23.53467079196674,0.6266366735172522
-23.52459225624269,0.6892439222144663
-23.51451372051865,0.7561835495553803
-23.50443518479461,0.8275202847957837
-23.49435664907057,0.9032900251421252
-23.48427811334653,0.9834967373711208
-23.47419957762249,1.068109494757294
-23.46412104189845,1.157059708732647
-23.45404250617441,1.250238616449371
-23.44396397045037,1.34749508602574
-23.43388543472633,1.448633800613284
-23.42380689900229,1.553413880439618
-23.41372836327825,1.661547998593143
-23.40364982755421,1.77270204149244
-23.39357129183017,1.886495358729048
-23.38349275610613,2.002501639329676
-23.37341422038209,2.120250442534519
-23.36333568465805,2.239229401053875
-23.35325714893401,2.358887103606064
-23.34317861320997,2.478636651553732
-23.33310007748592,2.597859871873991
-23.32302154176189,2.715912155781037
-23.31294300603784,2.832127879351536
-23.3028644703138,2.945826349783269
-23.29278593458976,3.056318208755267
-23.28270739886572,3.162912213062061
-23.27262886314168,3.264922302566867
-23.26255032741764,3.361674856841867
-23.2524717916936,3.45251603489602
-23.24239325596956,3.536819087355037
-23.23231472024552,3.613991527535654
-23.22223618452148,3.683482047179913
-23.21215764879744,3.744787064263913
-23.2020791130734,3.797456794291111
-23.19200057734936,3.841100742784906
-23.18192204162532,3.875392525211236
-23.17184350590128,3.9000739311332
-23.16176497017724,3.914958161815461
-23.15168643445319,3.919932184495268
-23.14160789872916,3.919932184495268
-23.13152936300511,3.914958161815461
-23.12145082728107,3.9000739311332
-23.11137229155704,3.875392525211236
-23.10129375583299,3.841100742784906
-23.09121522010895,3.797456794291111
-23.08113668438491,3.744787064263913
-23.07105814866087,3.683482047179913
-23.06097961293683,3.613991527535654
-23.05090107721279,3.536819087355037
-23.04082254148875,3.45251603489602
-23.03074400576471,3.361674856841867
-23.02066547004067,3.264922302566867
-23.01058693431663,3.162912213062061
-23.00050839859259,3.056318208755267
-22.99042986286855,2.945826349783269
-22.98035132714451,2.832127879351536
-22.97027279142047,2.715912155781037
-22.96019425569643,2.597859871873991
-22.95011571997239,2.478636651553732
-22.94003718424834,2.358887103606064
-22.92995864852431,2.239229401053875
-22.91988011280026,2.120250442534519
-22.90980157707622,2.002501639329676
-22.89972304135219,1.886495358729048
-22.88964450562814,1.77270204149244
-22.8795659699041,1.661547998593143
-22.86948743418006,1.553413880439618
-22.85940889845602,1.448633800613284
-22.84933036273198,1.34749508602574
-22.83925182700794,1.250238616449371
-22.8291732912839,1.157059708732647
-22.81909475555986,1.068109494757294
-22.80901621983582,0.9834967373711208
-22.79893768411178,0.9032900251421252
-22.78885914838774,0.8275202847957837
-22.7787806126637,0.7561835495553803
-22.76870207693966,0.6892439222144663
-22.75862354121562,0.6266366735172522
-22.74854500549158,0.5682714191749996
-22.73846646976754,0.5140353224589052
-22.72838793404349,0.4637962736290165
-22.71830939831946,0.4174060023272602
-22.70823086259541,0.3747030843245671
-22.69815232687137,0.3355158095163336
-22.68807379114734,0.2996648836644806
-22.67799525542329,0.2669659419571899
-22.66791671969925,0.2372318578818261
-22.65783818397521,0.2102748360809144
-22.64775964825117,0.1859082827002707
-22.63768111252713,0.1639484511745138
-22.62760257680309,0.144215865377251
-22.61752404107905,0.126536525556759
-22.60744550535501,0.1107429054640928
-22.59736696963097,0.09667475155454631
-22.58728843390693,0.08417969711336537
-22.57720989818289,0.07311370564158684
-22.56713136245884,0.06334135886610155
-22.55705282673481,0.05473600534500135
-22.54697429101077,0.0471797858659538
-22.53689575528673,0.0405635517264224
-22.52681721956269,0.03478669158672614
-22.51673868383864,0.02975688194751483
-22.50666014811461,0.02538977546878197
-22.49658161239056,0.02160864036278469
-22.48650307666652,0.01834396300018438
-22.47642454094248,0.01553302470593057
-22.46634600521844,0.01311946252352256
-22.4562674694944,0.01105282252367564
-22.44618893377036,0.009288113052070905
-22.43611039804632,0.007919241720714443
-22.42603186232228,0.006677238783196105
-22.41595332659824,0.005638803211542733
-22.4058747908742,0.004778340695915868
-22.39579625515016,0.004074037545019222
-22.38571771942612,0.003507577102638051
-22.37563918370208,0.003063890460534469
-22.36556064797804,0.002730943162218072
-22.35548211225399,0.002499559188609537
-22.34540357652996,0.002363283182227089
-22.33532504080592,0.002318281590782694
-22.32524650508187,0.002363283182227089
-22.31516796935783,0.002499559188609537
-22.30508943363379,0.002730943162218072
-22.29501089790975,0.003063890460534469
-22.28493236218571,0.003507577102638051
-22.27485382646167,0.004207915093389864
-22.26477529073763,0.004946380997078755
-22.25469675501359,0.005849188949022457
-22.24461821928955,0.006939972785234152
-22.23453968356551,0.008246517157135322
-22.22446114784147,0.009694750792238417
-22.21438261211743,0.01155678604138892
-22.20430407639339,0.01374246196486719
-22.19422554066935,0.01630122303602158
-22.18414700494531,0.01928879850191588
-22.17406846922127,0.02276778115817604
-22.16398993349723,0.02680822314927755
-22.15391139777319,0.03148824280603336
-22.14383286204914,0.03689463530759959
-22.1337543263251,0.04312347866924358
-22.12367579060106,0.05028072522842434
-22.11359725487702,0.0584827674535997
-22.10351871915298,0.06785696555997939
-22.09344018342894,0.07854212311564984
-22.0833616477049,0.09068889559539858
-22.07328311198086,0.1044601157268901
-22.06320457625682,0.1200310185161637
-22.05312604053278,0.1375893480804347
-22.04304750480874,0.1573353279007735
-22.0329689690847,0.1794814758804444
-22.02289043336066,0.204252245700455
-22.01281189763662,0.2318834764436991
-22.00273336191258,0.2626216333506081
-21.99265482618854,0.2967228239047047
-21.9825762904645,0.3344515752512067
-21.97249775474046,0.3760793612427559
-21.96241921901642,0.4218828701905209
-21.95234068329238,0.4721420076722615
-21.94226214756834,0.5271376324951181
-21.93218361184429,0.587149028100492
-21.92210507612025,0.6524511162883649
-21.91202654039621,0.7233114250717985
-21.90194800467217,0.799986827678559
-21.89186946894813,0.8827200751121393
-21.88179093322409,0.9717361501730347
-21.87171239750005,1.067238476316639
-21.86163386177601,1.169405020071391
-21.85155532605197,1.278384330838209
-21.84147679032793,1.394291566614473
-21.83139825460389,1.517204558406561
-21.82131971887985,1.64715996969022
-21.81124118315581,1.784149610129617
-21.80116264743177,1.928116964764186
-21.79108411170773,2.078954000920403
-21.78100557598369,2.236498315121456
-21.77092704025965,2.400530681187954
-21.76084850453561,2.570773058504675
-21.75076996881156,2.746887116051771
-21.74069143308752,2.928473323268341
-21.73061289736349,3.115070653161445
-21.72053436163944,3.306156936349516
-21.7104558259154,3.501149897016116
-21.70037729019136,3.699408893152158
-21.69029875446732,3.900237374108831
-21.68022021874328,4.102886058515916
-21.67014168301924,4.306556825204638
-21.6600631472952,4.510407299087801
-21.64998461157116,4.713556103180151
-21.63990607584712,4.915088737281486
-21.62982754012308,5.114064033489162
-21.61974900439904,5.309521128847477
-21.609670468675,5.500486886264702
-21.59959193295096,5.685983686509589
-21.58951339722692,5.865037506798433
-21.57943486150288,6.036686195344985
-21.56935632577884,6.19998784639097
-21.55927779005479,6.354163054313337
-21.54919925433076,6.498101843308353
-21.53912071860671,6.631080703333978
-21.52904218288267,6.752322797848842
-21.51896364715864,6.866085809714958
-21.50888511143459,6.971683008310896
-21.49880657571055,7.063490107712974
-21.48872803998651,7.140937827219448
-21.47864950426247,7.203543797956865
-21.46857096853843,7.250917664688862
-21.45849243281439,7.282765292414342
-21.44841389709035,7.298892022396061
-21.43833536136631,7.299204935574084
-21.42825682564227,7.283714095339824
-21.41817828991823,7.252532756129952
-21.40809975419419,7.205876538989243
-21.39802121847015,7.144061589886701
-21.38794268274611,7.067501750889139
-21.37786414702207,6.976704788044791
-21.36778561129803,6.87226773276057
-21.35770707557399,6.759845428019148
-21.34762853984994,6.64015843064857
-21.33755000412591,6.508986625530866
-21.32747146840186,6.367148639288489
-21.31739293267782,6.215520871096901
-21.30731439695379,6.05503015834517
-21.29723586122974,5.886646147161216
-21.2871573255057,5.71137346197837
-21.27707878978166,5.530243768212217
-21.26700025405762,5.344441697982574
-21.25692171833358,5.154795625516749
-21.24684318260954,4.962478908884918
-21.2367646468855,4.76855484252719
-21.22668611116146,4.574075933390323
-21.21660757543742,4.380077168586393
-21.20652903971338,4.187569719146995
-21.19645050398934,3.997535125104721
-21.18637196826529,3.810919996946342
-21.17629343254126,3.628631258074607
-21.16621489681722,3.451531942522157
-21.15613636109317,3.280437552016454
-21.14605782536914,3.116112966827131
-21.13597928964509,2.959269895853558
-21.12590075392106,2.810564843329322
-21.11582221819701,2.670597562507614
-21.10574368247297,2.539909960894536
-21.09566514674894,2.418985417130615
-21.08558661102489,2.308248466562816
-21.07550807530085,2.20806481093891
-21.06542953957681,2.118741607491581
-21.05535100385277,2.040527993917537
-21.04527246812873,1.973615808313149
-21.03519393240469,1.918140466878983
-21.02511539668065,1.874181966991788
-21.01503686095661,1.841765988872204
-21.00495832523257,1.820865075331603
-20.99487978950853,1.811399875723046
-20.98480125378449,1.813240446997195
-20.97472271806044,1.826207611415819
-20.96464418233641,1.850074376747434
-20.95456564661237,1.884567430415816
-20.94448711088832,1.929368723865859
-20.93440857516428,1.984117167151647
-20.92433003944024,2.048410456271726
-20.9142515037162,2.121807056949264
-20.90417296799216,2.203828368298193
-20.89409443226812,2.293961088097846
-20.88401589654408,2.391659798237042
-20.87393736082004,2.496349784355469
-20.863858825096,2.607430097928844
-20.85378028937196,2.724276862186779
-20.84370175364792,2.84624681553542
-20.83362321792388,2.972681077836251
-20.82354468219984,3.102909116254391
-20.8134661464758,3.236252878742906
-20.80338761075176,3.372031054895002
-20.79330907502772,3.509563416195484
-20.78323053930368,3.648175180949301
-20.77315200357964,3.787201343649483
-20.76307346785559,3.925990904529197
-20.75299493213156,4.063910932740264
-20.74291639640752,4.200350396179888
-20.73283786068347,4.334723692556152
-20.72275932495943,4.466473819884571
-20.71268078923539,4.595075130217873
-20.70260225351135,4.720035617935152
-20.69252371778731,4.840898703192048
-20.68244518206327,4.957244481933397
-20.67236664633923,5.068690425907236
-20.66228811061519,5.174891529057071
-20.65220957489115,5.275539910129772
-20.64213103916711,5.375337917592623
-20.63205250344307,5.474010845466622
-20.62197396771903,5.566305576721382
-20.61189543199499,5.651975206360644
-20.60181689627095,5.730697040876424
-20.59173836054691,5.802518360563607
-20.58165982482287,5.867145450519306
-20.57158128909883,5.924442809092307
-20.56150275337479,5.974297078822214
-20.55142421765074,6.01661487970416
-20.5413456819267,6.051320742271742
-20.53126714620266,6.078355210952996
-20.52118861047862,6.097673181359747
-20.51111007475458,6.109242526363045
-20.50103153903054,6.113043055250701
-20.4909530033065,6.109065838281753
-20.48087446758246,6.097312915920441
-20.47079593185842,6.077797398360383
-20.46071739613438,6.050543947071175
-20.45063886041034,6.01558961645714
-20.4405603246863,5.972878631141718
-20.43048178896226,5.922711448233788
-20.42040325323822,5.865037506798433
-20.41032471751418,5.799958433620786
-20.40024618179014,5.727596101513954
-20.3901676460661,5.648094566703675
-20.38008911034206,5.561621929726344
-20.37001057461802,5.468372042255079
-20.35993203889397,5.368565985108551
-20.34985350316994,5.267427270521008
-20.33977496744589,5.165196778264832
-20.32969643172185,5.057133639865848
-20.31961789599781,4.94350201996853
-20.30953936027377,4.824597480156027
-20.29946082454973,4.700746819433236
-20.28938228882569,4.572307349059697
-20.27930375310165,4.439665596735294
-20.26922521737761,4.303235449750119
-20.25914668165357,4.163455760872289
-20.24906814592953,4.020787454071019
-20.23898961020549,3.875710179300772
-20.22891107448145,3.728718576195883
-20.21883253875741,3.580318215389322
-20.20875400303337,3.431021293079834
-20.19867546730933,3.281342159299603
-20.18859693158529,3.131792763016017
-20.17851839586125,2.982878097738227
-20.16843986013721,2.835091729755817
-20.15836132441316,2.688911487634646
-20.14828278868912,2.544795386306335
-20.13820425296509,2.403177852228389
-20.12812571724104,2.26446630791177
-20.118047181517,2.129038164886435
-20.10796864579296,1.997238264193142
-20.09789011006892,1.869376793046986
-20.08781157434488,1.745727695706508
-20.07773303862084,1.626527586081205
-20.0676545028968,1.511975159479385
-20.05757596717276,1.402231091370741
-20.04749743144872,1.297418402315325
-20.03741889572468,1.19762326045907
-20.02734036000064,1.102896186344021
-20.0172618242766,1.013253619318636
-20.00718328855256,0.928679800610907
-19.99710475282852,0.8491289251585684
-19.98702621710448,0.7745275125555646
-19.97694768138044,0.7047769469203968
-19.96686914565639,0.6397561360407746
-19.95679060993236,0.5793242416986752
-19.94671207420831,0.5233234355109759
-19.93663353848427,0.4715816378013603
-19.92655500276024,0.4239152008092934
-19.91647646703619,0.3801315017986301
-19.90639793131215,0.3400314162102114
-19.89631939558811,0.3034116457730789
-19.88624085986407,0.2700668813196604
-19.87616232414003,0.2397917848246473
-19.86608378841599,0.2123827798017879
-19.85600525269195,0.1876396435587892
-19.84592671696791,0.1653668988550094
-19.83584818124387,0.1453750061726423
-19.82576964551983,0.1274813610584906
-19.81569110979579,0.1115111037941838
-19.80561257407174,0.09729775099589094
-19.79553403834771,0.08468366063107866
-19.78545550262367,0.07352034338175435
-19.77537696689962,0.06366863430252244
-19.76529843117559,0.05499873934703939
-19.75521989545154,0.04739017160343353
-19.7451413597275,0.04073159202758529
-19.73506282400346,0.03492056913509679
-19.72498428827942,0.02975688194751483
-19.71490575255539,0.02538977546878197
-19.70482721683134,0.02160864036278469
-19.6947486811073,0.01834396300018438
-19.68467014538326,0.01553302470593057
-19.67459160965922,0.01311946252352256
-19.66451307393518,0.01105282252367564
-19.65443453821114,0.009288113052070905
-19.6443560024871,0.007785364172343802
-19.63427746676306,0.006509198482033218
-19.62419893103902,0.005428417474063007
-19.61412039531498,0.004515606693877821
-19.60404185959094,0.003746762108598342
-19.59396332386689,0.003100939362470538
-19.58388478814286,0.002559926942821188
-19.57380625241882,0.002107943720873442
-19.56372771669477,0.001731360858518526
-19.55364918097074,0.001418447680495582
-19.54357064524669,0.001159140795391347
-19.53349210952265,0.0009448355017315072
-19.52341357379861,0.0007681983300910116
-19.51333503807457,0.0006229994413446301
-19.50325650235053,0.0005039635177132804
-19.49317796662649,0.0004066377401675129
-19.48309943090245,0.0003272754364208804
-19.47302089517841,0.0002627340020380474
-19.46294235945437,0.0002103857374797251
-19.45286382373033,0.000168040301162887
-19.44278528800629,0.0001338775483706413
-19.43270675228225,0
-18.73728778732345,0.0001338775483706413
-18.72720925159941,0.000168040301162887
-18.71713071587537,0.0002103857374797251
-18.70705218015133,0.0002627340020380474
-18.69697364442729,0.0003272754364208804
-18.68689510870325,0.0004066377401675129
-18.67681657297921,0.0005039635177132804
-18.66673803725517,0.0006229994413446301
-18.65665950153113,0.0007681983300910116
-18.64658096580709,0.0009448355017315072
-18.63650243008305,0.001293018343761988
-18.62642389435901,0.001586487981658469
-18.61634535863497,0.001941746595998251
-18.60626682291092,0.002370677722911489
-18.59618828718689,0.002887202379242069
-18.58610975146285,0.003507577102638051
-18.57603121573881,0.004250725626311623
-18.56595268001476,0.005138606135222451
-18.55587414429072,0.006196615804154018
-18.54579560856669,0.007454033983764726
-18.53571707284264,0.008944504967735148
-18.5256385371186,0.01070656073256649
-18.51556000139456,0.01291806093056481
-18.50548146567052,0.01539544654555889
-18.49540292994648,0.01830333738623148
-18.48532439422244,0.02170763636469296
-18.4752458584984,0.02568267790780391
-18.46516732277436,0.03031201990282731
-18.45508878705032,0.03568926293929112
-18.44501025132628,0.04191888951010399
-18.43493171560224,0.04911711422885721
-18.4248531798782,0.05741273441975621
-18.41477464415416,0.06694796866406834
-18.40469610843012,0.0778792690701197
-18.39461757270607,0.09037809120603593
-18.38453903698204,0.1046316038344232
-18.37446050125799,0.1208433188601522
-18.36438196553395,0.1392336202953453
-18.35430342980991,0.1600401696128722
-18.34422489408587,0.183518163657855
-18.33414635836183,0.2099404203749992
-18.32406782263779,0.2395972670482577
-18.31398928691375,0.2727962055982596
-18.30391075118971,0.3098613297999986
-18.29383221546567,0.3511324701224523
-18.28375367974163,0.3969640433013685
-18.27367514401759,0.4477235857768105
-18.26359660829355,0.5037899527888442
-18.25351807256951,0.565551168246804
-18.24343953684547,0.6334019144750495
-18.23336100112143,0.7078745331293044
-18.22328246539739,0.7891344337631592
-18.21320392967334,0.8776854470620689
-18.20312539394931,0.9739182999642841
-18.19304685822527,1.078212772293992
-18.18296832250122,1.190933165066533
-18.17288978677719,1.312423503817759
-18.16281125105314,1.443002518250398
-18.1527327153291,1.582958446969192
-18.14265417960506,1.732677600875859
-18.13257564388102,1.892137645561589
-18.12249710815698,2.061611203995966
-18.11241857243294,2.241213020165607
-18.1023400367089,2.431001304511649
-18.09226150098486,2.630972948912426
-18.08218296526082,2.841059087050234
-18.07210442953678,3.061121087378307
-18.06202589381274,3.290947065389246
-18.0519473580887,3.530248999783941
-18.04186882236466,3.778660533388513
-18.03179028664062,4.035735534235536
-18.02171175091658,4.300947485119078
-18.01163321519254,4.573689761190729
-18.00155467946849,4.85341072241037
-17.99147614374446,5.139114555831496
-17.98139760802042,5.430073424336438
-17.97131907229637,5.725384098098396
-17.96124053657234,6.024079605566786
-17.95116200084829,6.325135488413226
-17.94108346512425,6.627477014543646
-17.93100492940021,6.929987297479218
-17.92092639367617,7.231516254361137
-17.91084785795213,7.531024196777641
-17.90076932222809,7.827090853655277
-17.89069078650405,8.118635246288479
-17.88061225078001,8.404479456850705
-17.87053371505597,8.683600573862311
-17.86045517933193,8.954641172161494
-17.85037664360789,9.216630098190265
-17.84029810788385,9.468546570642662
-17.83021957215981,9.709437979426664
-17.82014103643577,9.943404851665409
-17.81006250071173,10.16962529069933
-17.79998396498769,10.38236500468444
-17.78990542926364,10.58097277266038
-17.77982689353961,10.76491492982236
-17.76974835781557,10.93378266166971
-17.75966982209152,11.08729796088864
-17.74959128636748,11.22531814074019
-17.73951275064344,11.34783881799424
-17.7294342149194,11.45499529946201
-17.71935567919536,11.55203635128109
-17.70927714347132,11.6393364028201
-17.69919860774728,11.71239245669913
-17.68912007202324,11.7718057248925
-17.6790415362992,11.81830175938276
-17.66896300057516,11.85272306554936
-17.65888446485112,11.87615413684716
-17.64880592912708,11.88940991443316
-17.63872739340304,11.89373333109676
-17.628648857679,11.89033525178592
-17.61857032195496,11.880621392989
-17.60849178623092,11.86581077827492
-17.59841325050688,11.85210276165726
-17.58833471478284,11.84093758676977
-17.57825617905879,11.82864065955437
-17.56817764333475,11.81650087651527
-17.55809910761071,11.80578292180634
-17.54802057188667,11.79771403298252
-17.53794203616263,11.79347138673092
-17.52786350043859,11.7941702674668
-17.51778496471455,11.80085316781593
-17.50770642899051,11.81461383119997
-17.49762789326647,11.83608724813405
-17.48754935754243,11.86615123221006
-17.47747082181839,11.90547281386648
-17.46739228609435,11.95461004300514
-17.45731375037031,12.01400883180408
-17.44723521464627,12.08400123182339
-17.43715667892222,12.16480512741148
-17.42707814319819,12.25652530589681
-17.41699960747415,12.35915584492412
-17.40692107175011,12.47258373895996
-17.39684253602607,12.59659367079004
-17.38676400030203,12.7308738200415
-17.37668546457799,12.87502258959396
-17.36660692885394,13.02855612232647
-17.3565283931299,13.19091647503551
-17.34644985740586,13.36148031352174
-17.33637132168182,13.5395679926726
-17.32629278595778,13.72445288768195
-17.31621425023374,13.92034486977734
-17.3061357145097,14.12641387555084
-17.29605717878566,14.336799722551
-17.28597864306162,14.55074193469521
-17.27590010733758,14.76711409533337
-17.26582157161354,14.98514208705048
-17.2557430358895,15.20396527185238
-17.24566450016546,15.42275107518281
-17.23558596444142,15.64070251184749
-17.22550742871737,15.86203901110178
-17.21542889299334,16.08615044532825
-17.2053503572693,16.30710149118797
-17.19527182154525,16.52433181892339
-17.18519328582122,16.73723897060215
-17.17511475009717,16.94528836581083
-17.16503621437313,17.14801599211377
-17.15495767864909,17.34503015198789
-17.14487914292505,17.53601225424578
-17.13480060720101,17.72071664400863
-17.12472207147697,17.89896947171707
-17.11464353575293,18.07066660869577
-17.10456500002889,18.23577062461528
-17.09448646430485,18.39430685098024
-17.08440792858081,18.55133258729961
-17.07432939285677,18.70694556678156
-17.06425085713273,18.85627800589101
-17.05417232140869,18.99961017666712
-17.04409378568465,19.13688819853312
-17.03401524996061,19.26842559115105
-17.02393671423657,19.39458170554355
-17.01385817851252,19.51535858388536
-17.00377964278849,19.6311015108364
-16.99370110706444,19.74701697485231
-16.9836225713404,19.86328480469434
-16.97354403561636,19.97505051442281
-16.96346549989232,20.08253828384156
-16.95338696416828,20.19054338146939
-16.94330842844424,20.2991497160257
-16.9332298927202,20.40341195410615
-16.92315135699616,20.50294377539408
-16.91307282127212,20.59765124619619
-16.90299428554808,20.68717850101614
-16.89291574982404,20.77159660010107
-16.8828372141,20.85019557639703
-16.87275867837596,20.92269845453466
-16.86268014265192,20.98868487319903
-16.85260160692788,21.04770392137424
-16.84252307120384,21.09941572761539
-16.8324445354798,21.14323286995177
-16.82236599975576,21.17853790743338
-16.81228746403172,21.20495557288265
-16.80220892830767,21.22191675880458
-16.79213039258364,21.22935850664268
-16.78205185685959,21.22652612215875
-16.77197332113555,21.21319593127391
-16.76189478541151,21.18910605936644
-16.75181624968747,21.15407462376512
-16.74173771396343,21.11298483772118
-16.73165917823939,21.06580924547993
-16.72158064251535,21.00761912881181
-16.71150210679131,20.93857887000676
-16.70142357106727,20.86395282907597
-16.69134503534323,20.78909859125265
-16.68126649961919,20.70937838032358
-16.67118796389515,20.62059519956543
-16.66110942817111,20.52329681411
-16.65103089244707,20.41830202584893
-16.64095235672303,20.30656361331928
-16.63087382099899,20.18916305785994
-16.62079528527494,20.06730326050089
-16.61071674955091,19.94229936943214
-16.60063821382687,19.81556787200735
-16.59055967810282,19.6935881574497
-16.58048114237879,19.57803670747732
-16.57040260665474,19.46527130594554
-16.5603240709307,19.35701102972108
-16.55024553520666,19.25489914721723
-16.54016699948262,19.16059362262933
-16.53008846375858,19.07575103152904
-16.52000992803454,19.0020104918718
-16.5099313923105,18.94097781033444
-16.49985285658646,18.89421002556298
-16.48977432086242,18.86320050858185
-16.47969578513838,18.84936475718368
-16.46961724941434,18.85402699650532
-16.4595387136903,18.8784076731334
-16.44946017796626,18.92361190586922
-16.43938164224222,18.99061893355989
-16.42930310651818,19.08027257991887
-16.41922457079414,19.1932727376485
-16.40914603507009,19.33016785993712
-16.39906749934606,19.49124204727395
-16.38898896362202,19.6769570966287
-16.37891042789797,19.88723894062159
-16.36883189217394,20.12694930354417
-16.35875335644989,20.39576308858718
-16.34867482072585,20.68816684825633
-16.33859628500181,21.00344444384627
-16.32851774927777,21.3407036133366
-16.31843921355373,21.69887737584537
-16.30836067782969,22.07661987429267
-16.29828214210565,22.47773110266688
-16.28820360638161,22.90046608941694
-16.27812507065757,23.3381755677893
-16.26804653493353,23.78866354984163
-16.25796799920949,24.25006409694198
-16.24788946348545,24.71990145045758
-16.23781092776141,25.19604949896403
-16.22773239203737,25.67579429213152
-16.21765385631333,26.15666209747124
-16.20757532058929,26.63598578970683
-16.19749678486524,27.11116038363354
-16.18741824914121,27.57915819376036
-16.17733971341717,28.03752325537436
-16.16726117769312,28.4828335095666
-16.15718264196908,28.91269265723878
-16.14710410624504,29.32414695237174
-16.137025570521,29.71952898850344
-16.12694703479696,30.09585894433033
-16.11686849907292,30.4455767644464
-16.10678996334888,30.77107834894064
-16.09671142762484,31.06988583208067
-16.0866328919008,31.33467146926767
-16.07655435617676,31.56329468825579
-16.06647582045272,31.75379701903261
-16.05639728472868,31.90455738966848
-16.04631874900464,32.01883838492053
-16.0362402132806,32.09539340539607
-16.02616167755655,32.12848299894512
-16.01608314183252,32.12224665382725
-16.00600460610848,32.07625607530561
-15.99592607038444,31.98539081467003
-15.9858475346604,31.84983117887479
-15.97576899893635,31.67519605985959
-15.96569046321231,31.46205651112881
-15.95561192748827,31.20664282608564
-15.94553339176423,30.91037830073346
-15.93545485604019,30.57500400962308
-15.92537632031615,30.20754225020108
-15.91529778459211,29.81527125948303
-15.90521924886807,29.3957237227496
-15.89514071314403,28.94665554674256
-15.88506217741999,28.47103884593238
-15.87498364169595,27.97704105519856
-15.86490510597191,27.46801639316164
-15.85482657024787,26.94248217895871
-15.84474803452383,26.40408025735287
-15.83466949879979,25.85671138860552
-15.82459096307575,25.30403515789961
-15.8145124273517,24.7500984392633
-15.80443389162767,24.19886079021896
-15.79435535590363,23.65432752203104
-15.78427682017958,23.12038885501021
-15.77419828445555,22.6011344283474
-15.7641197487315,22.10056567870735
-15.75404121300746,21.62236250862987
-15.74396267728342,21.17035953388428
-15.73388414155938,20.74802034802173
-15.72380560583534,20.35862153735446
-15.7137270701113,20.00549133455256
-15.70364853438726,19.69164667859334
-15.69356999866322,19.41987888415873
-15.68349146293918,19.19273397301898
-15.67341292721514,19.01238773059813
-15.6633343914911,18.88604997725562
-15.65325585576706,18.81525366679791
-15.64317732004302,18.79634200844513
-15.63309878431898,18.83030818050139
-15.62302024859494,18.91781057765937
-15.6129417128709,19.05916376422578
-15.60286317714685,19.25433124630192
-15.59278464142282,19.50305408811514
-15.58270610569877,19.80434642651405
-15.57262756997473,20.15733745479538
-15.56254903425069,20.56032410087066
-15.55247049852665,21.01159062961737
-15.54239196280261,21.5089680849458
-15.53231342707857,22.04995063056544
-15.52223489135453,22.63170849775948
-15.51215635563049,23.25110400334101
-15.50207781990645,23.90471067430234
-15.49199928418241,24.58883547295598
-15.48192074845837,25.2995440687568
-15.47184221273433,26.03268905144686
-15.46176367701029,26.78394092581523
-15.45168514128625,27.54871528289494
-15.44160660556221,28.32265627216298
-15.43152806983817,29.10096550796311
-15.42144953411413,29.87894286708123
-15.41137099839009,30.65189322067693
-15.40129246266604,31.41516773666084
-15.391213926942,32.16420537379764
-15.38113539121797,32.89446765028913
-15.37105685549392,33.60192653809936
-15.36097831976988,34.28736841306634
-15.35089978404584,34.9469464189784
-15.3408212483218,35.57705546996332
-15.33074271259776,36.17436454860219
-15.32066417687372,36.73584595523711
-15.31058564114968,37.25880105669088
-15.30050710542564,37.73590810770773
-15.2904285697016,38.16522572598536
-15.28035003397756,38.55020547091804
-15.27027149825352,38.88971332348012
-15.26019296252948,39.18798023965283
-15.25011442680544,39.44461388311013
-15.2400358910814,39.64961784752958
-15.22995735535736,39.80335241191334
-15.21987881963332,39.91143809039773
-15.20980028390927,39.97519657105645
-15.19972174818523,39.99091707482435
-15.18964321246119,39.96020899365486
-15.17956467673715,39.88530987519632
-15.16948614101311,39.76834177013458
-15.15940760528907,39.61674947083063
-15.14932906956503,39.43314178713566
-15.13925053384099,39.22022588038611
-15.12917199811695,38.98066109046579
-15.11909346239291,38.71249327205904
-15.10901492666887,38.41839362601501
-15.09893639094483,38.10104274709838
-15.08885785522079,37.76340921328168
-15.07877931949675,37.40800774610585
-15.06870078377271,37.03737033897364
-15.05862224804867,36.65875283715665
-15.04854371232463,36.27457286007406
-15.03846517660059,35.88168116829542
-15.02838664087655,35.48183348557053
-15.01830810515251,35.0765710739113
-15.00822956942846,34.66710673094448
-14.99815103370442,34.25466227681948
-14.98807249798038,33.84020728340654
-14.97799396225634,33.42425517805771
-14.9679154265323,33.00723780970807
-14.95783689080826,32.58927539641956
-14.94775835508422,32.17063717318562
-14.93767981936018,31.75104798637354
-14.92760128363614,31.33020730871581
-14.9175227479121,30.91264878742227
-14.90744421218806,30.50274913441446
-14.89736567646402,30.09489830712705
-14.88728714073998,29.6830077496211
-14.87720860501594,29.26625555754615
-14.8671300692919,28.84368900127521
-14.85705153356786,28.41435448514783
-14.84697299784382,27.97732018442859
-14.83689446211978,27.53169744267988
-14.82681592639574,27.08163468133439
-14.8167373906717,26.63132368361797
-14.80665885494766,26.17503039970444
-14.79658031922361,25.70709638025501
-14.78650178349957,25.2269644344524
-14.77642324777553,24.73421606876597
-14.76634471205149,24.22858054725017
-14.75626617632745,23.70994152460629
-14.74618764060341,23.17823487296604
-14.73610910487937,22.63389814343672
-14.72603056915533,22.07716119840946
-14.71595203343129,21.50854495482173
-14.70587349770725,20.92872283777942
-14.69579496198321,20.33851420064643
-14.68571642625917,19.73887600617757
-14.67563789053513,19.13586697855039
-14.66555935481109,18.53065049695542
-14.65548081908705,17.92459060525916
-14.645402283363,17.31873831028833
-14.63532374763897,16.70955389733043
-14.62524521191493,16.09843254396958
-14.61516667619088,15.48682365910837
-14.60508814046685,14.87621765045927
-14.59500960474281,14.26813265195969
-14.58493106901876,13.6641013672358
-14.57485253329472,13.06565817540142
-14.56477399757068,12.47432663437075
-14.55469546184664,11.89160750465114
-14.5446169261226,11.31896740343504
-14.53453839039856,10.75782818490104
-14.52445985467452,10.20955712814313
-14.51438131895048,9.675457999262708
-14.50430278322644,9.156763039075315
-14.4942242475024,8.654625912806081
-14.48414571177836,8.170115643283468
-14.47406717605432,7.70421153470109
-14.46398864033028,7.257799080213553
-14.45391010460624,6.831666833670042
-14.4438315688822,6.426397824260548
-14.43375303315815,6.042815867874754
-14.42367449743412,5.681169793334504
-14.41359596171008,5.342082755079144
-14.40351742598603,5.025604105109939
-14.393438890262,4.732160088311716
-14.38336035453795,4.461713339324342
-14.37328181881391,4.214400923141305
-14.36320328308987,3.989795945946257
-14.35312474736583,3.788067697179332
-14.34304621164179,3.60861622490427
-14.33296767591775,3.451579451152281
-14.32288914019371,3.316285763168151
-14.31281060446967,3.202261194263015
-14.30273206874563,3.108859823088749
-14.29265353302159,3.03571595985869
-14.28257499729755,2.982039798279045
-14.27249646157351,2.947123349473489
-14.26241792584947,2.930211114402999
-14.25233939012543,2.930504591707386
-14.24226085440139,2.947060353110618
-14.23218231867735,2.979242085732993
-14.2221037829533,3.025909677172487
-14.21202524722927,3.086372582129107
-14.20194671150522,3.159551406887326
-14.19186817578118,3.244483657443379
-14.18178964005714,3.340194248943975
-14.1717111043331,3.445699883531948
-14.16163256860906,3.560013420017993
-14.15155403288502,3.682148232148505
-14.14147549716098,3.811016158034028
-14.13139696143694,3.945879424244894
-14.1213184257129,4.0856459866176
-14.11123988998886,4.229375100811429
-14.10116135426482,4.376147565339118
-14.09108281854078,4.525069710972012
-14.08100428281674,4.675277227618851
-14.0709257470927,4.825938795520921
-14.06084721136866,4.976259486794365
-14.05076867564462,5.125483903572507
-14.04069013992058,5.272899020256311
-14.03061160419654,5.417836699628609
-14.0205330684725,5.559675855747715
-14.01045453274845,5.697844240496261
-14.00037599702442,5.831713445675895
-13.99029746130037,5.960941113782117
-13.98021892557633,6.090184227736845
-13.97014038985229,6.218905843478394
-13.96006185412825,6.341742839598038
-13.94998331840421,6.458358255983078
-13.93990478268017,6.568467177135892
-13.92982624695613,6.671836213743595
-13.91974771123209,6.768282567615313
-13.90966917550805,6.857566302647573
-13.89959063978401,6.939729844726832
-13.88951210405997,7.014834586238904
-13.87943356833593,7.082750912988467
-13.86935503261189,7.143522983521549
-13.85927649688785,7.197231861765959
-13.84919796116381,7.243992260600817
-13.83911942543977,7.283949053267846
-13.82904088971572,7.317273588722108
-13.81896235399169,7.344159848508745
-13.80888381826764,7.364820484141211
-13.7988052825436,7.379482775278427
-13.78872674681956,7.388384550269832
-13.77864821109552,7.391770111853148
-13.76856967537148,7.390020089470666
-13.75849113964744,7.383039770978045
-13.7484126039234,7.371411887724077
-13.73833406819936,7.360104157665972
-13.72825553247532,7.349535477337465
-13.71817699675128,7.334730608958949
-13.70809846102724,7.315805727897616
-13.6980199253032,7.29285918216921
-13.68794138957916,7.265970521181461
-13.67786285385512,7.23519991726889
-13.66778431813108,7.200588000314017
-13.65770578240704,7.162156121527175
-13.647627246683,7.119907057458667
-13.63754871095896,7.073826159540057
-13.62747017523491,7.023882947932007
-13.61739163951087,6.970033141267987
-13.60731310378683,6.912221106140393
-13.5972345680628,6.850382702028457
-13.58715603233875,6.784448488999198
-13.57707749661471,6.714347257134341
-13.56699896089067,6.640009828478418
-13.55692042516663,6.561373074608358
-13.54684188944259,6.478384085937629
-13.53676335371855,6.391004422825833
-13.52668481799451,6.2992143736882
-13.51660628227047,6.203017141783004
-13.50652774654643,6.102442880359192
-13.49644921082239,5.99755249548998
-13.48637067509835,5.888441137273426
-13.47629213937431,5.775241303169844
-13.46621360365027,5.658125482038558
-13.45613506792623,5.542282296531265
-13.44605653220219,5.427932158650295
-13.43597799647815,5.310328658003219
-13.42589946075411,5.189745636698835
-13.41582092503007,5.066503640297152
-13.40574238930602,4.940969642082878
-13.39566385358198,4.813556000215133
-13.38558531785794,4.68471864339841
-13.3755067821339,4.554954494194707
-13.36542824640986,4.424798152330744
-13.35534971068582,4.294817873061058
-13.34527117496178,4.165610887566563
-13.33519263923774,4.037798123270383
-13.3251141035137,3.912018391648452
-13.31503556778966,3.788922119452938
-13.30495703206562,3.669164706147693
-13.29487849634158,3.553399595716112
-13.28479996061754,3.44227115482485
-13.2747214248935,3.336407451632541
-13.26464288916946,3.236413030376497
-13.25456435344542,3.142861776336041
-13.24448581772138,3.056289963965276
-13.23440728199734,2.977189578032097
-13.2243287462733,2.906001993624777
-13.21425021054925,2.843112096024412
-13.20417167482521,2.788842915819532
-13.19409313910117,2.743450848377328
-13.18401460337713,2.707121519990773
-13.17393606765309,2.679966355782909
-13.16385753192905,2.662019896842944
-13.15377899620501,2.653237906150203
-13.14370046048097,2.653496294653229
-13.13362192475693,2.662590890441049
-13.12354338903289,2.680238065291157
-13.11346485330885,2.706076224018501
-13.10338631758481,2.739668152995652
-13.09330778186077,2.78050421498532
-13.08322924613673,2.828006368050332
-13.07315071041269,2.881532976825429
-13.06307217468865,2.940277985304586
-13.05299363896461,3.003724796536313
-13.04291510324057,3.070944258555078
-13.03283656751652,3.141103522280641
-13.02275803179249,3.213340162158136
-13.01267949606845,3.286770576773666
-13.0026009603444,3.360498699113625
-12.99252242462036,3.43362491712785
-12.98244388889632,3.505255099811163
-12.97236535317228,3.574509619865603
-12.96228681744824,3.640532261317165
-12.9522082817242,3.702498899388069
-12.94212974600016,3.7596258405934
-12.93205121027612,3.811177713532063
-12.92197267455208,3.856474805229738
-12.91189413882804,3.894899744175749
-12.901815603104,3.925903439339616
-12.89173706737996,3.949010194370536
-12.88165853165592,3.963821927739469
-12.87157999593188,3.970021442596884
-12.86150146020784,3.96737470436326
-12.8514229244838,3.96070612195917
-12.84134438875976,3.94991289370335
-12.83126585303572,3.929964690629085
-12.82118731731167,3.900782300680017
-12.81110878158763,3.862709383147691
-12.8010302458636,3.815800757291295
-12.79095171013955,3.760320088969844
-12.78087317441551,3.696601509703436
-12.77079463869147,3.625044350059329
-12.76071610296743,3.546107200407108
-12.75063756724339,3.460301399068364
-12.74055903151935,3.3681840553239
-12.73048049579531,3.270350720040929
-12.72040196007127,3.16742781975594
-12.71032342434723,3.060064970863865
-12.70024488862319,2.94892728914574
-12.69016635289915,2.834687806294357
-12.68008781717511,2.71802009950191
-12.67000928145107,2.599591232732509
-12.65993074572703,2.480055099234228
-12.64985221000299,2.360046244401456
-12.63977367427895,2.240174236555606
-12.6296951385549,2.12101864086461
-12.61961660283086,2.003258516319391
-12.60953806710682,1.887167362547925
-12.59945953138278,1.773319064970087
-12.58938099565874,1.662138008031602
-12.5793024599347,1.554003889878077
-12.56922392421066,1.449250824090931
-12.55914538848662,1.348167089844616
-12.54906685276258,1.250995493439086
-12.53898831703854,1.157827907062738
-12.5289097813145,1.069054330259026
-12.51883124559046,0.9846558781665121
-12.50875270986642,0.9047084728226208
-12.49867417414238,0.8292516456543021
-12.48859563841834,0.7582914932762537
-12.4785171026943,0.6918038491572874
-12.46843856697026,0.6297376128797227
-12.45836003124622,0.5720181812835979
-12.44828149552218,0.5185509291527829
-12.43820295979814,0.4692246911030795
-12.4281244240741,0.4239152008092934
-12.41804588835005,0.3824884484969109
-12.40796735262601,0.3448039225684045
-12.39788881690197,0.3107177061881563
-12.38781028117793,0.2800854044807125
-12.37773174545389,0.2527648825877566
-12.36765320972985,0.2286187990810988
-12.35757467400581,0.2075169230630554
-12.34749613828177,0.1893382266432958
-12.33741760255773,0.1739727473247658
-12.32733906683369,0.1613232171434852
-12.31726053110965,0.1513064571905152
-12.30718199538561,0.1438545374205001
-12.29710345966157,0.1389157024583667
-12.28702492393753,0.1364550645076884
-12.27694638821349,0.1364550645076884
-12.26686785248945,0.1389157024583667
-12.25678931676541,0.1438545374205001
-12.24671078104137,0.1513064571905152
-12.23663224531732,0.1613232171434852
-12.22655370959328,0.1739727473247658
-12.21647517386925,0.1893382266432958
-12.2063966381452,0.2075169230630554
-12.19631810242116,0.2286187990810988
-12.18623956669712,0.2527648825877566
-12.17616103097308,0.2800854044807125
-12.16608249524904,0.3107177061881563
-12.156003959525,0.3448039225684045
-12.14592542380096,0.3824884484969109
-12.13584688807692,0.4239152008092934
-12.12576835235288,0.4692246911030795
-12.11568981662884,0.5185509291527829
-12.1056112809048,0.5720181812835979
-12.09553274518076,0.6297376128797227
-12.08545420945672,0.6918038491572874
-12.07537567373268,0.7582914932762537
-12.06529713800864,0.8292516456543021
-12.0552186022846,0.9047084728226208
-12.04514006656056,0.9846558781665121
-12.03506153083651,1.069054330259026
-12.02498299511247,1.157827907062738
-12.01490445938843,1.250861615890716
-12.0048259236644,1.347999049543453
-11.99474738794035,1.449040438353451
-11.98466885221631,1.553741155876039
-11.97459031649227,1.661810732595181
-11.96451178076823,1.77291242722992
-11.95443324504419,1.886663399030212
-11.94435470932015,2.002635516878046
-11.93427617359611,2.120250442534519
-11.92419763787207,2.239229401053875
-11.91411910214803,2.358887103606064
-11.90404056642399,2.478636651553732
-11.89396203069995,2.597859871873991
-11.88388349497591,2.715912155781037
-11.87380495925187,2.832127879351536
-11.86372642352783,2.945826349783269
-11.85364788780379,3.056318208755267
-11.84356935207975,3.162912213062061
-11.8334908163557,3.264922302566867
-11.82341228063166,3.361674856841867
-11.81333374490762,3.45251603489602
-11.80325520918358,3.536819087355037
-11.79317667345954,3.613991527535654
-11.7830981377355,3.683482047179913
-11.77301960201146,3.744787064263913
-11.76294106628742,3.797590671839482
-11.75286253056338,3.841268783086069
-11.74278399483934,3.875602910948715
-11.7327054591153,3.900336665135238
-11.72262692339126,3.915285437251882
-11.71254838766722,3.920338822235435
-11.70246985194318,3.920436148012981
-11.69239131621914,3.915581161256806
-11.6823127804951,3.900842129463291
-11.67223424477106,3.876337360712967
-11.66215570904702,3.842259883580297
-11.65207717332298,3.798875241971607
-11.64199863759894,3.746518425122432
-11.6319201018749,3.685589990900787
-11.62184156615085,3.616551454478475
-11.61176303042681,3.539920026717507
-11.60168449470277,3.456262797004618
-11.59160595897873,3.366190463535745
-11.58152742325469,3.270350720040929
-11.57144888753065,3.169421411544095
-11.56137035180661,3.064103572927611
-11.55129181608257,2.955114462835341
-11.54121328035853,2.843180701875212
-11.53113474463449,2.72903161830456
-11.52105620891045,2.613392896579921
-11.51097767318641,2.496980614553916
-11.50089913746237,2.380495743968849
-11.49082060173833,2.264619176522657
-11.48074206601429,2.150007324482033
-11.47066353029025,2.037288330916402
-11.46058499456621,1.927058910455471
-11.45050645884217,1.819881827358393
-11.44042792311812,1.716284003938144
-11.43034938739408,1.61675523930572
-11.42027085167005,1.521747506254871
-11.410192315946,1.431674783139105
-11.40011378022196,1.346913368003917
-11.39003524449792,1.26780261419674
-11.37995670877388,1.194646020314053
-11.36987817304984,1.127712602748372
-11.3597996373258,1.067238476316639
-11.34972110160176,1.013428567496054
-11.33964256587772,0.9664583856362945
-11.32956403015368,0.9264757800962923
-11.31948549442964,0.8936026154744421
-11.3094069587056,0.8679363028394801
-11.29932842298156,0.8495511319752387
-11.28924988725752,0.8384993579535837
-11.27917135153348,0.8348120046545204
-11.26909281580944,0.8384993579535837
-11.2590142800854,0.8495511319752387
-11.24893574436136,0.8679363028394801
-11.23885720863731,0.8936026154744421
-11.22877867291327,0.9264757800962923
-11.21870013718923,0.9665922631846653
-11.20862160146519,1.013596607797217
-11.19854306574115,1.067448862054119
-11.18846453001711,1.12797533675041
-11.17838599429307,1.194973295750474
-11.16830745856903,1.268209251936908
-11.15822892284499,1.347417331521631
-11.14815038712095,1.432297782580449
-11.13807185139691,1.522515704584962
-11.12799331567287,1.617700074807452
-11.11791477994883,1.717443144733536
-11.10783624422479,1.821300275038889
-11.09775770850075,1.92879027131399
-11.08767917277671,2.039396274637275
-11.07760063705267,2.152567251424855
-11.06752210132863,2.267720115885128
-11.05744356560459,2.384242506077447
-11.04736502988055,2.501496221247794
-11.0372864941565,2.618821314053985
-11.02720795843246,2.735540816786593
-11.01712942270842,2.850966066047555
-11.00705088698438,2.964402575887411
-10.99697235126034,3.075156395451287
-10.9868938155363,3.182540874067617
-10.97681527981226,3.28588374474686
-10.96673674408822,3.38453442653593
-10.95665820836418,3.477871437367403
-10.94657967264014,3.565309802186289
-10.9365011369161,3.64630833642599
-10.92642260119206,3.720510560035883
-10.91634406546802,3.787250017150018
-10.90626552974398,3.84626541357504
-10.89618699401994,3.897258622927336
-10.8861084582959,3.940005995015489
-10.87602992257186,3.974362472845046
-10.86595138684782,4.000264821887884
-10.85587285112378,4.017733899008872
-10.84579431539974,4.031849926029619
-10.8357157796757,4.042766798310373
-10.82563724395165,4.045711671307879
-10.81555870822761,4.040969809803725
-10.80548017250357,4.028908426644858
-10.79540163677953,4.009973451641269
-10.78532310105549,3.984578849088562
-10.77524456533145,3.953548928499573
-10.76516602960741,3.917403173308732
-10.75508749388337,3.876850503565248
-10.74500895815933,3.83264753669465
-10.73493042243529,3.78559005765116
-10.72485188671125,3.736503940368227
-10.71477335098721,3.686235648573038
-10.70469481526317,3.635642450453942
-10.69461627953913,3.585716363372415
-10.68453774381509,3.537072866573096
-10.67445920809105,3.490650054074082
-10.66438067236701,3.447251531034597
-10.65430213664296,3.40764372760106
-10.64422360091892,3.372547360664868
-10.63414506519488,3.342629550915609
-10.62406652947084,3.318496702434933
-10.6139879937468,3.300688239975091
-10.60390945802276,3.289671285601521
-10.59383092229872,3.285836341767216
-10.58375238657468,3.289494032354844
-10.57367385085064,3.300872937004645
-10.5635953151266,3.320118537381143
-10.55351677940256,3.347293277161703
-10.54343824367852,3.382377720698276
-10.53335970795448,3.425272778753015
-10.52328117223044,3.475802953679561
-10.5132026365064,3.533720541151519
-10.50312410078236,3.598710711258805
-10.49304556505832,3.670397378723945
-10.48296702933428,3.748349760345679
-10.47288849361024,3.832089507754159
-10.4628099578862,3.921098295340378
-10.45273142216216,4.014825736960765
-10.44265288643811,4.112697500848411
-10.43257435071407,4.214123490187684
-10.42249581499003,4.318505957096814
-10.41241727926599,4.425247420343101
-10.40233874354195,4.533758261975348
-10.39226020781791,4.643463885141022
-10.38218167209387,4.753811324558438
-10.37210313636983,4.864275212286524
-10.36202460064579,4.974363014380252
-10.35194606492175,5.083619468497885
-10.34186752919771,5.191630168256409
-10.33178899347367,5.298024256797644
-10.32171045774963,5.402476209285685
-10.31163192202559,5.50470670154186
-10.30155338630155,5.609456602040349
-10.29147485057751,5.716500190542958
-10.28139631485347,5.820643918068201
-10.27131777912943,5.921710761650691
-10.26123924340539,6.019563964740782
-10.25116070768135,6.11410416144393
-10.2410821719573,6.205265942189335
-10.23100363623326,6.293013949336848
-10.22092510050922,6.3773385974138
-10.21084656478518,6.458251516704812
-10.20076802906114,6.535780820761813
-10.1906894933371,6.609966298081995
-10.18061095761306,6.680854625799333
-10.17053242188902,6.748494698886105
-10.16045388616498,6.812933162248676
-10.15037535044094,6.874210225452782
-10.1402968147169,6.932355830886531
-10.13021827899286,6.987386236247062
-10.12013974326882,7.039301061615194
-10.11006120754478,7.088080840359941
-10.09998267182074,7.133685101982963
-10.0899041360967,7.17605100404563
-10.07982560037266,7.215092519766993
-10.06974706464861,7.250700177954943
-10.05966852892458,7.282741342812092
-10.04958999320054,7.311061012977314
-10.03951145747649,7.335483112014175
-10.02943292175245,7.35581223648586
-10.01935438602841,7.371835822768318
-10.00927585030437,7.388300712496871
-9.999197314580332,7.40493014283642
-9.989118778856291,7.41642738121208
-9.979040243132252,7.422465946958683
-9.968961707408212,7.422720086032055
-9.958883171684171,7.416869360951753
-9.94880463596013,7.404603268712396
-9.938726100236089,7.385625824066934
-9.928647564512048,7.359553658505386
-9.918569028788008,7.32650185148272
-9.908490493063969,7.285877796939049
-9.898411957339928,7.237595421880119
-9.888333421615886,7.181497345093942
-9.878254885891847,7.117464578180779
-9.868176350167806,7.045419458355655
-9.858097814443765,6.965328169997231
-9.848019278719724,6.877202826721276
-9.837940742995684,6.781103090359428
-9.827862207271645,6.677137308042454
-9.817783671547604,6.565463153641273
-9.807705135823563,6.446287765120029
-9.797626600099521,6.319867374902369
-9.787548064375482,6.186640313676281
-9.777469528651441,6.051698316625687
-9.767390992927401,5.915641628656924
-9.75731245720336,5.773628260591986
-9.747233921479321,5.626173488785523
-9.73715538575528,5.473726118082379
-9.727076850031239,5.317040146303405
-9.716998314307197,5.156169237590837
-9.706919778583156,4.992015373418444
-9.696841242859117,4.824928953766713
-9.686762707135077,4.655627011958384
-9.676684171411036,4.484741971585186
-9.666605635686995,4.312924324578717
-9.656527099962956,4.140838896112445
-9.646448564238915,3.969295026614013
-9.636370028514873,3.798741631452494
-9.626291492790834,3.629972732120542
-9.616212957066795,3.463676683697742
-9.606134421342754,3.300673572237848
-9.596055885618712,3.141411333359837
-9.585977349894671,2.986672556874888
-9.57589881417063,2.837125178469583
-9.565820278446591,2.693561503548371
-9.55574174272255,2.556396081731025
-9.54566320699851,2.426374360450344
-9.535584671274469,2.304259156964356
-9.52550613555043,2.190436372485138
-9.515427599826388,2.08562505908184
-9.505349064102347,1.990565236331228
-9.495270528378306,1.905624850243359
-9.485191992654265,1.831510955350385
-9.475113456930227,1.76882461161355
-9.465034921206186,1.718169965985983
-9.454956385482145,1.680157045169769
-9.444877849758104,1.655404566480751
-9.434799314034064,1.644542680097167
-9.424720778310023,1.648215553319478
-9.414642242585982,1.667217583790458
-9.404563706861943,1.701994048749082
-9.394485171137903,1.753351633716031
-9.384406635413862,1.821905531279979
-9.374328099689821,1.908633966393652
-9.36424956396578,2.014169136996348
-9.354171028241739,2.139297727086446
-9.344092492517699,2.284825401752646
-9.334013956793658,2.451708215164994
-9.323935421069619,2.64068179017596
-9.313856885345578,2.852464671518227
-9.303778349621538,3.08801453510652
-9.293699813897497,3.348180958096818
-9.283621278173456,3.633804906663797
-9.273542742449415,3.945710961480267
-9.263464206725375,4.284832588913683
-9.253385671001336,4.651701410836825
-9.243307135277295,5.047146075266826
-9.233228599553254,5.471833978401681
-9.223150063829213,5.926366478455406
-9.213071528105173,6.41126731882976
-9.202992992381132,6.926970777036005
-9.192914456657091,7.473809678393522
-9.182835920933051,8.05200342458304
-9.172757385209012,8.661646196766746
-9.162678849484971,9.302695500952691
-9.15260031376093,9.974961229321444
-9.142521778036889,10.67809541510175
-9.132443242312847,11.41158286004292
-9.122364706588808,12.17473281237045
-9.112286170864769,12.96667186914013
-9.102207635140728,13.78633826997515
-9.092129099416686,14.632371349569
-9.082050563692647,15.50369056649882
-9.071972027968606,16.39828459286888
-9.061893492244565,17.31442294021253
-9.051814956520523,18.25021172001403
-9.041736420796484,19.20320414244242
-9.031657885072445,20.17111704750941
-9.021579349348404,21.1513930306549
-9.011500813624362,22.14145255737087
-9.001422277900321,23.14318053539592
-8.991343742176282,24.15366525012771
-8.981265206452241,25.16476897608938
-8.971186670728201,26.17324064506847
-8.96110813500416,27.17576370859388
-8.951029599280121,28.16897928562581
-8.94095106355608,29.14951032088523
-8.930872527832038,30.11398648035416
-8.920793992107997,31.05906949294482
-8.910715456383956,31.98147863430458
-8.900636920659917,32.87801604056845
-8.890558384935877,33.74559153687597
-8.880479849211836,34.58124666780947
-8.870401313487795,35.38715164733134
-8.860322777763756,36.16066849607475
-8.850244242039714,36.89929167593099
-8.840165706315673,37.60066702633541
-8.830087170591632,38.25768876340219
-8.820008634867593,38.86847326417087
-8.809930099143553,39.44134591103479
-8.799851563419512,39.97487943329686
-8.789773027695471,40.46287617585082
-8.77969449197143,40.90436028901895
-8.769615956247391,41.29363352241487
-8.759537420523349,41.63026246661803
-8.74945888479931,41.91410295474807
-8.739380349075269,42.14542949928105
-8.729301813351229,42.32940077430039
-8.719223277627188,42.46677290025512
-8.709144741903147,42.55357403186338
-8.699066206179106,42.59068190175081
-8.688987670455065,42.58451744482448
-8.678909134731025,42.53659431524702
-8.668830599006986,42.44360735567006
-8.658752063282945,42.30739989984541
-8.648673527558904,42.13494432796245
-8.638594991834864,41.92847002704033
-8.628516456110823,41.68494216838103
-8.618437920386782,41.41171110826323
-8.608359384662743,41.1110856108926
-8.598280848938703,40.78055471879113
-8.588202313214662,40.42722895408751
-8.578123777490621,40.05357272745798
-8.56804524176658,39.65694144224078
-8.557966706042539,39.23979378266566
-8.547888170318499,38.80433735798187
-8.537809634594458,38.35272448655014
-8.527731098870419,37.88730281029038
-8.517652563146378,37.41039831993821
-8.507574027422338,36.92391181351531
-8.497495491698297,36.43499430300468
-8.487416955974256,35.94574083031232
-8.477338420250215,35.45279034755485
-8.467259884526175,34.95815061212566
-8.457181348802136,34.46327220953379
-8.447102813078095,33.96986163524422
-8.437024277354054,33.4794321179558
-8.426945741630012,32.99340905779196
-8.416867205905973,32.51810365800623
-8.406788670181932,32.05970119622724
-8.396710134457891,31.61427624654041
-8.386631598733851,31.17778109313641
-8.376553063009812,30.75106103355765
-8.366474527285771,30.33488419737146
-8.35639599156173,29.93007963534903
-8.346317455837688,29.5420145539926
-8.336238920113647,29.17132228001777
-8.326160384389608,28.81346036952993
-8.316081848665569,28.46880937461419
-8.306003312941527,28.13770556349286
-8.295924777217486,27.82044786564261
-8.285846241493447,27.51730496506428
-8.275767705769406,27.2285224782066
-8.265689170045365,26.95433014254001
-8.255610634321323,26.69494893062605
-8.245532098597284,26.45059799327208
-8.235453562873245,26.22150132458826
-8.225375027149203,26.0078940320736
-8.215296491425162,25.81002808684732
-8.205217955701121,25.62817742337802
-8.195139419977082,25.46264225505814
-8.185060884253041,25.31375247216693
-8.174982348529001,25.18186999250879
-8.16490381280496,25.07236396522804
-8.154825277080921,24.98562478899097
-8.144746741356879,24.91706311658097
-8.134668205632838,24.87206778385224
-8.124589669908797,24.85104239716507
-8.114511134184756,24.84940073079546
-8.104432598460717,24.86754688853183
-8.094354062736677,24.91086798510865
-8.084275527012636,24.97963299234537
-8.074196991288595,25.06943046071721
-8.064118455564556,25.18056855053822
-8.054039919840514,25.31308896207024
-8.043961384116473,25.46732885251637
-8.033882848392432,25.64345917846394
-8.023804312668393,25.84157635075121
-8.013725776944353,26.06168705646388
-8.003647241220312,26.30369291124595
-7.993568705496271,26.56737523348199
-7.98349016977223,26.85238024458987
-7.97341163404819,27.15820500664756
-7.96333309832415,27.4843182871322
-7.953254562600109,27.82954116574157
-7.943176026876068,28.19816763010135
-7.933097491152029,28.58884162418114
-7.923018955427988,28.99523961995233
-7.912940419703947,29.41541889340678
-7.902861883979907,29.84760644128453
-7.892783348255866,30.28951412730747
-7.882704812531826,30.73948005538125
-7.872626276807785,31.19445177241456
-7.862547741083745,31.65215730318852
-7.852469205359704,32.10969554817061
-7.842390669635664,32.56416154848078
-7.832312133911623,33.01253281236487
-7.822233598187583,33.45679992759253
-7.812155062463542,33.89339795026196
-7.8020765267395,34.3143905127592
-7.791997991015461,34.72130299959586
-7.781919455291421,35.11080163047392
-7.77184091956738,35.47461983706101
-7.761762383843339,35.80952429577771
-7.7516838481193,36.1123750363266
-7.741605312395259,36.38021311688802
-7.731526776671218,36.61016002132601
-7.721448240947177,36.80487146497844
-7.711369705223138,36.96187322262669
-7.701291169499097,37.0739852769546
-7.691212633775056,37.13964875100689
-7.681134098051015,37.16224156056474
-7.671055562326974,37.14050900641379
-7.660977026602935,37.06889610701158
-7.650898490878894,36.94683996009786
-7.640819955154853,36.77928261134101
-7.630741419430812,36.57153273765276
-7.620662883706773,36.31941731236417
-7.610584347982733,36.01876645659205
-7.600505812258691,35.67610472022305
-7.59042727653465,35.29323569504258
-7.58034874081061,34.86736422245637
-7.570270205086571,34.40598720089745
-7.56019166936253,33.91191433085167
-7.550113133638488,33.38827321943448
-7.540034597914448,32.8384561456626
-7.529956062190409,32.26111747133048
-7.519877526466368,31.66012844696646
-7.509798990742326,31.03956945844182
-7.499720455018286,30.40358761847046
-7.489641919294247,29.75683395518269
-7.479563383570206,29.10366136131036
-7.469484847846164,28.44871943285963
-7.459406312122124,27.79633199798077
-7.449327776398083,27.15113741879709
-7.439249240674044,26.52257412144105
-7.429170704950003,25.9148545210005
-7.419092169225962,25.32737402887681
-7.409013633501921,24.76395138703241
-7.398935097777882,24.22832126354614
-7.388856562053841,23.7239678497568
-7.3787780263298,23.25409485679706
-7.368699490605759,22.82159832295065
-7.358620954881719,22.42904248966516
-7.348542419157679,22.07863897106711
-7.338463883433638,21.77222940733055
-7.328385347709597,21.51127175654459
-7.318306811985557,21.2969642206299
-7.308228276261517,21.12973778343336
-7.298149740537476,21.00996293601477
-7.288071204813436,20.9375037599139
-7.277992669089395,20.91196375422534
-7.267914133365355,20.93232771520218
-7.257835597641314,20.99718237993449
-7.247757061917274,21.10488799802436
-7.237678526193233,21.25370475422195
-7.227599990469192,21.44121343223381
-7.217521454745152,21.66473651137603
-7.207442919021112,21.92168067159003
-7.197364383297071,22.20885896093726
-7.18728584757303,22.52315912533605
-7.17720731184899,22.86083671744515
-7.16712877612495,23.21884151299034
-7.157050240400909,23.59319648224546
-7.146971704676868,23.98532583699795
-7.136893168952827,24.39165892223151
-7.126814633228788,24.80327272926243
-7.116736097504747,25.21675773839868
-7.106657561780707,25.62833084739362
-7.096579026056665,26.03468497127452
-7.086500490332626,26.43257366481864
-7.076421954608585,26.81908120587186
-7.066343418884545,27.19114830262606
-7.056264883160503,27.5463050452458
-7.046186347436464,27.88721803109134
-7.036107811712423,28.21182806408903
-7.026029275988383,28.51325774835905
-7.015950740264342,28.79522966780443
-7.0058722045403,29.06137836870455
-6.995793668816261,29.30576923520887
-6.985715133092221,29.52275100769582
-6.97563659736818,29.71196485638358
-6.965558061644139,29.87833794036726
-6.9554795259201,30.0220876071715
-6.945400990196059,30.13870870535415
-6.935322454472018,30.22894427505608
-6.925243918747977,30.29379364584367
-6.915165383023938,30.33449220113243
-6.905086847299897,30.3573567785607
-6.895008311575856,30.36422355380712
-6.884929775851815,30.35171452687904
-6.874851240127774,30.32159344464804
-6.864772704403735,30.27608013389498
-6.854694168679694,30.22209012463431
-6.844615632955653,30.16172491959392
-6.834537097231612,30.09211397076903
-6.824458561507573,30.01537775229741
-6.814380025783532,29.93363202758759
-6.804301490059491,29.84899493060103
-6.79422295433545,29.76351429443325
-6.78414441861141,29.67915033786383
-6.77406588288737,29.59781378643957
-6.763987347163329,29.52121808181679
-6.753908811439288,29.4513147762509
-6.743830275715248,29.3895740406081
-6.733751739991208,29.33747704434258
-6.723673204267167,29.29626818156062
-6.713594668543126,29.26729012517882
-6.703516132819087,29.25669156602493
-6.693437597095046,29.26522984901763
-6.683359061371005,29.28852953001554
-6.673280525646964,29.32738065793646
-6.663201989922924,29.38702906056264
-6.653123454198884,29.46758505590331
-6.643044918474843,29.56433757363234
-6.632966382750803,29.67692575175557
-6.622887847026762,29.80531500831199
-6.612809311302722,29.94895539042071
-6.602730775578681,30.10728409657363
-6.592652239854641,30.27972665668286
-6.5825737041306,30.46519682047612
-6.572495168406559,30.66791479164812
-6.56241663268252,30.88647405455431
-6.552338096958478,31.11963329329225
-6.542259561234438,31.36587239294824
-6.532181025510397,31.61852960734908
-6.522102489786358,31.87568718880383
-6.512023954062316,32.13565212107106
-6.501945418338276,32.3962554830515
-6.491866882614235,32.65536338325155
-6.481788346890196,32.91075404285564
-6.471709811166154,33.16026409271478
-6.461631275442113,33.40130115914864
-6.451552739718074,33.63156829072221
-6.441474203994033,33.84863337319644
-6.431395668269992,34.05005401387145
-6.421317132545951,34.23339739671084
-6.411238596821912,34.39639522936171
-6.401160061097871,34.54143851344285
-6.39108152537383,34.66632351273335
-6.38100298964979,34.7638280858357
-6.37092445392575,34.83182861660524
-6.360845918201709,34.87332455848513
-6.350767382477668,34.89145064158554
-6.340688846753628,34.87951468275912
-6.330610311029587,34.83100687624775
-6.320531775305547,34.74463389425448
-6.310453239581507,34.61949893658532
-6.300374703857466,34.45461815492885
-6.290296168133425,34.24977849200667
-6.280217632409385,34.00473456844254
-6.270139096685345,33.72463922658627
-6.260060560961304,33.40995667140741
-6.249982025237263,33.0613048740086
-6.239903489513223,32.67982205585241
-6.229824953789183,32.26174052434599
-6.219746418065141,31.81389275898417
-6.209667882341101,31.33816493574571
-6.199589346617061,30.83659024725621
-6.189510810893021,30.31140515915237
-6.179432275168979,29.76031664611831
-6.169353739444939,29.18625833007953
-6.159275203720899,28.59697062205121
-6.149196667996859,27.99583063778619
-6.139118132272817,27.38087498436299
-6.129039596548777,26.75546551686818
-6.118961060824737,26.12328538711874
-6.108882525100696,25.48784001146311
-6.098803989376655,24.85232031254193
-6.088725453652615,24.22048905372425
-6.078646917928575,23.59607667336408
-6.068568382204534,22.98228473346624
-6.058489846480493,22.38233467123374
-6.048411310756453,21.79946443841986
-6.038332775032413,21.23701263207139
-6.028254239308372,20.6979299522768
-6.018175703584332,20.18476189673081
-6.008097167860291,19.70020921702879
-5.99801863213625,19.24680236792002
-5.98794009641221,18.8263911568291
-5.97786156068817,18.44129511391008
-5.967783024964129,18.09327741719721
-5.957704489240088,17.78365054567789
-5.947625953516048,17.51385312537084
-5.937547417792008,17.28490006270294
-5.927468882067967,17.09807669774837
-5.917390346343926,16.95373670791043
-5.907311810619887,16.85265614500493
-5.897233274895846,16.79496187048819
-5.887154739171804,16.78606718752513
-5.877076203447764,16.82575024845727
-5.866997667723724,16.9091175611169
-5.856919131999684,17.03565597168244
-5.846840596275642,17.20508902885095
-5.836762060551603,17.41694414832239
-5.826683524827562,17.67067322213515
-5.816604989103522,17.96579990978832
-5.80652645337948,18.30143067525077
-5.796447917655441,18.67697490323009
-5.7863693819314,19.09160069880031
-5.776290846207359,19.54493104181692
-5.766212310483319,20.03584014419715
-5.756133774759278,20.5636686854635
-5.746055239035238,21.12753912260816
-5.735976703311197,21.72691109910255
-5.725898167587157,22.36100603494793
-5.715819631863116,23.02880507116968
-5.705741096139076,23.72975433071192
-5.695662560415035,24.46294465471082
-5.685584024690995,25.22741905277377
-5.675505488966954,26.02740036558061
-5.665426953242913,26.86195550771054
-5.655348417518874,27.7299605587765
-5.645269881794833,28.63053939799428
-5.635191346070792,29.55726558193953
-5.625112810346751,30.50908886769445
-5.615034274622712,31.48464413851922
-5.604955738898671,32.4823776175682
-5.59487720317463,33.50061361054231
-5.58479866745059,34.53780981448156
-5.57472013172655,35.59221124710174
-5.564641596002509,36.66195315043396
-5.554563060278467,37.75003307230838
-5.544484524554428,38.85432474798115
-5.534405988830387,39.96758017915796
-5.524327453106347,41.08741999698979
-5.514248917382306,42.21163363703129
-5.504170381658266,43.33718504964126
-5.494091845934225,44.46661496951332
-5.484013310210185,45.59706567657025
-5.473934774486144,46.72095587204287
-5.463856238762104,47.83540804598601
-5.453777703038063,48.93729236708796
-5.443699167314022,50.0237143882074
-5.433620631589982,51.09192854700959
-5.423542095865941,52.13920368575679
-5.413463560141901,53.16263617754046
-5.403385024417861,54.15953803130878
-5.39330648869382,55.1322972463526
-5.383227952969779,56.07841139441209
-5.373149417245739,56.99561441129718
-5.363070881521699,57.88636729057585
-5.352992345797658,58.74849163208916
-5.342913810073617,59.58015963427527
-5.332835274349577,60.37422594587586
-5.322756738625537,61.12420191921302
-5.312678202901496,61.82843602751063
-5.302599667177455,62.48554347938825
-5.292521131453415,63.09969984393536
-5.282442595729375,63.67481688162973
-5.272364060005334,64.20550627711488
-5.262285524281293,64.68622151504815
-5.252206988557253,65.12174167004993
-5.242128452833213,65.51209903811566
-5.232049917109172,65.85749135977014
-5.221971381385131,66.15827198593789
-5.211892845661091,66.4101520766252
-5.20181430993705,66.61364489828017
-5.19173577421301,66.77476043559736
-5.181657238488969,66.89455625590482
-5.171578702764929,66.96922768218317
-5.161500167040888,67.00518504500405
-5.151421631316848,67.00854938392311
-5.141343095592807,66.97585864795047
-5.131264559868767,66.90372391432317
-5.121186024144726,66.79343099691175
-5.111107488420686,66.65163443901663
-5.101028952696645,66.47990958018976
-5.090950416972604,66.27497949779213
-5.080871881248564,66.04316145623339
-5.070793345524524,65.78610467030634
-5.060714809800483,65.50046668235503
-5.050636274076442,65.19246982635212
-5.040557738352402,64.86364272965285
-5.030479202628362,64.51036659968679
-5.020400666904322,64.13396279047498
-5.01032213118028,63.74068896759018
-5.00024359545624,63.3317502143682
-4.9901650597322,62.90840517380947
-4.980086524008159,62.47159801264491
-4.970007988284118,62.02206020202041
-4.959929452560078,61.56102113501039
-4.949850916836038,61.08916066980218
-4.939772381111997,60.60722049922835
-4.929693845387957,60.11090070608655
-4.919615309663916,59.60085084467285
-4.909536773939876,59.07783517857894
-4.899458238215835,58.54721085179461
-4.889379702491794,58.00965651177462
-4.879301166767754,57.46073076294469
-4.869222631043713,56.90110481316365
-4.859144095319674,56.33606751144546
-4.849065559595632,55.76625464509834
-4.838987023871592,55.18720785682626
-4.828908488147551,54.59947366677074
-4.818829952423512,54.00376975040159
-4.80875141669947,53.40546364709066
-4.79867288097543,52.80530141709284
-4.78859434525139,52.20393963806337
-4.778515809527349,51.60716517973157
-4.768437273803309,51.01043924589411
-4.758358738079267,50.40949131784684
-4.748280202355228,49.80533616084738
-4.738201666631187,49.19859504856046
-4.728123130907147,48.59044783376734
-4.718044595183105,47.98179205472882
-4.707966059459066,47.37374491869372
-4.697887523735025,46.77248269181285
-4.687808988010985,46.18422662282859
-4.677730452286944,45.60525380906986
-4.667651916562903,45.03187922932652
-4.657573380838863,44.46546263764456
-4.647494845114822,43.90756183299112
-4.637416309390782,43.35931672084805
-4.627337773666741,42.82259610300269
-4.617259237942701,42.29882988073893
-4.607180702218661,41.78960413751359
-4.59710216649462,41.30646133945911
-4.587023630770579,40.85091344002544
-4.576945095046539,40.41432033442546
-4.566866559322499,39.99842812406296
-4.556788023598457,39.60419520558344
-4.546709487874417,39.23796064343178
-4.536630952150377,38.90086071716045
-4.526552416426337,38.58891979896685
-4.516473880702295,38.3030215330704
-4.506395344978255,38.04392068020057
-4.496316809254215,37.8122297960258
-4.486238273530175,37.60840695645236
-4.476159737806134,37.4326383657896
-4.466081202082093,37.2854103322477
-4.456002666358053,37.17115879210031
-4.445924130634013,37.08982899568554
-4.435845594909972,37.035922863324
-4.425767059185931,37.00885793507178
-4.415688523461891,37.00759949029984
-4.40560998773785,37.03103157868925
-4.39553145201381,37.07788262553419
-4.385452916289769,37.14683967981023
-4.375374380565729,37.23595056382221
-4.365295844841688,37.34368586338146
-4.355217309117648,37.46824363665025
-4.345138773393607,37.60759738306137
-4.335060237669567,37.75927249153337
-4.324981701945526,37.92636086338234
-4.314903166221486,38.10629101038341
-4.304824630497445,38.2919035462562
-4.294746094773404,38.48558936749837
-4.284667559049364,38.68498626431604
-4.274589023325324,38.88225899097667
-4.264510487601283,39.07526353896392
-4.254431951877242,39.26143783296476
-4.244353416153202,39.44329754426868
-4.234274880429162,39.61867692911626
-4.224196344705121,39.78061998913674
-4.21411780898108,39.93164911371318
-4.20403927325704,40.07003156526748
-4.193960737533,40.18860512201648
-4.183882201808959,40.28604044708888
-4.173803666084918,40.36583008816844
-4.163725130360878,40.42631233103543
-4.153646594636838,40.46183600907445
-4.143568058912797,40.47606930428493
-4.133489523188757,40.46825499949458
-4.123410987464716,40.43308004861522
-4.113332451740676,40.37019486111964
-4.103253916016635,40.27923954919081
-4.093175380292594,40.16031113739366
-4.083096844568554,40.01396045962203
-4.073018308844513,39.84545259101882
-4.062939773120473,39.66069784257331
-4.052861237396432,39.45530968774075
-4.042782701672392,39.22553231799141
-4.032704165948351,38.97242917743633
-4.022625630224312,38.69734743897116
-4.01254709450027,38.40177397984268
-4.00246855877623,38.08737800709944
-3.992390023052189,37.76107943495151
-3.982311487328149,37.42444237111724
-3.972232951604108,37.07481849149686
-3.962154415880068,36.71416299320258
-3.952075880156027,36.3497621939945
-3.941997344431987,35.98349142219498
-3.931918808707946,35.61295693171606
-3.921840272983906,35.24044453454118
-3.911761737259865,34.86803702254949
-3.901683201535825,34.503148008312
-3.891604665811784,34.14796658590016
-3.881526130087744,33.79999623101021
-3.871447594363703,33.4612107066439
-3.861369058639663,33.13901593016817
-3.851290522915622,32.83535312269679
-3.841211987191582,32.54718652088437
-3.831133451467541,32.27639634590084
-3.821054915743501,32.02476497342138
-3.81097638001946,31.79396516379516
-3.80089784429542,31.58554894424164
-3.790819308571379,31.4009372439518
-3.780740772847339,31.24130398983299
-3.770662237123298,31.10790876126227
-3.760583701399257,31.0019618213506
-3.750505165675217,30.92404266920818
-3.740426629951176,30.87480378813475
-3.730348094227136,30.85956683167267
-3.720269558503095,30.87870182358631
-3.710191022779055,30.92728509885288
-3.700112487055014,31.00519252382697
-3.690033951330975,31.1121277020792
-3.679955415606933,31.24741267009546
-3.669876879882894,31.41088780414284
-3.659798344158852,31.60163367347101
-3.649719808434812,31.82345335694787
-3.639641272710771,32.07533568144987
-3.629562736986731,32.35104441825319
-3.619484201262691,32.64916741186942
-3.60940566553865,32.96815385135823
-3.59932712981461,33.30637988203385
-3.589248594090569,33.66213342389321
-3.579170058366529,34.03362678517723
-3.569091522642488,34.41900946835122
-3.559012986918448,34.81638105853519
-3.548934451194407,35.22877811319925
-3.538855915470366,35.6542285162471
-3.528777379746326,36.08571076858171
-3.518698844022285,36.52115311753874
-3.508620308298245,36.9635001921945
-3.498541772574204,37.41071207436388
-3.488463236850164,37.8559105640547
-3.478384701126123,38.296875978862
-3.468306165402083,38.73676770427331
-3.458227629678043,39.17383547580071
-3.448149093954002,39.60116889907764
-3.438070558229962,40.01690118573879
-3.42799202250592,40.42447989057668
-3.417913486781881,40.82234830651633
-3.407834951057839,41.20395347437498
-3.3977564153338,41.56818715223422
-3.387677879609759,41.91384315673034
-3.377599343885718,42.23951630702851
-3.367520808161678,42.54960333544962
-3.357442272437637,42.84329741744867
-3.347363736713597,43.11469696796029
-3.337285200989556,43.36350217046023
-3.327206665265516,43.58898612270909
-3.317128129541475,43.79125711472724
-3.307049593817435,43.9750742749998
-3.296971058093394,44.1403600512178
-3.286892522369354,44.28748431489501
-3.276813986645313,44.41668502566312
-3.266735450921272,44.52308934849246
-3.256656915197232,44.61213682806416
-3.246578379473192,44.68474699129536
-3.236499843749151,44.74118267656782
-3.226421308025111,44.78228066208419
-3.21634277230107,44.80383497895713
-3.20626423657703,44.80668154427266
-3.196185700852989,44.79674364880459
-3.186107165128949,44.77514366179437
-3.176028629404908,44.73769289735451
-3.165950093680868,44.68557778192256
-3.155871557956827,44.61982292480306
-3.145793022232787,44.5417296659443
-3.135714486508746,44.4526056399605
-3.125635950784706,44.35368202161638
-3.115557415060665,44.25094477968826
-3.105478879336625,44.14571521577836
-3.095400343612584,44.03419454371171
-3.085321807888544,43.91754925534497
-3.075243272164503,43.80179830796739
-3.065164736440463,43.6882689745481
-3.055086200716422,43.57288310507321
-3.045007664992382,43.45664065693445
-3.034929129268341,43.34551020756562
-3.0248505935443,43.24038683408606
-3.01477205782026,43.13722457147044
-3.00469352209622,43.04154832396031
-2.994614986372179,42.95417550961012
-2.984536450648139,42.87066304025844
-2.974457914924098,42.79184897035351
-2.964379379200058,42.71817150236836
-2.954300843476017,42.65017238876676
-2.944222307751977,42.59323269507038
-2.934143772027936,42.54817025925723
-2.924065236303895,42.51003148493013
-2.913986700579855,42.47928972387886
-2.903908164855814,42.45629150456925
-2.893829629131774,42.44136408097708
-2.883751093407733,42.43481592355407
-2.873672557683693,42.43693647741359
-2.863594021959652,42.4479951426242
-2.853515486235612,42.46823945254085
-2.843436950511571,42.5028664709936
-2.833358414787531,42.55700752393602
-2.82327987906349,42.63071267154163
-2.81320134333945,42.71884092846539
-2.803122807615409,42.81651669106211
-2.793044271891369,42.92342955798827
-2.782965736167328,43.03935809445095
-2.772887200443288,43.16403200953356
-2.762808664719247,43.2971279385366
-2.752730128995207,43.43826507829012
-2.742651593271166,43.59197483415252
-2.732573057547126,43.75760430434087
-2.722494521823085,43.92976041225383
-2.712415986099045,44.11255830761301
-2.702337450375004,44.3052946801667
-2.692258914650964,44.50181166753259
-2.682180378926923,44.70119207129498
-2.672101843202883,44.90233898296218
-2.662023307478842,45.10408435462347
-2.651944771754802,45.30519214431953
-2.641866236030761,45.50436245554237
-2.631787700306721,45.70013029086721
-2.62170916458268,45.89642720475891
-2.61163062885864,46.09139225191963
-2.601552093134599,46.27859081240801
-2.591473557410558,46.4563224568009
-2.581395021686518,46.62321151616336
-2.571316485962478,46.78248336990845
-2.561237950238437,46.93262546561892
-2.551159414514397,47.06665816656182
-2.541080878790356,47.18826431655263
-2.531002343066316,47.30065992041472
-2.520923807342275,47.39736328401509
-2.510845271618235,47.47158713471006
-2.500766735894194,47.52191958150102
-2.490688200170154,47.54691566677912
-2.480609664446113,47.54526978352709
-2.470531128722072,47.52077341743283
-2.460452592998032,47.47233925036333
-2.450374057273991,47.39390390739254
-2.440295521549951,47.28984367565085
-2.43021698582591,47.15931238688515
-2.42013845010187,47.00172247267177
-2.410059914377829,46.81661568558436
-2.399981378653789,46.5986925842062
-2.389902842929748,46.34769445660164
-2.379824307205708,46.06401169659024
-2.369745771481667,45.74736658283896
-2.359667235757627,45.4034433002796
-2.349588700033586,45.03260846505106
-2.339510164309546,44.63040862150481
-2.329431628585505,44.2028394415152
-2.319353092861465,43.75069898750486
-2.309274557137424,43.27500363088713
-2.299196021413384,42.7768482510918
-2.289117485689343,42.25247992487493
-2.279038949965303,41.70314387015476
-2.268960414241262,41.13552455867561
-2.258881878517222,40.55104403893324
-2.248803342793181,39.94649048563337
-2.238724807069141,39.32336238021849
-2.2286462713451,38.68359670759345
-2.21856773562106,38.02911439062271
-2.20848919989702,37.36689349677722
-2.198410664172979,36.69886948576131
-2.188332128448939,36.02237552421217
-2.178253592724898,35.33941228351454
-2.168175057000858,34.65216773097329
-2.158096521276817,33.96290273931104
-2.148017985552777,33.27388882963731
-2.137939449828735,32.58739910749569
-2.127860914104695,31.90575234567924
-2.117782378380655,31.23627669791387
-2.107703842656614,30.58125909391197
-2.097625306932574,29.94290810444649
-2.087546771208533,29.32328996488718
-2.077468235484493,28.7197631812621
-2.067389699760452,28.13424384657526
-2.057311164036412,27.56872077382332
-2.047232628312371,27.02537667227443
-2.037154092588331,26.50557234259917
-2.02707555686429,26.01114481349736
-2.016997021140249,25.54892031942539
-2.006918485416209,25.12021890397443
-1.996839949692168,24.72134314958929
-1.986761413968128,24.35341847861677
-1.976682878244088,24.01740806121383
-1.966604342520047,23.71410258777371
-1.956525806796007,23.44411109235545
-1.946447271071966,23.20785303334216
-1.936368735347926,23.00568570701477
-1.926290199623885,22.83729168677177
-1.916211663899844,22.70272599319086
-1.906133128175804,22.60159977019831
-1.896054592451764,22.53356169264716
-1.885976056727723,22.49745845485369
-1.875897521003683,22.4924167190726
-1.865818985279642,22.51726939784741
-1.855740449555602,22.57067201241972
-1.845661913831561,22.65111478979943
-1.835583378107521,22.75693678400837
-1.82550484238348,22.88636936586725
-1.81542630665944,23.03750019365789
-1.805347770935399,23.20829243996343
-1.795269235211358,23.39655263821533
-1.785190699487318,23.60534630297348
-1.775112163763277,23.83245914369975
-1.765033628039237,24.07042007147663
-1.754955092315196,24.3170856675808
-1.744876556591156,24.57024177068993
-1.734798020867115,24.82773243245902
-1.724719485143075,25.0876153675389
-1.714640949419034,25.34768086761475
-1.704562413694994,25.61104704852818
-1.694483877970953,25.87619079535782
-1.684405342246913,26.13636043681086
-1.674326806522872,26.39007637971566
-1.664248270798832,26.63603411828401
-1.654169735074791,26.87300612710471
-1.644091199350751,27.10540294741118
-1.63401266362671,27.33207985548157
-1.62393412790267,27.5474413649303
-1.61385559217863,27.75118524846147
-1.603777056454589,27.94814341513213
-1.593698520730548,28.14305581088307
-1.583619985006508,28.33094351584316
-1.573541449282467,28.50695106837387
-1.563462913558427,28.67134717966065
-1.553384377834386,28.82443145681291
-1.543305842110346,28.96696768257301
-1.533227306386305,29.09945935215072
-1.523148770662265,29.22252818834616
-1.513070234938224,29.33734465997603
-1.502991699214184,29.44429385842369
-1.492913163490143,29.54461589936868
-1.482834627766103,29.63909821665999
-1.472756092042062,29.72866648788916
-1.462677556318022,29.81920865353735
-1.452599020593981,29.91157381762562
-1.442520484869941,30.00145222961292
-1.4324419491459,30.08979690758431
-1.42236341342186,30.17713022119861
-1.412284877697819,30.2639299042292
-1.402206341973779,30.35604330497115
-1.392127806249738,30.45337905253718
-1.382049270525697,30.5515612986329
-1.371970734801657,30.65062359837254
-1.361892199077617,30.75064257687545
-1.351813663353576,30.85149902719031
-1.341735127629536,30.95332819683752
-1.331656591905495,31.06078874125495
-1.321578056181455,31.17358311020358
-1.311499520457414,31.28632995149026
-1.301420984733374,31.39855746776175
-1.291342449009333,31.50963101298514
-1.281263913285293,31.61920907441405
-1.271185377561252,31.72667678010282
-1.261106841837212,31.8311544978328
-1.251028306113171,31.93208137065572
-1.240949770389131,32.03374993912377
-1.23087123466509,32.13543446112219
-1.22079269894105,32.23139869469939
-1.210714163217009,32.32088943870317
-1.200635627492968,32.40803711431531
-1.190557091768928,32.49232372257225
-1.180478556044888,32.567773453162
-1.170400020320847,32.63389314927468
-1.160321484596806,32.68986027527752
-1.150242948872766,32.73502825955055
-1.140164413148725,32.76879580622046
-1.130085877424685,32.80055736642346
-1.120007341700644,32.82973309258379
-1.109928805976604,32.84590475726637
-1.099850270252563,32.84818220590346
-1.089771734528523,32.83641378804434
-1.079693198804482,32.81003130446079
-1.069614663080442,32.76865885935347
-1.059536127356401,32.71197974951502
-1.049457591632361,32.6397369407409
-1.03937905590832,32.5517333081543
-1.02930052018428,32.44783168897633
-1.019221984460239,32.33292881177643
-1.009143448736199,32.20696920711325
-0.9990649130121584,32.06494539074477
-0.9889863772881178,31.906884324936
-0.9789078415640773,31.7378479004773
-0.9688293058400368,31.55794741770111
-0.9587507701159963,31.36234428141189
-0.9486722343919558,31.15123686455818
-0.9385936986679152,30.92488721443195
-0.9285151629438747,30.68362146768038
-0.9184366272198342,30.42782988893064
-0.9083580914957937,30.16307437235062
-0.8982795557717532,29.88960031857577
-0.8882010200477128,29.60304463581883
-0.8781224843236721,29.30397298019802
-0.8680439485996316,28.99290407077222
-0.8579654128755911,28.67572899442511
-0.8478868771515508,28.35301337733192
-0.8378083414275102,28.02049551912758
-0.8277298057034697,27.67893495981391
-0.8176512699794292,27.32913432473438
-0.8075727342553887,26.97690854779266
-0.7974941985313482,26.62309356562368
-0.7874156628073077,26.26343441976485
-0.7773371270832671,25.8990132282681
-0.7672585913592266,25.53056028874029
-0.7571800556351861,25.15894915738246
-0.7471015199111456,24.78505624125569
-0.7370229841871051,24.40975410578157
-0.7269444484630645,24.03877235752707
-0.7168659127390241,23.67315267740769
-0.7067873770149836,23.30853383824928
-0.696708841290943,22.94563363772533
-0.6866303055669025,22.5850296411528
-0.676551769842862,22.22749584820031
-0.6664732341188215,21.87373730731272
-0.656394698394781,21.52417903079812
-0.6463161626707405,21.1793305617094
-0.6362376269466999,20.8396498000626
-0.6261590912226596,20.50554133788335
-0.616080555498619,20.17735543716046
-0.6060020197745785,19.85538764955272
-0.595923484050538,19.54485308699124
-0.5858449483264975,19.24590138986191
-0.575766412602457,18.95361862418611
-0.5656878768784165,18.66801605369693
-0.5556093411543759,18.3890594487204
-0.5455308054303354,18.11656639345539
-0.535452269706295,17.85065788395453
-0.5253737339822544,17.59105359278504
-0.5152951982582139,17.33757755150087
-0.5052166625341734,17.09002863731954
-0.4951381268101329,16.84818488827197
-0.4850595910860924,16.61667532887842
-0.4749810553620518,16.3954457071375
-0.4649025196380113,16.17905380982187
-0.4548239839139709,15.96716113105179
-0.4447454481899303,15.75942903626208
-0.4346669124658898,15.55552240396916
-0.4245883767418493,15.35511280763773
-0.4145098410178089,15.15777482167284
-0.4044313052937683,14.96343583251725
-0.3943527695697278,14.77166881022902
-0.3842742338456873,14.58219488217614
-0.3741956981216468,14.39475019443337
-0.3641171623976063,14.20908619054119
-0.3540386266735657,14.02994348838264
-0.3439600909495253,13.85706547020451
-0.3338815552254847,13.68519790265473
-0.3238030195014442,13.51396824332054
-0.3137244837774037,13.34335880412275
-0.3036459480533633,13.17299720384469
-0.2935674123293227,13.00265696900672
-0.2834888766052822,12.83201641033565
-0.2734103408812417,12.66110532266999
-0.2633318051572012,12.48959513857555
-0.2532532694331607,12.31729941729413
-0.2431747337091202,12.14403918178552
-0.2330961979850797,11.96964224776245
-0.2230176622610391,11.79394270418907
-0.2129391265369986,11.61656779797775
-0.2028605908129581,11.4378330413512
-0.1927820550889176,11.26229850331257
-0.1827035193648771,11.08978604017036
-0.1726249836408366,10.91511267596094
-0.1625464479167961,10.7380783296053
-0.1524679121927556,10.55849384222931
-0.1423893764687151,10.37618320182603
-0.1323108407446746,10.19098590545307
-0.122232305020634,10.00275941635749
-0.1121537692965936,9.811381668814633
-0.102075233572553,9.616647180240779
-0.09199669784851253,9.418717113326561
-0.08191816212447202,9.217412692842268
-0.07183962640043151,9.012718757088134
-0.06176109067639102,8.804545469155807
-0.0516825549523505,8.593177635796412
-0.04160401922830999,8.37856716833517
-0.03152548350426949,8.160835477731206
-0.02144694778022897,7.940140235318336
-0.01136841205618847,7.716675572039811
-0.001289876332147958,7.490671816349644
0.00878865939189255,7.267262389715436
0.01886719511593306,7.04694432228577
0.02894573083997357,6.824868119051032
0.03902426656401407,6.601323815503148
0.04910280228805458,6.376631428809149
0.0591813380120951,6.151032460262237
0.06925987373613561,5.925134968686146
0.07933840946017612,5.699201706642079
0.08941694518421663,5.473648194857942
0.09949548090825712,5.248905251320791
0.1095740166322976,5.025308742782223
0.1196525523563381,4.803543137182509
0.1297310880803786,4.583928380206032
0.1398096238044192,4.366916997211266
0.1498881595284597,4.152955956651324
0.1599666952525002,3.942482465419038
0.1700452309765407,3.735919884707844
0.1801237667005812,3.533673829434771
0.1902023024246217,3.33602212032783
0.2002808381486622,3.143559038046268
0.2103593738727027,2.956483385554018
0.2204379095967433,2.775097233223068
0.2305164453207837,2.599669847018905
0.2405949810448242,2.430435926435603
0.2506735167688647,2.267594290183396
0.2607520524929053,2.111307016592412
0.2708305882169458,1.961699037296739
0.2809091239409863,1.818858174735086
0.2909876596650268,1.682835606515336
0.3010661953890673,1.553646732885876
0.3111447311131078,1.431272417558682
0.3212232668371483,1.315554177428812
0.3313018025611889,1.206643678339461
0.3413803382852293,1.104295954217376
0.3514588740092698,1.00837314031036
0.3615374097333103,0.9187131439088954
0.3716159454573509,0.8351323104111976
0.3816944811813914,0.7574281632108665
0.3917730169054319,0.6853821749728899
0.4018515526294724,0.6187625301409038
0.4119300883535129,0.5573268414293117
0.4220086240775534,0.5008247864849867
0.4320871598015939,0.4488942451332936
0.4421656955256344,0.4016451850222152
0.4522442312496749,0.3584516309756725
0.4623227669737154,0.3191640679038762
0.4724013026977559,0.2835298989952495
0.4824798384217965,0.2513015952831142
0.492558374145837,0.2222382598624709
0.5026369098698774,0.1961069970102224
0.512715445593918,0.1726840902246231
0.5227939813179585,0.1517559961914133
0.532872517041999,0.1331201642700333
0.5429510527660395,0.1165856932545248
0.55302958849008,0.1019738388920109
0.5631081242141206,0.08901199733435444
0.573186659938161,0.07778157630528147
0.5832651956622015,0.06800922952979618
0.5933437313862421,0.05956830556599041
0.6034222671102826,0.05234499565504774
0.6135008028343231,0.04623829921569157
0.6235793385583636,0.04115994456252067
0.6336578742824041,0.03703427875963906
0.6437364100064445,0.0337981390824704
0.6538149457304852,0.03140071693256887
0.6638934814545255,0.02980342326402754
0.6739720171785661,0.02897976266587401
0.6840505529026066,0.02891522123149118
0.6941290886266471,0.02960717126133975
0.7042076243506877,0.03106479371601848
0.7142861600747281,0.03330901718949641
0.7243646957987686,0.03626608042954805
0.7344432315228092,0.04021510906078915
0.7445217672468497,0.04507915842030022
0.7546003029708901,0.05092654797455216
0.7646788386949307,0.05783694470747189
0.7747573744189712,0.06590128580892274
0.7848359101430117,0.07522164936246029
0.7949144458670523,0.08591105797188391
0.8049929815910927,0.09809319923504188
0.8150715173151333,0.1119020462594842
0.8251500530391738,0.1274813610584906
0.8352285887632143,0.144984063707342
0.8453071244872548,0.1645714506158585
0.8553856602112951,0.1864122462179839
0.8654641959353359,0.2106814738210819
0.8755427316593763,0.237559133318247
0.8856212673834167,0.2672286759592279
0.8956998031074572,0.2998752694019604
0.9057783388314977,0.3356838498174964
0.9158568745555384,0.3748369618729377
0.9259354102795789,0.4174060023272602
0.9360139460036193,0.4637962736290165
0.9460924817276598,0.5140353224589052
0.9561710174517003,0.5682714191749996
0.9662495531757408,0.6266366735172522
0.9763280888997814,0.6892439222144663
0.9864066246238219,0.7561835495553803
0.9964851603478624,0.8275202847957837
1.006563696071903,0.9032900251421252
1.016642231795943,0.9834967373711208
1.026720767519984,1.068109494757294
1.036799303244025,1.157059708732647
1.046877838968065,1.250238616449371
1.056956374692105,1.34749508602574
1.067034910416146,1.448633800613284
1.077113446140186,1.553413880439618
1.087191981864227,1.661547998593143
1.097270517588268,1.77270204149244
1.107349053312308,1.886495358729048
1.117427589036349,2.002501639329676
1.127506124760389,2.120250442534519
1.13758466048443,2.239229401053875
1.14766319620847,2.358887103606064
1.157741731932511,2.478636651553732
1.167820267656551,2.597859871873991
1.177898803380591,2.716046033329408
1.187977339104632,2.832295919652699
1.198055874828673,2.94603673552075
1.208134410552713,3.056580942757305
1.218212946276754,3.163239488498482
1.228291482000794,3.265328940307034
1.238370017724834,3.36217882035958
1.248448553448875,3.453139034337365
1.258527089172916,3.537587285685127
1.268605624896956,3.614936363037385
1.278684160620997,3.684641187975304
1.288762696345037,3.746205511944409
1.298841232069078,3.79918815514963
1.308919767793118,3.843208686505779
1.318998303517159,3.877952452154057
1.329076839241199,3.903174870495671
1.33915537496524,3.91883880147243
1.34923391068928,3.924615831490309
1.359312446413321,3.925570987706811
1.369390982137361,3.921730094299532
1.379469517861402,3.908186570741965
1.389548053585442,3.885087276003474
1.399626589309483,3.852657528826295
1.409705125033523,3.811199256255978
1.419783660757564,3.761088287299935
1.429862196481604,3.70277084568183
1.439940732205645,3.636759308693829
1.450019267929685,3.563627310504314
1.460097803653726,3.484004277702054
1.470176339377766,3.398569492149466
1.480254875101807,3.30804578123611
1.490333410825847,3.213192938290486
1.500411946549888,3.114800976208866
1.510490482273928,3.013683315343249
1.520569017997969,2.910670002467186
1.530647553722009,2.806601051376436
1.54072608944605,2.702319987600882
1.55080462517009,2.598667670069896
1.560883160894131,2.496476451686499
1.570961696618171,2.396564728954648
1.581040232342212,2.299731918414963
1.591118768066252,2.20675388503013
1.601197303790293,2.118378835172748
1.611275839514333,2.035323674843049
1.621354375238374,1.958270822497848
1.631432910962414,1.887865455690825
1.641511446686455,1.824713161856039
1.651589982410496,1.76937795621626
1.661668518134536,1.722380624121633
1.671747053858576,1.684197341227765
1.681825589582617,1.655258522857787
1.691904125306657,1.635947853659486
1.701982661030698,1.626601450213923
1.712061196754739,1.627507112474343
1.722139732478779,1.638903624667519
1.73221826820282,1.660980072387501
1.74229680392686,1.693875149833891
1.752375339650901,1.737676439246391
1.762453875374941,1.792419653297114
1.772532411098981,1.85808784024349
1.782610946823022,1.934610560733821
1.792689482547063,2.021863054014787
1.802768018271103,2.119665419645951
1.812846553995144,2.227781848428666
1.822925089719184,2.345919942877593
1.833003625443225,2.473730173003283
1.843082161167265,2.610805517268869
1.853160696891305,2.756681341204946
1.863239232615346,2.910835567226285
1.873317768339386,3.072823066193963
1.883396304063427,3.241775219019367
1.893474839787468,3.417110227551089
1.903553375511508,3.598087382572701
1.913631911235549,3.783915865701944
1.923710446959589,3.973757717490585
1.93378898268363,4.166731380899733
1.94386751840767,4.361915829990984
1.953946054131711,4.558355283283845
1.964024589855751,4.755064490408304
1.974103125579792,4.951034569663602
1.984181661303832,5.145239363117173
1.994260197027873,5.336642265174778
2.004338732751913,5.52420347034836
2.014417268475954,5.706887576452594
2.024495804199995,5.883671470866834
2.034574339924035,6.053552419977107
2.044652875648076,6.215556275608523
2.054731411372116,6.368745707291102
2.064809947096157,6.512228365661568
2.074888482820197,6.645164880250876
2.084967018544237,6.766776594372938
2.095045554268278,6.881326963496091
2.105124089992318,6.988142595202848
2.115202625716359,7.081620108263662
2.125281161440399,7.161218717721108
2.13535969716444,7.226492183710431
2.14543823288848,7.277093965514432
2.155516768612521,7.312781481246962
2.165595304336561,7.333419407097684
2.175673840060602,7.338981961943721
2.185752375784642,7.329554135814995
2.195830911508683,7.305331833973476
2.205909447232723,7.266620922010587
2.215987982956764,7.213835171159857
2.226066518680804,7.147493116745049
2.236145054404845,7.068213856127313
2.246223590128885,6.976711825480109
2.256302125852926,6.878764629704726
2.266380661576966,6.775220060522121
2.276459197301007,6.661882254181704
2.286537733025047,6.539937459465237
2.296616268749088,6.410262682471884
2.306694804473128,6.273918053226812
2.316773340197169,6.132003448755622
2.326851875921209,5.985648570174069
2.33693041164525,5.836002695781035
2.347008947369291,5.684224213172044
2.357087483093331,5.531470035816423
2.367166018817372,5.378885010910502
2.377244554541412,5.227591425639057
2.387323090265453,5.078678718262799
2.397401625989493,4.93319349872189
2.407480161713534,4.792129980730382
2.417558697437574,4.656420923664212
2.427637233161615,4.526929177947942
2.437715768885655,4.404439922158241
2.447794304609695,4.289653673720637
2.457872840333736,4.183180147918739
2.467951376057777,4.085533032000988
2.478029911781817,3.997125732501142
2.488108447505858,3.918268144530414
2.498186983229898,3.849164481801238
2.508265518953939,3.789912195561075
2.518344054677979,3.740501999513546
2.52842259040202,3.700819006256626
2.53850112612606,3.670644968858666
2.548579661850101,3.649661609019895
2.558658197574141,3.63745500094108
2.568736733298182,3.633520967668348
2.578815269022222,3.637271434444273
2.588893804746263,3.648041671625123
2.598972340470303,3.66509834819063
2.609050876194344,3.687782183502442
2.619129411918384,3.715015994764838
2.629207947642425,3.746023563199309
2.639286483366465,3.779892367829103
2.649365019090506,3.815690604786848
2.659443554814546,3.852477968407527
2.669522090538587,3.889316452854699
2.679600626262627,3.925281042009626
2.689679161986668,3.959470155875648
2.699757697710708,3.991015724280141
2.709836233434749,4.019092763226511
2.719914769158789,4.042928335849114
2.72999330488283,4.061809788500237
2.74007184060687,4.075092162949478
2.750150376330911,4.082204697854512
2.760228912054951,4.082656346376115
2.770307447778992,4.076040251824833
2.780385983503032,4.06203713926958
2.790464519227073,4.045391620485494
2.800543054951114,4.025927476024385
2.810621590675154,3.998548190900943
2.820700126399195,3.963222761378956
2.830778662123235,3.920010530868561
2.840857197847276,3.869059024268233
2.850935733571316,3.810600814198269
2.861014269295357,3.744949488849342
2.871092805019397,3.672494803206037
2.881171340743437,3.593697105629852
2.891249876467478,3.509081139992813
2.901328412191518,3.419229329586769
2.911406947915559,3.324774652795205
2.9214854836396,3.226393221964037
2.93156401936364,3.124796676065136
2.941642555087681,3.02072449469076
2.951721090811721,2.914936335785361
2.961799626535762,2.808204492503167
2.971878162259802,2.701306555912608
2.981956697983843,2.595018360229368
2.992035233707883,2.490107276157864
3.002113769431924,2.387325906088095
3.012192305155964,2.287299833071503
3.022270840880005,2.190969848972767
3.032349376604045,2.098878138530837
3.042427912328086,2.011665260232785
3.052506448052126,1.929932388230828
3.062584983776167,1.854237904899491
3.072663519500207,1.785094445631349
3.082742055224247,1.722966368680398
3.092820590948288,1.668267618217976
3.102899126672328,1.621359945879377
3.112977662396369,1.582685332504738
3.123056198120409,1.552263472283704
3.13313473384445,1.530399818398895
3.143213269568491,1.517237326749768
3.153291805292531,1.512862414848344
3.163370341016572,1.517304722298788
3.173448876740612,1.53043066217709
3.183527412464653,1.552391155987465
3.193605948188693,1.582913015546291
3.203684483912734,1.621800817863395
3.213763019636774,1.668803759572023
3.223841555360815,1.723616618030802
3.233920091084855,1.785880970988136
3.243998626808896,1.855320585373343
3.254077162532937,1.931241907794316
3.264155698256977,2.013245224474216
3.274234233981018,2.1007796909206
3.284312769705058,2.193252804160245
3.294391305429099,2.290033948923263
3.304469841153139,2.390458428430872
3.31454837687718,2.493831992776512
3.32462691260122,2.599435868399987
3.33470544832526,2.706532281453944
3.344783984049301,2.814370456213316
3.354862519773341,2.922193057379549
3.364941055497382,3.029376910056444
3.375019591221422,3.13493883848509
3.385098126945463,3.238252087077098
3.395176662669503,3.338740287153683
3.405255198393544,3.435490317861501
3.415333734117585,3.527969098741483
3.425412269841625,3.615717641231957
3.435490805565666,3.697963686904401
3.445569341289706,3.774337955026281
3.455647877013747,3.844433440684985
3.465726412737787,3.907918192124831
3.475804948461828,3.964541063137404
3.485883484185868,4.014270605859664
3.495962019909908,4.05679790812126
3.506040555633949,4.092248824728417
3.516119091357989,4.120872575885755
3.526197627082031,4.147622118199378
3.53627616280607,4.172877456386543
3.546354698530112,4.191997695318721
3.556433234254151,4.205412359166471
3.566511769978192,4.213645309394563
3.576590305702232,4.217311592440113
3.586668841426273,4.217113225261606
3.596747377150313,4.213833966816261
3.606825912874354,4.208333139813263
3.616904448598394,4.201538582130284
3.626982984322435,4.194438820751091
3.637061520046476,4.188074572701856
3.647140055770516,4.183529686996861
3.657218591494557,4.181921648863867
3.667297127218597,4.184391772371671
3.677375662942638,4.192095209948985
3.687454198666678,4.206190907141743
3.697532734390719,4.227831628338622
3.707611270114759,4.258047784583735
3.7176898058388,4.298185573068629
3.72776834156284,4.349188991864135
3.737846877286881,4.412092657791669
3.747925413010921,4.487879976334475
3.758003948734962,4.577475833070428
3.768082484459002,4.681739980966634
3.778161020183043,4.801461159755861
3.788239555907083,4.937351967686114
3.798318091631124,5.090044490103823
3.808396627355164,5.260086673955231
3.818475163079205,5.447939422718094
3.828553698803245,5.653974372840612
3.838632234527286,5.87847230077968
3.848710770251326,6.121622099481006
3.858789305975367,6.383520254881253
3.868867841699407,6.664170746949465
3.878946377423448,6.963485296089207
3.889024913147488,7.281283874511793
3.899103448871529,7.617295403528741
3.909181984595569,7.971158561603972
3.91926052031961,8.342422634399085
3.92933905604365,8.730548346821418
3.939417591767691,9.134908628065439
3.949496127491731,9.554789273581727
3.959574663215772,9.989389482513207
3.969653198939813,10.43782226504905
3.979731734663853,10.89911473095459
3.989810270387894,11.37220828779149
3.999888806111934,11.85595879456067
4.009967341835974,12.34913673317409
4.020045877560015,12.85042747576934
4.030124413284056,13.36340576258507
4.040202949008096,13.88655056629617
4.050281484732136,14.41324672358282
4.060360020456176,14.94177344517941
4.070438556180218,15.47033354295707
4.080517091904258,15.99705740803985
4.090595627628298,16.52000781964682
4.100674163352339,17.03718567983693
4.11075269907638,17.54653675845128
4.12083123480042,18.04595951803235
4.13090977052446,18.53331407051689
4.140988306248501,19.0064322963171
4.151066841972542,19.46312913240244
4.161145377696582,19.9061890323271
4.171223913420622,20.33339362227009
4.181302449144663,20.73753674340475
4.191380984868704,21.11642676533723
4.201459520592744,21.46792975031571
4.211538056316785,21.78998721580246
4.221616592040825,22.08063426692545
4.231695127764866,22.33801787072443
4.241773663488906,22.56041502555901
4.251852199212947,22.74625056485988
4.261930734936987,22.89411432511345
4.272009270661028,23.00277740400007
4.282087806385068,23.07618125893849
4.292166342109109,23.11346545297193
4.302244877833149,23.10898006367737
4.31232341355719,23.06725653647229
4.322401949281231,22.98805656154953
4.332480485005271,22.86637897456433
4.342559020729311,22.70742451190555
4.352637556453351,22.51163808638622
4.362716092177393,22.27470868285365
4.372794627901433,21.99755279196821
4.382873163625473,21.68133509453168
4.392951699349513,21.32746035269661
4.403030235073555,20.94253658475984
4.413108770797594,20.52837571951609
4.423187306521635,20.08197816683056
4.433265842245676,19.61047552985857
4.443344377969717,19.11604510615228
4.453422913693757,18.59633703515548
4.463501449417797,18.05372981447321
4.473579985141838,17.49083505218113
4.483658520865879,16.91034016839091
4.493737056589919,16.31498445365839
4.503815592313959,15.70753493853967
4.513894128038,15.090762403971
4.52397266376204,14.46741785383447
4.534051199486081,13.84020975692775
4.544129735210122,13.21178234602052
4.554208270934162,12.58469523730444
4.564286806658203,11.96140460497684
4.574365342382243,11.34424611366842
4.584443878106284,10.73541977671592
4.594522413830323,10.13697687170979
4.604600949554364,9.550809007145713
4.614679485278405,8.978639396197458
4.624758021002446,8.42201635639945
4.634836556726485,7.882309018122806
4.644915092450526,7.360705190826436
4.654993628174568,6.858211304763982
4.665072163898607,6.375654317636444
4.675150699622648,5.913685451010203
4.685229235346688,5.472785600478164
4.69530777107073,5.053272246730958
4.705386306794769,4.655307682024698
4.71546484251881,4.278908357980911
4.72554337824285,3.923955156139294
4.735621913966891,3.590204382025678
4.745700449690931,3.277299286442469
4.755778985414972,2.984781923920271
4.765857521139013,2.712105167419457
4.775936056863053,2.458644710033943
4.786014592587094,2.223710898195695
4.796093128311134,2.006560256264629
4.806171664035175,1.806406578971249
4.816250199759215,1.622431485525404
4.826328735483256,1.453794346901398
4.836407271207296,1.299641515472781
4.846485806931336,1.159114803450951
4.856564342655377,1.031359173171801
4.866642878379418,0.9155296179105711
4.876721414103459,0.8107972263695395
4.886799949827498,0.7163544371066959
4.896878485551539,0.631419500832852
4.90695702127558,0.5552401786220319
4.91703555699962,0.4870967126194216
4.92711409272366,0.426304112795526
4.937192628447701,0.3722138087215037
4.947271164171742,0.3241083296914508
4.957349699895782,0.2816494648236534
4.967428235619822,0.2441694193724459
4.977506771343863,0.2111718591491628
4.987585307067904,0.1821973678471088
4.997663842791944,0.1568224749547785
5.007742378515985,0.1346584293423017
5.017820914240025,0.1153497680616392
5.027899449964066,0.09857272636419671
5.037977985688106,0.08403353108584687
5.048056521412147,0.07146661549603338
5.058135057136187,0.0606327895603671
5.068213592860228,0.05131739541813526
5.078292128584268,0.04322208420350184
5.088370664308309,0.03641063214872315
5.098449200032349,0.03059827348072204
5.10852773575639,0.02565139964927415
5.118606271480431,0.02145210496331828
5.128684807204471,0.01789669040409723
5.138763342928511,0.01489425461697573
5.148841878652552,0.01236537626378842
5.158920414376593,0.01024088985801638
5.168998950100633,0.008460755444437258
5.179077485824673,0.006973021008400181
5.189156021548714,0.005732875289111033
5.199234557272755,0.004595398100964009
5.209313092996795,0.003762400253848557
5.219391628720835,0.003072807910658721
5.229470164444876,0.002397031748066319
5.239548700168917,0.001950180537898864
5.249627235892957,0.001582676567815429
5.259705771616997,0.001174836070258524
5.269784307341038,0.0009502748777655106
5.279862843065079,0.0007666975197513277
5.289941378789119,0.0006170234776472379
5.300019914513159,0.0004953157375837674
5.3100984502372,0.0003966115504086887
5.320176985961241,0.0002103857374797251
5.330255521685281,0.000168040301162887
5.340334057409322,0.0001338775483706413
5.350412593133362,0
6.428815915605696,0
