-509.8717903618516,0
-509.861711905184,0
-508.7833170417539,0.000133915646926533
-508.7732385850864,0.0001680875223493201
-508.7631601284188,0.0002104441162372979
-508.7530816717512,0.0002628059905130051
-508.7430032150836,0.0003273639809831564
-508.7329247584161,0.0004067463707894042
-508.7228463017485,0.0005040964513127592
-508.712767845081,0.0006231617008319452
-508.7026893884134,0.0007683958809891801
-508.6926109317458,0.0009450754083668566
-508.6825324750782,0.001159431398765552
-508.6724540184106,0.001418798800051038
-508.6623755617431,0.001731784020088922
-508.6522971050755,0.002108452413165496
-508.6422186484079,0.002560536904795009
-508.6321401917403,0.003101668903968167
-508.6220617350727,0.003747632466505403
-508.6119832784052,0.004516642425984177
-508.6019048217377,0.005429646892606988
-508.5918263650701,0.006510654128662773
-508.5817479084025,0.007787083335899384
-508.5716694517349,0.009290138330181254
-508.5615909950674,0.01105520242865355
-508.5515125383998,0.01312225213244718
-508.5414340817322,0.01553628635410219
-508.5313556250647,0.01834776701633438
-508.5212771683971,0.0216130658435174
-508.5111987117295,0.02539491108871906
-508.5011202550619,0.02976282680051009
-508.4910417983943,0.0347935560523275
-508.4809633417267,0.04057145835449157
-508.4708848850593,0.04718887027102081
-508.4608064283917,0.05474641710055647
-508.4507279717241,0.06335326238762587
-508.4406495150565,0.07312728104572418
-508.4305710583889,0.08419514103926698
-508.4204926017213,0.09669227793211037
-508.4104141450538,0.1107627462126047
-508.4003356883862,0.126558931196353
-508.3902572317187,0.1442411055346975
-508.3801787750511,0.1639768149641255
-508.3701003183835,0.1859400789602534
-508.3600218617159,0.2103103934453091
-508.3499434050484,0.2372715246683163
-508.3398649483808,0.2670100858515416
-508.3297864917133,0.2997138911832317
-508.3197080350457,0.335570085230619
-508.3096295783781,0.3747630498296377
-508.2995511217105,0.4174720949443568
-508.289472665043,0.4638689448287798
-508.2793942083754,0.5141150359984483
-508.2693157517078,0.568358648944102
-508.2592372950402,0.6267319010928351
-508.2491588383726,0.6893476341265519
-508.239080381705,0.7562962342720398
-508.2290019250376,0.8276424294391188
-508.21892346837,0.9034221119520222
-508.2088450117024,0.9836392399382756
-508.1987665550348,1.068262874051781
-508.1886880983672,1.157224408958982
-508.1786096416997,1.250415060763508
-508.1685311850322,1.347683672153682
-508.1584527283646,1.448834896414827
-508.148374271697,1.553627819464168
-508.1382958150294,1.661775075677401
-508.1282173583618,1.772942508452016
-508.1181389016942,1.886749420197582
-508.1080604450266,2.002769448799895
-508.0979819883592,2.120532098655652
-508.0879035316916,2.239524944238999
-508.077825075024,2.359196513001348
-508.0677466183564,2.478959842418953
-508.0576681616888,2.59819669342036
-508.0475897050212,2.716262389508188
-508.0375112483537,2.83249123792057
-508.0274327916861,2.94620247645708
-508.0173543350185,3.056706677431077
-508.007275878351,3.163312528914247
-507.9971974216834,3.265333903310859
-507.9871189650158,3.362097114622263
-507.9770405083483,3.452948258794194
-507.9669620516807,3.537260526503582
-507.9568835950131,3.614441374819046
-507.9468051383456,3.683939443493032
-507.936726681678,3.745251103292556
-507.9266482250104,3.797926527771552
-507.9165697683429,3.841575186193013
-507.9064913116753,3.875870663825705
-507.8964128550077,3.90055472641231
-507.8863343983401,3.915440558022343
-507.8762559416725,3.920415115503223
-507.8661774850049,3.920415115503223
-507.8560990283374,3.915440558022343
-507.8460205716698,3.90055472641231
-507.8359421150023,3.875870663825705
-507.8258636583347,3.841575186193013
-507.8157852016671,3.797926527771552
-507.8057067449995,3.745251103292556
-507.795628288332,3.683939443493032
-507.7855498316645,3.614441374819046
-507.7754713749969,3.537260526503582
-507.7653929183293,3.452948258794194
-507.7553144616617,3.362097114622263
-507.7452360049941,3.265333903310859
-507.7351575483266,3.163312528914247
-507.725079091659,3.056706677431077
-507.7150006349914,2.94620247645708
-507.7049221783238,2.83249123792057
-507.6948437216562,2.716262389508188
-507.6847652649887,2.59819669342036
-507.6746868083212,2.478959842418953
-507.6646083516536,2.359196513001348
-507.654529894986,2.239524944238999
-507.6444514383184,2.120532098655652
-507.6343729816508,2.002769448799895
-507.6242945249833,1.886749420197582
-507.6142160683157,1.772942508452016
-507.6041376116482,1.661908991324327
-507.5940591549806,1.553795906986517
-507.583980698313,1.449045340531064
-507.5739022416454,1.347946478144195
-507.5638237849778,1.250742424744491
-507.5537453283102,1.157631155329771
-507.5436668716428,1.068766970503094
-507.5335884149752,0.9842624016391076
-507.5235099583076,0.9041905078330114
-507.51343150164,0.8285875048474857
-507.5033530449724,0.7574556656708055
-507.4932745883048,0.6907664329266029
-507.4831961316373,0.6284636851129239
-507.4731176749697,0.5704671013572674
-507.4630392183021,0.5166755729032433
-507.4529607616346,0.466970613732748
-507.442882304967,0.4212197274108622
-507.4328038482994,0.3792796922556219
-507.4227253916319,0.3409997321232259
-507.4126469349643,0.3062245453118945
-507.4025684782968,0.274797169187441
-507.3924900216292,0.2465616629984975
-507.3824115649616,0.2213655958739626
-507.372333108294,0.1990623310927006
-507.3622546516265,0.1795131013182277
-507.3521761949589,0.1625888725510319
-507.3420977382913,0.1481719970398704
-507.3320192816237,0.1362915729482503
-507.3219408249561,0.1266231922549698
-507.3118623682885,0.1191991412078318
-507.301783911621,0.1139615453907288
-507.2917054549535,0.1108694966396298
-507.2816269982859,0.1098995805719023
-507.2715485416183,0.1110462291099594
-507.2614700849507,0.1143219011010477
-507.2513916282831,0.1197570929725837
-507.2413131716156,0.1274001801409873
-507.2312347149481,0.1373170887000893
-507.2211562582805,0.1495907958399214
-507.2110778016129,0.1643206565711208
-507.2009993449453,0.1816215537313932
-507.1909208882777,0.2016228679974955
-507.1808424316101,0.2244672647779307
-507.1707639749426,0.250309295465003
-507.160685518275,0.2793138116134252
-507.1506070616074,0.3116541922045015
-507.1405286049398,0.3475103862518887
-507.1304501482723,0.3870667755915213
-507.1203716916047,0.4305098657410434
-507.1102932349372,0.4780258161614016
-507.1002147782696,0.5297978250356905
-507.090136321602,0.5860033877113696
-507.0800578649345,0.6468114521292583
-507.0699794082669,0.7123794987701203
-507.0599009515993,0.7828505767595245
-507.0498224949318,0.8583503316479958
-507.0397440382642,0.9389840638853388
-507.0296655815966,1.024833859993599
-507.019587124929,1.115955840774115
-507.0095086682614,1.212377572430327
-506.9994302115938,1.314095687132117
-506.9893517549264,1.421073759189919
-506.9792732982588,1.533240481570331
-506.9691948415912,1.650488184918627
-506.9591163849236,1.772671737536932
-506.949037928256,1.899501439648369
-506.9389594715884,2.03099052573228
-506.9288810149209,2.166746263764021
-506.9188025582533,2.306472177615905
-506.9087241015858,2.449835337684308
-506.8986456449182,2.596468037669664
-506.8885671882506,2.745969928270494
-506.878488731583,2.897910584603592
-506.8684102749155,3.051832474738807
-506.8583318182479,3.207254287750208
-506.8482533615804,3.363674571401437
-506.8381749049128,3.520575622259857
-506.8280964482452,3.677427564912695
-506.8180179915776,3.833692552254961
-506.8079395349101,3.988829015715098
-506.7978610782425,4.142295892920746
-506.7877826215749,4.293556760775622
-506.7777041649073,4.442083804258165
-506.7676257082397,4.587361555445054
-506.7575472515721,4.728890343230833
-506.7474687949046,4.866189401823333
-506.7373903382371,4.998799595151994
-506.7273118815695,5.126285724589213
-506.7172334249019,5.248238398565992
-506.7071549682343,5.364275454437171
-506.6970765115668,5.474042934967391
-506.6869980548992,5.582190191180624
-506.6769195982317,5.688383066474358
-506.6668411415641,5.787304146609892
-506.6567626848965,5.878640112625599
-506.6466842282289,5.962107284848665
-506.6366057715613,6.037451472010551
-506.6265273148937,6.104447616293904
-506.6164488582262,6.162899285911984
-506.6063704015586,6.212638068239405
-506.596291944891,6.253522916011769
-506.5862134882234,6.285439496714765
-506.5761350315559,6.308299591079343
-506.5660565748883,6.322040580741936
-506.5559781182208,6.326625057828493
-506.5458996615532,6.322040580741936
-506.5358212048856,6.308299591079343
-506.5257427482181,6.285439496714765
-506.5156642915505,6.253522916011769
-506.5055858348829,6.212638068239405
-506.4955073782154,6.162899285911984
-506.4854289215478,6.104447616293904
-506.4753504648802,6.037451472010551
-506.4652720082127,5.962241200495591
-506.4551935515451,5.878808200147949
-506.4451150948775,5.787514590726129
-506.43503663821,5.68864587246487
-506.4249581815424,5.582517555161608
-506.4148797248748,5.47444968133818
-506.4048012682072,5.364779550888483
-506.3947228115396,5.248861560266824
-506.384644354872,5.127054120470202
-506.3745658982045,4.999744670560361
-506.3644874415369,4.867348833222098
-506.3544089848694,4.730309142030883
-506.3443305282018,4.589093339465143
-506.3342520715342,4.44419225667133
-506.3241736148666,4.296117297680417
-506.3140951581991,4.145397561824715
-506.3040167015315,3.992576648181604
-506.293938244864,3.838209194680946
-506.2838597881964,3.682857211805302
-506.2737813315288,3.527086276388519
-506.2637028748612,3.371461654737337
-506.2536244181936,3.216544426080389
-506.2435459615261,3.062887677167461
-506.2334675048585,2.911032836736039
-506.2233890481909,2.761506214624597
-506.2133105915233,2.614815804685999
-506.2032321348558,2.471448403527825
-506.1931536781882,2.331867088704624
-506.1830752215207,2.196643006211457
-506.1729967648531,2.065952169306957
-506.1629183081855,1.940283342119097
-506.1528398515179,1.819989498151539
-506.1427613948504,1.705393878477818
-506.1326829381828,1.596790046212509
-506.1226044815153,1.494442330696443
-506.1125260248477,1.398586625891233
-506.1024475681801,1.309431499872638
-506.0923691115125,1.227159565943774
-506.0822906548449,1.151929060887886
-506.0722121981773,1.083875572339098
-506.0621337415099,1.023113855223843
-506.0520552848423,0.9697396767341779
-506.0419768281747,0.9238316303201733
-506.0318983715071,0.885452861681454
-506.0218199148395,0.8546526536162511
-506.0117414581719,0.8314678217401112
-506.0016630015044,0.8159238793806594
-505.9915845448368,0.8080359372328384
-505.9815060881692,0.8078093114457934
-505.9714276315017,0.8152398225182428
-505.9613491748341,0.8303137765029407
-505.9512707181665,0.8530076293540749
-505.941192261499,0.8832873445817589
-505.9311138048314,0.9211074634921635
-505.9210353481639,0.9664099159806057
-505.9109568914963,1.019122607905129
-505.9008784348287,1.079157828307319
-505.8907999781611,1.146410525987007
-505.8807215214935,1.220756510017643
-505.870643064826,1.30205063257048
-505.8605646081584,1.39012501478432
-505.8504861514908,1.484787377287864
-505.8404076948232,1.585819536299489
-505.8303292381556,1.69297612397478
-505.8202507814881,1.805983587861515
-505.8101723248205,1.924539519009625
-505.800093868153,2.0483123515625
-505.7900154114854,2.176941468657452
-505.7799369548178,2.310037740355423
-505.7698584981502,2.44707808904277
-505.7597800414827,2.587854673462992
-505.7497015848152,2.731767653441371
-505.7396231281476,2.878329031404348
-505.72954467148,3.027031483120074
-505.7194662148124,3.17735146148137
-505.7093877581448,3.328752609622617
-505.6993093014772,3.480689426504096
-505.6892308448097,3.632611120635633
-505.6791523881421,3.783965581735292
-505.6690739314745,3.934203396032871
-505.6589954748069,4.082781828790997
-505.6489170181394,4.229168697534929
-505.6388385614718,4.372846061504251
-505.6287601048043,4.51331365695224
-505.6186816481367,4.650092014044629
-505.6086031914691,4.782725199108594
-505.5985247348015,4.91078313565316
-505.588446278134,5.033863468665676
-505.5783678214664,5.15159294887665
-505.5682893647989,5.263628326627338
-505.5582109081313,5.36965675828884
-505.5481324514637,5.474370298948374
-505.5380539947961,5.577478439690257
-505.5279755381285,5.673707678980563
-505.5178970814609,5.762788171545636
-505.5078186247935,5.844478550639835
-505.4977401681259,5.918458626427204
-505.4876617114583,5.984776047531555
-505.4775832547907,6.04313595649438
-505.4675047981231,6.093401217237998
-505.4574263414555,6.135457219923942
-505.4473478847879,6.169210648302383
-505.4372694281204,6.194588352542834
-505.4271909714528,6.21153637976794
-505.4171125147853,6.220019206345323
-505.4070340581177,6.220019206345323
-505.3969556014501,6.21153637976794
-505.3868771447825,6.194588352542834
-505.376798688115,6.169210648302383
-505.3667202314475,6.135457219923942
-505.3566417747799,6.093401217237998
-505.3465633181123,6.04313595649438
-505.3364848614447,5.984776047531555
-505.3264064047771,5.918458626427204
-505.3163279481096,5.844344634992908
-505.306249491442,5.762620084023288
-505.2961710347744,5.673497234864326
-505.2860925781068,5.577215633699745
-505.2760141214392,5.474042934967391
-505.2659356647717,5.369250011918051
-505.2558572081042,5.263124230176025
-505.2457787514366,5.150969787175818
-505.235700294769,5.033095072784687
-505.2256218381014,4.909838060244794
-505.2155433814338,4.781565767709827
-505.2054649247663,4.648673215244578
-505.1953864680988,4.51158187293215
-505.1853080114312,4.370737609091086
-505.1752295547636,4.226608160630134
-505.165151098096,4.07968015988703
-505.1550726414284,3.930455763566365
-505.1449941847608,3.779448939309308
-505.1349157280933,3.627181473743027
-505.1248372714257,3.474178772375433
-505.1147588147581,3.320965526286718
-505.1046803580905,3.168061323151189
-505.094601901423,3.01597628069142
-505.0845234447554,2.865206779271901
-505.0744449880879,2.716231367087269
-505.0643665314203,2.569506906446657
-505.0542880747527,2.425465023199253
-505.0442096180852,2.284508913619777
-505.0341311614176,2.147010554334592
-505.02405270475,2.013308351393936
-505.0139742480824,1.88370525466462
-505.0038957914149,1.758467353609511
-504.9938173347473,1.637822960503435
-504.9837388780797,1.521962177460551
-504.9736604214121,1.411036934541308
-504.9635819647445,1.305161477864065
-504.9535035080769,1.204413279230002
-504.9434250514095,1.108834332406273
-504.9333465947419,1.018432795990603
-504.9232681380743,0.9331849387525323
-504.9131896814067,0.8530373405278378
-504.9031112247391,0.7779093001155574
-504.8930327680715,0.7076954011428862
-504.882954311404,0.6422681874469373
-504.8728758547365,0.5814809010765492
-504.8627973980689,0.5251702384271019
-504.8527189414013,0.4731590831589611
-504.8426404847337,0.4252591782802562
-504.8325620280661,0.3812737039583005
-504.8224835713986,0.3409997321232259
-504.8124051147311,0.3042305336092158
-504.8023266580635,0.270757718318047
-504.7922482013959,0.2403731935722845
-504.7821697447283,0.212870930350104
-504.7720912880607,0.1880485313734189
-504.7620128313932,0.1657085989842144
-504.7519343747256,0.1456599043347486
-504.741855918058,0.1277183625951185
-504.7317774613904,0.1117078216209715
-504.7216990047228,0.09746067381309956
-504.7116205480553,0.08481830274009894
-504.7015420913878,0.07363137749703694
-504.6914636347202,0.06376000875841527
-504.6813851780526,0.05507378108153962
-504.671306721385,0.04745167626153381
-504.6612282647175,0.04078190247072887
-504.6511498080499,0.03496164357467682
-504.6410713513824,0.02989674244743662
-504.6309928947148,0.02539491108871906
-504.6209144380472,0.0216130658435174
-504.6108359813796,0.01834776701633438
-504.600757524712,0.01553628635410219
-504.5906790680444,0.01312225213244718
-504.5806006113768,0.01105520242865355
-504.5705221547094,0.009290138330181254
-504.5604436980418,0.007787083335899384
-504.5503652413742,0.006510654128662773
-504.5402867847066,0.005429646892606988
-504.530208328039,0.004516642425984177
-504.5201298713714,0.003747632466505403
-504.5100514147039,0.003101668903968167
-504.4999729580363,0.002560536904795009
-504.4898945013688,0.002108452413165496
-504.4798160447012,0.001731784020088922
-504.4697375880336,0.001418798800051038
-504.459659131366,0.001159431398765552
-504.4495806746985,0.0009450754083668566
-504.4395022180309,0.0007683958809891801
-504.4294237613634,0.0006231617008319452
-504.4193453046958,0.0005040964513127592
-504.4092668480282,0.0004067463707894042
-504.3991883913606,0.0003273639809831564
-504.3891099346931,0.0002628059905130051
-504.3790314780255,0.0002104441162372979
-504.3689530213579,0.0001680875223493201
-504.3588745646903,0.000133915646926533
-504.3487961080227,0
-375.8787089664974,0.000401746940779599
-375.8686305098299,0.0007720938609010264
-375.8585520531623,0.001101423040337067
-375.8484735964947,0.001377393726362931
-375.8383951398272,0.001718148040212777
-375.8283166831596,0.002405604358700596
-375.818238226492,0.002989321121198882
-375.8081597698244,0.003705312608385354
-375.7980813131569,0.0045812194769702
-375.7880028564893,0.00578382329680372
-375.7779243998218,0.007252336804874207
-375.7678459431542,0.00904097479418974
-375.7577674864866,0.01108004208989791
-375.747689029819,0.01354512992943719
-375.7376105731515,0.01665128236675075
-375.7275321164839,0.02025969005762576
-375.7174536598163,0.02458881835152103
-375.7073752031487,0.02976888917875624
-375.6972967464811,0.03595075979379685
-375.6872182898136,0.04330862146568748
-375.677139833146,0.05204294502406323
-375.6670613764784,0.06251759229068012
-375.6569829198109,0.07516351771161446
-375.6469044631433,0.08995498009359848
-375.6368260064758,0.1073581083116509
-375.6267475498082,0.1275137748664685
-375.6166690931406,0.1510843609214718
-375.606590636473,0.1785760865317688
-375.5965121798054,0.2108248560915975
-375.5864337231379,0.248400347429231
-375.5763552664703,0.2917931177115568
-375.5662768098027,0.3417830895909977
-375.5561983531352,0.3994995007167717
-375.5461198964676,0.4655565501408943
-375.5360414398,0.5415102363212848
-375.5259629831325,0.6280717381384537
-375.5158845264649,0.7267436686570473
-375.5058060697973,0.8389293064572221
-375.4957276131298,0.9662834994572761
-375.4856491564622,1.110348530242662
-375.4755706997946,1.272764383298898
-375.4654922431271,1.455531819592401
-375.4554137864595,1.660671635006222
-375.4453353297919,1.890330407320433
-375.4352568731243,2.146778428511122
-375.4251784164567,2.432406111949375
-375.4150999597892,2.749718753647485
-375.4050215031216,3.101329539795559
-375.394943046454,3.489950709227839
-375.3848645897864,3.918382799105303
-375.3747861331189,4.389501924859919
-375.3647076764514,4.906245071081111
-375.3546292197838,5.471593398202843
-375.3445507631162,6.088687515787164
-375.3344723064486,6.760305467425769
-375.324393849781,7.489549587191033
-375.3143153931135,8.279508763828236
-375.3042369364459,9.13283798928251
-375.2941584797783,10.05244086377279
-375.2840800231108,11.0409941930233
-375.2740015664432,12.10102596505783
-375.2639231097756,13.23488639917067
-375.253844653108,14.44471878499717
-375.2437661964405,15.73243042333156
-375.2336877397729,17.09966398889457
-375.2236092831054,18.54776963800071
-375.2135308264378,20.07777818079663
-375.2034523697702,21.69037562839241
-375.1933739131027,23.38587940992898
-375.1832954564351,25.16421653374492
-375.1732169997675,27.02490394084589
-375.1631385430999,28.96703126853333
-375.1530600864323,30.98924620817868
-375.1429816297648,33.08974260473032
-375.1329031730972,35.26625140771906
-375.1228247164296,37.51603454545782
-375.112746259762,39.83588175701729
-375.1026678030944,42.22211038158551
-375.0925893464269,44.67056807310686
-375.0825108897594,47.17663838065234
-375.0724324330918,49.73524911264591
-375.0623539764242,52.34088338651023
-375.0522755197566,54.98759325491071
-375.042197063089,57.66901579571552
-375.0321186064215,60.37839155491748
-375.0220401497539,63.10858523965316
-375.0119616930863,65.85210857139427
-375.0018832364188,68.60114522639704
-374.9918047797512,71.3475778103478
-374.9817263230836,74.08301683542612
-374.9716478664161,76.79883168914137
-374.9615694097485,79.5011072760782
-374.9514909530809,82.19066725979353
-374.9414124964134,84.84811320138688
-374.9313340397458,87.45384143480457
-374.9212555830782,89.9931397504136
-374.9111771264107,92.46622324958317
-374.9010986697431,94.86333665513958
-374.8910202130755,97.16480781010796
-374.8809417564079,99.36107763622203
-374.8708632997403,101.4477829837906
-374.8607848430728,103.4208027249186
-374.8507063864052,105.2713050817868
-374.8406279297376,106.9858086747888
-374.8305494730701,108.551256823069
-374.8204710164025,109.96506623588
-374.810392559735,111.220225985235
-374.8003141030674,112.3053565698777
-374.7902356463998,113.2147538128745
-374.7801571897322,113.9434679060404
-374.7700787330646,114.487352916546
-374.7600002763971,114.8431114401724
-374.7499218197295,115.0133082138381
-374.7398433630619,115.0113395742693
-374.7297649063944,114.8414479465416
-374.7196864497268,114.4987045701749
-374.7096079930592,113.9740367066595
-374.6995295363917,113.2592859440546
-374.6894510797241,112.3572329308969
-374.6793726230565,111.2815879136556
-374.6692941663889,110.0519214644678
-374.6592157097214,108.6736250645457
-374.6491372530538,107.1428509257352
-374.6390587963862,105.4664443331568
-374.6289803397187,103.6469709678285
-374.6189018830511,101.692647907843
-374.6088234263835,99.61230629733627
-374.5987449697159,97.40537337147276
-374.5886665130484,95.08177226314562
-374.5785880563808,92.65686807210379
-374.5685095997133,90.1463718518757
-374.5584311430457,87.55626737595202
-374.5483526863781,84.89271077140953
-374.5382742297105,82.16695522083026
-374.528195773043,79.39028899907854
-374.5181173163754,76.57394948322849
-374.5080388597078,73.72903966211535
-374.4979604030402,70.86644816791021
-374.4878819463727,67.9967737719299
-374.4778034897051,65.13025519039003
-374.4677250330375,62.27670693564718
-374.4576465763699,59.44546182759812
-374.4475681197024,56.6453206514172
-374.4374896630348,53.88450931490417
-374.4274112063673,51.17561828203947
-374.4173327496997,48.52558829876118
-374.4072542930321,45.93569131848967
-374.3971758363645,43.41648101513288
-374.387097379697,40.97282757556717
-374.3770189230294,38.60392140321333
-374.3669404663618,36.3132706938354
-374.3568620096943,34.10374337454138
-374.3467835530267,31.97758886085667
-374.3367050963591,29.93646441885459
-374.3266266396915,27.98146545256252
-374.316548183024,26.11315902742087
-374.3064697263564,24.33161994500135
-374.2963912696889,22.63646870127876
-374.2863128130213,21.02691068905965
-374.2762343563537,19.50177604309902
-374.2661558996861,18.05955957227506
-374.2560774430186,16.69846027518467
-374.245998986351,15.41641999192042
-374.2359205296834,14.21116080389628
-374.2258420730158,13.0802208538105
-374.2157636163482,12.02098831770661
-374.2056851596807,11.03073331931938
-374.1956067030131,10.10663763235552
-374.1855282463455,9.245822068139011
-374.1754497896779,8.445371493428198
-374.1653713330104,7.7023574656662
-374.1552928763429,7.013858510126551
-374.1452144196753,6.376978095211572
-374.1351359630077,5.78886038855931
-374.1250575063401,5.246703897764669
-374.1149790496725,4.747773115688553
-374.104900593005,4.289408301875632
-374.0948221363374,3.869033538959497
-374.0847436796698,3.484163206582882
-374.0746652230023,3.132407015808385
-374.0645867663347,2.811473744756055
-374.0545083096671,2.519173811784706
-374.0444298529995,2.25310155562442
-374.034351396332,2.011766263169753
-374.0242729396644,1.793253715960659
-374.0141944829969,1.595759423848899
-374.0041160263293,1.417479460099592
-373.9940375696617,1.256629508747452
-373.9839591129942,1.112204217396647
-373.9738806563266,0.9825563577493468
-373.963802199659,0.8663969722730155
-373.9537237429914,0.7624180281369645
-373.9436452863238,0.669630442868908
-373.9335668296563,0.5869928327591581
-373.9234883729887,0.5136480943880818
-373.9134099163211,0.4485782792929362
-373.9033314596535,0.3908621517001281
-373.893253002986,0.3399853933376581
-373.8831745463184,0.295127857674683
-373.8730960896509,0.2556614958729958
-373.8630176329833,0.2210129167817012
-373.8529391763157,0.1906599225894885
-373.8428607196481,0.1641281215724535
-373.8327822629805,0.1408812124403629
-373.822703806313,0.1204462782461487
-373.8126253496454,0.1028319864928017
-373.8025468929778,0.08758245372475605
-373.7924684363103,0.07462237107783826
-373.7823899796427,0.06343750421464726
-373.7723115229751,0.05380753296414152
-373.7622330663076,0.04532317507427401
-373.75215460964,0.03796032427596391
-373.7420761529724,0.03179022969946024
-373.7319976963049,0.0266424023627558
-373.7219192396373,0.02215635333514737
-373.7118407829697,0.01856779820294194
-373.7017623263022,0.0153099551942844
-373.6916838696346,0.01277697586863386
-373.681605412967,0.01063681823375479
-373.6715269562994,0.008833318965851008
-373.6614484996319,0.007211094977705719
-373.6513700429643,0.0058560848796709
-373.6412915862967,0.004833452924057089
-373.6312131296291,0.003979335704846047
-373.6211346729615,0.003267883811931048
-373.611056216294,0.002676859428455779
-373.6009777596265,0.002187194681040218
-373.5908993029589,0.001782593099597497
-373.5808208462913,0.001449171859679616
-373.5707423896237,0.001175142251778584
-373.5606639329561,0.0009505256818151016
-373.5505854762886,0.0007669024418257641
-373.540507019621,0.0006171904870267021
-373.5304285629534,0.0004954515033324764
-373.5203501062859,0.0003967216374395381
-373.5102716496183,0.0002104441162372979
-373.5001931929507,0.0001680875223493201
-373.4901147362832,0.000133915646926533
-373.4800362796156,0
-267.6461628134543,0.000133915646926533
-267.6360843567868,0.0001680875223493201
-267.6260059001192,0.0002104441162372979
-267.6159274434516,0.0002628059905130051
-267.6058489867841,0.0003273639809831564
-267.5957705301165,0.0004067463707894042
-267.5856920734489,0.0005040964513127592
-267.5756136167813,0.0006231617008319452
-267.5655351601138,0.0007683958809891801
-267.5554567034462,0.0009450754083668566
-267.5453782467786,0.001159431398765552
-267.5352997901111,0.001418798800051038
-267.5252213334435,0.001731784020088922
-267.5151428767759,0.002108452413165496
-267.5050644201083,0.002560536904795009
-267.4949859634408,0.003101668903968167
-267.4849075067732,0.003747632466505403
-267.4748290501057,0.00465055807291071
-267.4647505934381,0.005597734414956309
-267.4546721367705,0.006721098244900071
-267.4445936801029,0.008049889326412389
-267.4345152234354,0.009617502311164408
-267.4244367667678,0.01159586444636948
-267.4143583101002,0.01379443610610926
-267.4042798534326,0.01636989217117143
-267.394201396765,0.01937896888783657
-267.3841229400975,0.02288550523286741
-267.3740444834299,0.02696108885827403
-267.3639660267623,0.03168572205187389
-267.3538875700948,0.03714850177324837
-267.3438091134272,0.04344830664864625
-267.3337306567597,0.05069448258418269
-267.3236522000921,0.05900751740329018
-267.3135737434245,0.06851969365418233
-267.3034952867569,0.07937570749179729
-267.2934168300894,0.09173324034503946
-267.2833383734218,0.1057634689655682
-267.2732599167542,0.1216514984524722
-267.2631814600867,0.1395967019930396
-267.2531030034191,0.1599468660362618
-267.2430245467515,0.182696801511529
-267.2329460900839,0.2081974635592556
-267.2228676334164,0.2367080497880558
-267.2127891767488,0.2685020928229981
-267.2027107200813,0.3038669457397036
-267.1926322634137,0.3431030665675017
-267.1825538067461,0.3865230893378806
-267.1724753500785,0.4344506710814528
-267.162396893411,0.4872191064672619
-267.1523184367434,0.545169704416821
-267.1422399800758,0.6086499239866353
-267.1321615234082,0.6780112700622426
-267.1220830667406,0.7536069528997591
-267.1120046100731,0.8357893192344781
-267.1019261534055,0.9249070664891691
-267.0918476967379,1.021302255489603
-267.0817692400703,1.125307140958428
-267.0716907834028,1.237240842834275
-267.0616123267352,1.357405885072808
-267.0515338700677,1.486084631952794
-267.0414554134001,1.623535654958359
-267.0313769567325,1.769990065968575
-267.0212985000649,1.925647854694631
-267.0112200433974,2.090674270009142
-267.0011415867298,2.265196285968682
-266.9910631300622,2.449299193908205
-266.9809846733947,2.643023361966623
-266.9709062167271,2.846495118429012
-266.9608277600595,3.059422476405049
-266.9507493033919,3.2818017976322
-266.9406708467244,3.513467918333791
-266.9305923900568,3.754198802601312
-266.9205139333893,4.003714167616342
-266.9104354767217,4.261674527901349
-266.9003570200541,4.52768068169178
-266.8902785633866,4.801273658448513
-266.880200106719,5.081935142283069
-266.8701216500514,5.369088381711992
-266.8600431933838,5.662099591751312
-266.8499647367162,5.96027984995958
-266.8398862800487,6.262887483683561
-266.8298078233811,6.569130941490068
-266.8197293667135,6.878172137606854
-266.8096509100459,7.189264169809271
-266.7995724533784,7.501254069638843
-266.7894939967108,7.813296622130836
-266.7794155400433,8.124411716058226
-266.7693370833757,8.433596227540308
-266.7592586267081,8.739829818558597
-266.7491801700405,9.042081035121011
-266.739101713373,9.339313666444443
-266.7290232567054,9.635467880990719
-266.7189448000378,9.929480024032024
-266.7088663433703,10.21528997777666
-266.6987878867027,10.4918360254882
-266.6887094300351,10.75808820178468
-266.6786309733675,11.01305612871815
-266.6685525167,11.2557967078549
-266.6584740600324,11.48542159556166
-266.6483956033648,11.70110438888291
-266.6383171466973,11.90208745027477
-266.6282386900297,12.08768830106217
-266.6181602333621,12.25730551582011
-266.6080817766946,12.41042405295286
-266.598003320027,12.5466199605538
-266.5879248633594,12.665564401159
-266.5778464066918,12.76702694423902
-266.5677679500242,12.85087808116923
-266.5576894933567,12.92206548142001
-266.5476110366891,12.98062788755859
-266.5375325800215,13.02169557341956
-266.5274541233539,13.04547734092181
-266.5173756666864,13.05228508267898
-266.5072972100189,13.04750652343611
-266.4972187533513,13.03161550667253
-266.4871402966837,13.00016877957891
-266.4770618400161,12.95378928322742
-266.4669833833485,12.89318700872903
-266.456904926681,12.81915351063554
-266.4468264700134,12.73255555214878
-266.4367480133458,12.63432792580031
-266.4266695566783,12.52546550478424
-266.4165911000107,12.40701459136049
-266.4065126433431,12.28006363951176
-266.3964341866756,12.14573343915119
-266.386355730008,12.00516685846117
-266.3762772733404,11.85951824922673
-266.3661988166729,11.70994262714943
-266.3561203600053,11.55758474494424
-266.3460419033377,11.40356818040107
-266.3359634466702,11.25395912190497
-266.3258849900026,11.1097689068628
-266.315806533335,10.96694438713842
-266.3057280766674,10.82634623641946
-266.2956496199998,10.68876635368305
-266.2855711633323,10.55492053087048
-266.2754927066647,10.42544191805606
-266.2654142499971,10.30087536896923
-266.2553357933296,10.18167274056096
-266.245257336662,10.06818920995766
-266.2351788799944,9.960680660716863
-266.2251004233269,9.859302177911845
-266.2150219666593,9.764107678367322
-266.2049435099917,9.67505068850781
-266.1948650533241,9.591986267942632
-266.1847865966565,9.514674062293208
-266.174708139989,9.442782454077379
-266.1646296833214,9.375893765921633
-266.1545512266538,9.313510456201149
-266.1444727699863,9.255062233636957
-266.1343943133187,9.199914004636206
-266.1243158566512,9.147374555464172
-266.1142373999836,9.09670586089325
-266.104158943316,9.047132901976445
-266.0940804866484,8.99785386821128
-266.0840020299809,8.948050613740875
-266.0739235733133,8.896899233499212
-266.0638451166457,8.843580623432937
-266.0537666599782,8.792265446654936
-266.0436882033106,8.742137301421995
-266.033609746643,8.687402910284916
-266.0235312899754,8.627289199089358
-266.0134528333079,8.561078185888082
-266.0033743766403,8.488115629400022
-265.9932959199728,8.407818770754565
-265.9832174633052,8.319683073801681
-265.9731390066376,8.223287884801247
-265.96306054997,8.118300949030617
-265.9529820933025,8.004481739465504
-265.9429036366349,7.881683570877519
-265.9328251799673,7.7498544911232
-265.9227467232997,7.609036959743377
-265.9126682666321,7.45936634192068
-265.9025898099646,7.301202178688683
-265.892511353297,7.139597530284024
-265.8824328966294,6.975016458214271
-265.8723544399619,6.802881171562886
-265.8622759832943,6.62365996304864
-265.8521975266268,6.437886495353206
-265.8421190699592,6.24615303202112
-265.8320406132916,6.049103165160568
-265.821962156624,5.847424154210178
-265.8118836999564,5.641732572418035
-265.8018052432889,5.433013964806835
-265.7917267866213,5.221905602237214
-265.7816483299537,5.009189958451558
-265.7715698732862,4.795652959630649
-265.7614914166186,4.582076431626906
-265.751412959951,4.369230924501843
-265.7413345032834,4.15786900046675
-265.7312560466159,3.948719061046983
-265.7211775899483,3.742479778112319
-265.7110991332808,3.539815181552919
-265.7010206766132,3.341350444052245
-265.6909422199456,3.147668390836437
-265.6808637632781,2.959306749682041
-265.6707853066105,2.776756144052105
-265.6607068499429,2.600458820204209
-265.6506283932753,2.430808087658735
-265.6405499366077,2.268175937082404
-265.6304714799402,2.112860058559239
-265.6203930232726,1.965085238455453
-265.610314566605,1.825059078103242
-265.6002361099374,1.692946943745299
-265.5901576532699,1.568768395723366
-265.5800791966023,1.452848116083135
-265.5700007399348,1.345110228490343
-265.5599222832672,1.245583448238408
-265.5498438265996,1.15427092738387
-265.539765369932,1.071154043104743
-265.5296869132645,0.9961961418798144
-265.5196084565969,0.9293461709639653
-265.5095299999293,0.8705421328537977
-265.4994515432618,0.8197143035531215
-265.4893730865942,0.7767881613597069
-265.4792946299266,0.7416869794990095
-265.469216173259,0.7143340431201969
-265.4591377165915,0.6947883744822466
-265.4490592599239,0.6827446205355916
-265.4389808032564,0.6782431474406641
-265.4289023465888,0.6812228224493101
-265.4188238899212,0.6915210971110288
-265.4087454332536,0.7093214026208428
-265.3986669765861,0.734443264780451
-265.3885885199185,0.7669765946264225
-265.3785100632509,0.8067787236537621
-265.3684316065833,0.853680285887231
-265.3583531499157,0.9077446271208517
-265.3482746932482,0.9689243155310034
-265.3381962365806,1.037165259846305
-265.328117779913,1.112404333382895
-265.3180393232454,1.194566991022887
-265.3079608665779,1.283564947399459
-265.2978824099104,1.379293984740083
-265.2878039532428,1.481631957685352
-265.2777254965752,1.590437059903854
-265.2676470399076,1.705546413446174
-265.25756858324,1.826908952178605
-265.2474901265725,1.954083326399487
-265.2374116699049,2.086946929940064
-265.2273332132373,2.225248569488674
-265.2172547565698,2.368715831161815
-265.2071762999022,2.517056570492997
-265.1970978432346,2.66996094686996
-265.1870193865671,2.82710399117318
-265.1769409298995,2.988148683117734
-265.1668624732319,3.152749502566199
-265.1567840165644,3.320556407127618
-265.1467055598968,3.491219176956913
-265.1366271032292,3.664285636824575
-265.1265486465617,3.839654262423787
-265.1164701898941,4.016870051699616
-265.1063917332265,4.195631080601368
-265.0963132765589,4.37565958511774
-265.0862348198913,4.556706790386874
-265.0761563632238,4.738557468893908
-265.0660779065562,4.921034126347234
-265.0559994498886,5.104134632480303
-265.045920993221,5.287533881427979
-265.0358425365535,5.471295455402502
-265.025764079886,5.655559617369951
-265.0156856232184,5.840149276671341
-265.0056071665508,6.025279347698299
-264.9955287098832,6.211108368949987
-264.9854502532156,6.402817946701162
-264.9753717965481,6.60051693614095
-264.9652933398805,6.79982023600548
-264.9552148832129,7.000621855569869
-264.9451364265454,7.203326898964272
-264.9350579698778,7.408265001420033
-264.9249795132102,7.615791066432451
-264.9149010565426,7.826278869367048
-264.9048225998751,8.040114028954983
-264.8947441432075,8.257686440661924
-264.8846656865399,8.479382277441152
-264.8745872298724,8.705575673448966
-264.8645087732048,8.936620214749659
-264.8544303165372,9.172840367734063
-264.8443518598697,9.414522980808743
-264.8342734032021,9.66190899779305
-264.8241949465345,9.915185522320922
-264.8141164898669,10.17447837133473
-264.8040380331994,10.43984525245019
-264.7939595765318,10.71126969455242
-264.7838811198642,10.98865585346035
-264.7738026631966,11.27182430489472
-264.763724206529,11.56050892534939
-264.7536457498615,11.85435494786439
-264.743567293194,12.15291826422473
-264.7334888365264,12.45566602788318
-264.7234103798588,12.76695315056118
-264.7133319231912,13.08603863700968
-264.7032534665236,13.40709070016222
-264.6931750098561,13.72918061966559
-264.6830965531885,14.05131632710823
-264.6730180965209,14.37245169780142
-264.6629396398534,14.69149687858619
-264.6528611831858,15.00732951736531
-264.6427827265182,15.31880674011425
-264.6327042698507,15.62477770292186
-264.6226258131831,15.92409653058976
-264.6125473565155,16.21563543991516
-264.602468899848,16.49829783541302
-264.5923904431804,16.77103115829361
-264.5823119865128,17.03283926634911
-264.5722335298453,17.28279412331389
-264.5621550731777,17.52004658147242
-264.5520766165101,17.74383605094281
-264.5419981598425,17.95847342069251
-264.5319197031749,18.16336098669893
-264.5218412465074,18.3529981847145
-264.5117627898398,18.52697299507168
-264.5016843331722,18.68498996075164
-264.4916058765047,18.82687081330564
-264.4815274198371,18.95255311004875
-264.4714489631696,19.06706144011673
-264.461370506502,19.17548972675008
-264.4512920498344,19.27300758505509
-264.4412135931668,19.35483979718103
-264.4311351364992,19.42127009215334
-264.4210566798317,19.4726565170774
-264.4109782231641,19.50942011188772
-264.4008997664965,19.53203255995942
-264.3908213098289,19.54100307077149
-264.3807428531614,19.53686477190449
-264.3706643964938,19.52016090277637
-264.3605859398263,19.4914311111318
-264.3505074831587,19.45119815502549
-264.3404290264911,19.40492986515547
-264.3303505698235,19.35304058169062
-264.320272113156,19.29088127949561
-264.3101936564884,19.21871861275601
-264.3001151998208,19.13675412126739
-264.2900367431533,19.04511982305109
-264.2799582864857,18.94387574886626
-264.2698798298181,18.83300948769633
-264.2598013731505,18.71243776627306
-264.249722916483,18.58201003877361
-264.2396444598154,18.44151401615986
-264.2295660031479,18.29068301939244
-264.2194875464803,18.12920499808896
-264.2094090898127,17.95673301718302
-264.1993306331451,17.77289697976278
-264.1892521764776,17.57731632538814
-264.17917371981,17.36961342052112
-264.1690952631424,17.14942734180569
-264.1590168064748,16.91642774417195
-264.1489383498073,16.67032850429478
-264.1388598931397,16.4158753932763
-264.1287814364721,16.1528714171376
-264.1187029798045,15.87618850253472
-264.108624523137,15.59073983148401
-264.0985460664694,15.29652757515191
-264.0884676098019,14.98865085147527
-264.0783891531343,14.6672991865869
-264.0683106964667,14.33267598379975
-264.0582322397991,13.98544857513529
-264.0481537831315,13.63101378831888
-264.038075326464,13.27001048323985
-264.0279968697964,12.89818200373774
-264.0179184131288,12.51635795863803
-264.0078399564613,12.12547259121577
-263.9977614997937,11.72655596712149
-263.9876830431261,11.32072361407849
-263.9776045864586,10.90916483051768
-263.967526129791,10.49312990110084
-263.9574476731234,10.07391647197803
-263.9473692164559,9.652855347493057
-263.9372907597883,9.231295972913786
-263.9272123031207,8.810591864796091
-263.9171338464532,8.39208624210386
-263.9070553897856,7.977098097644035
-263.896976933118,7.566908931282136
-263.8868984764504,7.162750344416818
-263.8768200197828,6.765792670014018
-263.8667415631153,6.377134784879174
-263.8566631064477,5.99779522154756
-263.8465846497801,5.628704666966217
-263.8365061931125,5.270699904772165
-263.826427736445,4.924519228147407
-263.8163492797775,4.590799321601096
-263.8062708231099,4.269967162908391
-263.7961923664423,3.962687478248185
-263.7861139097747,3.669154643672637
-263.7760354531071,3.389596452383837
-263.7659569964396,3.124143578960273
-263.755878539772,2.872833941270843
-263.7458000831044,2.635617914071992
-263.7357216264369,2.41236425815583
-263.7256431697693,2.20286662632658
-263.7155647131017,2.006850507878707
-263.7054862564341,1.823980476378423
-263.6954077997666,1.653867611111308
-263.685329343099,1.496076970220007
-263.6752508864315,1.350135002962956
-263.6651724297639,1.215536799313547
-263.6550939730963,1.091753086924666
-263.6450155164288,0.9782368979521299
-263.6349370597612,0.8744298410258687
-263.6248586030936,0.7796615062051708
-263.614780146426,0.6936025497009533
-263.6047016897584,0.615560399185106
-263.5946232330909,0.5449850770880411
-263.5845447764233,0.48133907709788
-263.5744663197557,0.4241006204700268
-263.5643878630881,0.3727663893474866
-263.5543094064205,0.3267473367670923
-263.544230949753,0.2857117650809216
-263.5341524930855,0.2493252576755806
-263.5240740364179,0.2170439797576038
-263.5139955797503,0.1884828391651248
-263.5039171230827,0.1632818090761529
-263.4938386664151,0.1411058593864246
-263.4837602097476,0.121644621233358
-263.47368175308,0.1046118238114303
-263.4636032964124,0.08974454106703404
-263.4535248397449,0.07680228383224603
-263.4434463830773,0.06556597056112434
-263.4333679264097,0.05583680716760059
-263.4232894697422,0.04732868335782641
-263.4132110130746,0.0401146963115073
-263.403132556407,0.03391679160540097
-263.3930540997395,0.02860605361150255
-263.3829756430719,0.02406760215067734
-263.3728971864043,0.02019943146322636
-263.3628187297368,0.01691128730832444
-263.3527402730692,0.01412359125423834
-263.3426618164016,0.01176641904074543
-263.332583359734,0.009778537940593822
-263.3225049030665,0.008106506321062766
-263.3124264463989,0.006703837107024395
-263.3023479897313,0.0055302255661029
-263.2922695330637,0.004550840763647782
-263.2821910763961,0.003735679156573593
-263.2721126197286,0.003058978094980598
-263.2620341630611,0.002498686461914687
-263.2519557063935,0.00203598928707774
-263.2418772497259,0.001654882902098028
-263.2317987930583,0.001341797045806395
-263.2217203363907,0.0009788399972264778
-263.2116418797232,0.0007912492231812654
-263.2015634230556,0.0006380120982392921
-263.191484966388,0.0004067463707894042
-263.1814065097205,0.0003273639809831564
-263.1713280530529,0.0002628059905130051
-263.1612495963853,0.0002104441162372979
-263.1511711397177,0.0001680875223493201
-263.1410926830502,0.000133915646926533
-263.1310142263826,0
-173.5637698216807,0.000267831293853066
-173.5536913650131,0.0006040063385517063
-173.5436129083456,0.000757063277173236
-173.533534451678,0.0009465002135006059
-173.5234559950104,0.001314255589918856
-173.5133775383428,0.00203805516667404
-173.5032990816752,0.002670307974416117
-173.4932206250077,0.003584573459716693
-173.4831421683401,0.004579431924026892
-173.4730637116725,0.005667562637787868
-173.462985255005,0.007130684903118785
-173.4529067983374,0.008918194944947973
-173.4428283416698,0.01109644708315281
-173.4327498850023,0.01387800581504279
-173.4226714283347,0.0171221567731116
-173.4125929716671,0.02091242558216069
-173.4025145149996,0.02547902415802624
-173.392436058332,0.03096662973977385
-173.3823576016644,0.03794554349690582
-173.3722791449968,0.04591053574493796
-173.3622006883293,0.05541199474855926
-173.3521222316617,0.06671685532591813
-173.3420437749941,0.08013241572704377
-173.3319653183266,0.09601129274321998
-173.321886861659,0.1147567785969225
-173.3118084049914,0.1368285955832668
-173.3017299483238,0.1627490363893888
-173.2916514916563,0.1931094686578373
-173.2815730349887,0.228577171648942
-173.2714945783211,0.2699024607886377
-173.2614161216536,0.3180599581366449
-173.251337664986,0.3737546144950694
-173.2412592083184,0.4381384551153991
-173.2311807516508,0.5123704316164717
-173.2211022949833,0.597730290491604
-173.2110238383157,0.6957596482325852
-173.2009453816481,0.8077672136750152
-173.1908669249806,0.9355440420033364
-173.180788468313,1.080921115022325
-173.1707100116454,1.24588007152312
-173.1606315549779,1.43255627925289
-173.1505530983103,1.64324043439232
-173.1404746416427,1.880378445116122
-173.1303961849752,2.146837181624624
-173.1203177283076,2.445165029774312
-173.11023927164,2.778134393499927
-173.1001608149724,3.14875368168049
-173.0900823583048,3.560415573520227
-173.0800039016373,4.0161454227854
-173.0699254449697,4.519398394238406
-173.0598469883021,5.073589943327875
-173.0497685316346,5.682310920228043
-173.039690074967,6.348797353755696
-173.0296116182994,7.076875247611072
-173.0195331616319,7.869474316787162
-173.0094547049643,8.730113970586398
-172.9993762482967,9.661966159544624
-172.9892977916292,10.66802387815984
-172.9792193349616,11.75105453893241
-172.969140878294,12.91368544216389
-172.9590624216264,14.15785256713506
-172.9489839649588,15.4854593686331
-172.9389055082913,16.89801267711384
-172.9288270516237,18.39617817248993
-172.9187485949562,19.98044172035903
-172.9086701382886,21.65061633668698
-172.898591681621,23.4059067019468
-172.8885132249534,25.24500545805529
-172.8784347682859,27.16555928795782
-172.8683563116183,29.16485171896986
-172.8582778549507,31.23933597860506
-172.8481993982832,33.38472971720088
-172.8381209416156,35.59601171386973
-172.828042484948,37.86742758912511
-172.8179640282804,40.19250500870824
-172.8078855716129,42.56407872693784
-172.7978071149453,44.97432566592499
-172.7877286582777,47.41481006160973
-172.7776502016102,49.87653853163796
-172.7675717449426,52.35002473689452
-172.757493288275,54.8253631216941
-172.7474148316074,57.29231103116052
-172.7373363749399,59.74037832235562
-172.7272579182723,62.15892341251506
-172.7171794616047,64.53725454758126
-172.7071010049372,66.86473493124237
-172.6970225482696,69.13089023282524
-172.686944091602,71.32551689522712
-172.6768656349344,73.43878959475668
-172.6667871782669,75.46136616586467
-172.6567087215993,77.384488297243
-172.6466302649317,79.2100254478476
-172.6365518082642,80.94053735110349
-172.6264733515966,82.55937935238859
-172.616394894929,84.05074707699951
-172.6063164382614,85.41473581425917
-172.5962379815939,86.66237535980963
-172.5861595249263,87.79067774550177
-172.5760810682587,88.79260796736183
-172.5660026115912,89.66707968192961
-172.5559241549236,90.4040267077399
-172.545845698256,91.00435857635131
-172.5357672415884,91.47495340244292
-172.5256887849209,91.81862468792063
-172.5156103282533,92.04401180635682
-172.5055318715857,92.15552305451307
-172.4954534149182,92.14828145791881
-172.4853749582506,92.02303625932514
-172.475296501583,91.786105270229
-172.4652180449155,91.45922209039438
-172.4551395882479,91.04946874238126
-172.4450611315803,90.54916788169615
-172.4349826749127,89.96573646066673
-172.4249042182452,89.30665584565901
-172.4148257615776,88.57936839957898
-172.40474730491,87.79117857561441
-172.3946688482425,86.94916012546663
-172.3845903915749,86.06007087926204
-172.3745119349073,85.13027638103044
-172.3644334782398,84.16568346734478
-172.3543550215722,83.17168466214598
-172.3442765649046,82.15808859048764
-172.334198108237,81.12910074998871
-172.3241196515695,80.08330375966101
-172.3140411949019,79.02363701326803
-172.3039627382343,77.95242647984125
-172.2938842815668,76.87637475593817
-172.2838058248992,75.79660002032296
-172.2737273682316,74.70867194202482
-172.263648911564,73.6126434836755
-172.2535704548965,72.50812845991449
-172.2434919982289,71.39435963353958
-172.2334135415613,70.27025143753929
-172.2233350848938,69.13446593261517
-172.2132566282262,67.99542971863789
-172.2031781715586,66.8613773996519
-172.193099714891,65.72542059117018
-172.1830212582235,64.57560302940757
-172.1729428015559,63.40996618822638
-172.1628643448883,62.22666246619828
-172.1527858882208,61.01903798483692
-172.1427074315532,59.78567110811669
-172.1326289748856,58.53041703915458
-172.122550518218,57.25245796329936
-172.1124720615505,55.95628188038087
-172.1023936048829,54.64171777955789
-172.0923151482153,53.29897605392066
-172.0822366915478,51.92863031234138
-172.0721582348802,50.53166834923087
-172.0620797782126,49.10948476204541
-172.052001321545,47.66884112682651
-172.0419228648775,46.21185823263041
-172.0318444082099,44.73598998192595
-172.0217659515423,43.24895423408953
-172.0116874948748,41.75373633572629
-172.0016090382072,40.24855115415127
-171.9915305815396,38.73678986241864
-171.9814521248721,37.22200332594495
-171.9713736682045,35.71283350363272
-171.9612952115369,34.21298299253849
-171.9512167548694,32.72117238226987
-171.9411382982018,31.24108607836779
-171.9310598415342,29.77635823840368
-171.9209813848666,28.33053541842609
-171.9109029281991,26.907041829003
-171.9008244715315,25.50914758426455
-171.8907460148639,24.13994025250633
-171.8806675581963,22.80229994208236
-171.8705891015288,21.49887808291483
-171.8605106448612,20.23207999323613
-171.8504321881936,19.00405125426344
-171.8403537315261,17.81666785331823
-171.8302752748585,16.67152999920335
-171.8201968181909,15.56995946302316
-171.8101183615234,14.51300025349276
-171.8000399048558,13.50142239838462
-171.7899614481882,12.53572857320413
-171.7798829915207,11.61616329443206
-171.7698045348531,10.74272437755578
-171.7597260781855,9.915176349358138
-171.7496476215179,9.133065499173826
-171.7395691648503,8.395736254610974
-171.7294907081828,7.702135732534669
-171.7194122515152,7.051514498691072
-171.7093337948477,6.442922360358549
-171.6992553381801,5.874811888438257
-171.6891768815125,5.345685910605728
-171.6790984248449,4.853976603747926
-171.6690199681774,4.398591107153206
-171.6589415115098,3.977537815541181
-171.6488630548422,3.589393404984274
-171.6387845981747,3.232447649518072
-171.6287061415071,2.904771498626948
-171.6186276848395,2.604805480079311
-171.6085492281719,2.330870183636556
-171.5984707715044,2.081204517394988
-171.5883923148368,1.854422988470961
-171.5783138581692,1.64892131779149
-171.5682354015017,1.463043758429229
-171.5581569448341,1.295322960354338
-171.5480784881665,1.14403184442026
-171.5380000314989,1.008530799236803
-171.5279215748314,0.8871432615758129
-171.5178431181638,0.7786622979149368
-171.5077646614962,0.6819500906636806
-171.4976862048287,0.5959383807404269
-171.4876077481611,0.5196282057248229
-171.4775292914935,0.4520890189591386
-171.4674508348259,0.3924572730300737
-171.4573723781584,0.3399345481292218
-171.4472939214908,0.2937853020256292
-171.4372154648232,0.2533343139441536
-171.4271370081557,0.2178574694156402
-171.4170585514881,0.1870265342194295
-171.4069800948205,0.1601969419447292
-171.396901638153,0.1369061592376107
-171.3868231814854,0.1167366144395902
-171.3767447248178,0.09920613137498205
-171.3666662681503,0.08421257322132945
-171.3565878114827,0.07132169371111589
-171.3465093548151,0.06026573313438265
-171.3364308981475,0.05080671928703109
-171.3263524414799,0.04273381115104556
-171.3162739848124,0.03586078142516251
-171.3061955281448,0.03002364606356281
-171.2961170714773,0.02486560525330338
-171.2860386148097,0.02051762973588768
-171.2759601581421,0.01696738050465477
-171.2658817014745,0.01409000879049168
-171.255803244807,0.01156628856560063
-171.2457247881394,0.009562702782741647
-171.2356463314718,0.007887201357815288
-171.2255678748043,0.006489631026946749
-171.2154894181367,0.005220437048264304
-171.2054109614691,0.004277540058327691
-171.1953325048015,0.003283594664944081
-171.185254048134,0.002682309701904024
-171.1751755914664,0.002185701241876802
-171.1650971347988,0.001776621885792254
-171.1550186781313,0.001440526911699333
-171.1449402214637,0.001165117518428718
-171.1348617647961,0.0008336058170692431
-171.1247833081285,0.0006721839736620793
-171.114704851461,0.0005406620177159372
-171.1046263947934,0.0003273639809831564
-171.0945479381258,0.0002628059905130051
-171.0844694814583,0.0002104441162372979
-171.0743910247907,0.0001680875223493201
-171.0643125681231,0.000133915646926533
-171.0542341114555,0
-89.50944121414,0.000133915646926533
-89.49936275747241,0.0001680875223493201
-89.48928430080484,0.0002104441162372979
-89.47920584413728,0.0002628059905130051
-89.46912738746971,0.0003273639809831564
-89.45904893080213,0.0004067463707894042
-89.44897047413457,0.0005040964513127592
-89.438892017467,0.0006231617008319452
-89.42881356079943,0.0007683958809891801
-89.41873510413185,0.0009450754083668566
-89.40865664746428,0.001159431398765552
-89.39857819079671,0.001418798800051038
-89.38849973412914,0.001731784020088922
-89.37842127746157,0.002108452413165496
-89.368342820794,0.002560536904795009
-89.35826436412643,0.003101668903968167
-89.34818590745886,0.003747632466505403
-89.33810745079128,0.004516642425984177
-89.32802899412371,0.005429646892606988
-89.31795053745616,0.006510654128662773
-89.30787208078857,0.007787083335899384
-89.297793624121,0.009290138330181254
-89.28771516745344,0.01105520242865355
-89.27763671078587,0.01312225213244718
-89.26755825411828,0.01553628635410219
-89.25747979745071,0.01834776701633438
-89.24740134078316,0.0216130658435174
-89.23732288411557,0.02539491108871906
-89.227244427448,0.02976282680051009
-89.21716597078044,0.0347935560523275
-89.20708751411287,0.04057145835449157
-89.19700905744529,0.04718887027102081
-89.18693060077773,0.05474641710055647
-89.17685214411016,0.06335326238762587
-89.16677368744259,0.07312728104572418
-89.156695230775,0.08419514103926698
-89.14661677410744,0.09669227793211037
-89.13653831743987,0.1107627462126047
-89.1264598607723,0.126558931196353
-89.11638140410473,0.1442411055346975
-89.10630294743716,0.1639768149641255
-89.09622449076959,0.1859400789602534
-89.08614603410201,0.2103103934453091
-89.07606757743444,0.2372715246683163
-89.06598912076687,0.2670100858515416
-89.0559106640993,0.2997138911832317
-89.04583220743173,0.335570085230619
-89.03575375076416,0.3747630498296377
-89.02567529409659,0.4174720949443568
-89.01559683742903,0.4638689448287798
-89.00551838076144,0.5141150359984483
-88.99543992409387,0.568358648944102
-88.98536146742632,0.6267319010928351
-88.97528301075874,0.6893476341265519
-88.96520455409116,0.7562962342720398
-88.95512609742359,0.8276424294391188
-88.94504764075603,0.9034221119520222
-88.93496918408846,0.9836392399382756
-88.92489072742087,1.068262874051781
-88.91481227075332,1.157224408958982
-88.90473381408574,1.250415060763508
-88.89465535741816,1.347683672153682
-88.8845769007506,1.448834896414827
-88.87449844408303,1.553627819464168
-88.86441998741546,1.661775075677401
-88.85434153074789,1.772942508452016
-88.84426307408032,1.886749420197582
-88.83418461741275,2.002769448799895
-88.82410616074517,2.120532098655652
-88.8140277040776,2.239524944238999
-88.80394924741003,2.359196513001348
-88.79387079074246,2.478959842418953
-88.78379233407489,2.59819669342036
-88.77371387740732,2.716262389508188
-88.76363542073975,2.83249123792057
-88.75355696407219,2.94620247645708
-88.7434785074046,3.056706677431077
-88.73340005073703,3.163312528914247
-88.72332159406946,3.265333903310859
-88.7132431374019,3.362097114622263
-88.70316468073432,3.452948258794194
-88.69308622406675,3.537260526503582
-88.68300776739919,3.614441374819046
-88.67292931073162,3.683939443493032
-88.66285085406403,3.745251103292556
-88.65277239739648,3.797926527771552
-88.6426939407289,3.841575186193013
-88.63261548406133,3.875870663825705
-88.62253702739375,3.90055472641231
-88.61245857072619,3.915440558022343
-88.60238011405862,3.920415115503223
-88.59230165739103,3.920415115503223
-88.58222320072348,3.915440558022343
-88.5721447440559,3.90055472641231
-88.56206628738833,3.875870663825705
-88.55198783072076,3.841575186193013
-88.54190937405319,3.797926527771552
-88.53183091738562,3.745251103292556
-88.52175246071806,3.683939443493032
-88.51167400405048,3.614441374819046
-88.50159554738291,3.537260526503582
-88.49151709071533,3.452948258794194
-88.48143863404776,3.362097114622263
-88.47136017738019,3.265333903310859
-88.46128172071262,3.163312528914247
-88.45120326404506,3.056706677431077
-88.44112480737748,2.94620247645708
-88.43104635070991,2.83249123792057
-88.42096789404235,2.716262389508188
-88.41088943737478,2.59819669342036
-88.40081098070719,2.478959842418953
-88.39073252403962,2.359196513001348
-88.38065406737206,2.239524944238999
-88.37057561070449,2.120532098655652
-88.36049715403691,2.002769448799895
-88.35041869736935,1.886749420197582
-88.34034024070178,1.772942508452016
-88.33026178403421,1.661775075677401
-88.32018332736664,1.553627819464168
-88.31010487069906,1.448834896414827
-88.30002641403149,1.347683672153682
-88.28994795736392,1.250415060763508
-88.27986950069635,1.157224408958982
-88.26979104402878,1.068262874051781
-88.25971258736121,0.9836392399382756
-88.24963413069364,0.9034221119520222
-88.23955567402606,0.8276424294391188
-88.22947721735849,0.7562962342720398
-88.21939876069094,0.6893476341265519
-88.20932030402335,0.6267319010928351
-88.19924184735578,0.568358648944102
-88.18916339068822,0.5141150359984483
-88.17908493402064,0.4638689448287798
-88.16900647735307,0.4174720949443568
-88.15892802068549,0.3747630498296377
-88.14884956401794,0.335570085230619
-88.13877110735035,0.2997138911832317
-88.12869265068278,0.2670100858515416
-88.11861419401522,0.2372715246683163
-88.10853573734765,0.2103103934453091
-88.09845728068007,0.1859400789602534
-88.08837882401251,0.1639768149641255
-88.07830036734494,0.1442411055346975
-88.06822191067737,0.126558931196353
-88.05814345400978,0.1107627462126047
-88.04806499734222,0.09669227793211037
-88.03798654067465,0.08419514103926698
-88.02790808400708,0.07312728104572418
-88.01782962733951,0.06335326238762587
-88.00775117067194,0.05474641710055647
-87.99767271400437,0.04718887027102081
-87.9875942573368,0.04057145835449157
-87.97751580066922,0.0347935560523275
-87.96743734400165,0.02976282680051009
-87.95735888733408,0.02539491108871906
-87.94728043066651,0.0216130658435174
-87.93720197399894,0.01834776701633438
-87.92712351733137,0.01553628635410219
-87.91704506066381,0.01312225213244718
-87.90696660399622,0.01105520242865355
-87.89688814732865,0.009290138330181254
-87.8868096906611,0.007787083335899384
-87.87673123399352,0.006510654128662773
-87.86665277732594,0.005429646892606988
-87.85657432065838,0.004516642425984177
-87.84649586399081,0.003747632466505403
-87.83641740732322,0.003101668903968167
-87.82633895065565,0.002560536904795009
-87.8162604939881,0.002108452413165496
-87.80618203732053,0.001731784020088922
-87.79610358065294,0.001418798800051038
-87.78602512398538,0.001159431398765552
-87.77594666731781,0.0009450754083668566
-87.76586821065024,0.0007683958809891801
-87.75578975398267,0.0006231617008319452
-87.7457112973151,0.0005040964513127592
-87.73563284064753,0.0004067463707894042
-87.72555438397995,0.0003273639809831564
-87.71547592731238,0.0002628059905130051
-87.70539747064481,0.0002104441162372979
-87.69531901397724,0.0001680875223493201
-87.68524055730967,0.000133915646926533
-87.6751621006421,0
-55.51480687442359,0.000133915646926533
-55.50472841775603,0.0001680875223493201
-55.49464996108846,0.0002104441162372979
-55.48457150442088,0.0002628059905130051
-55.47449304775331,0.0003273639809831564
-55.46441459108574,0.0004067463707894042
-55.45433613441816,0.0005040964513127592
-55.44425767775059,0.0006231617008319452
-55.43417922108303,0.0007683958809891801
-55.42410076441546,0.0009450754083668566
-55.41402230774788,0.001159431398765552
-55.40394385108032,0.001418798800051038
-55.39386539441274,0.001731784020088922
-55.38378693774517,0.002108452413165496
-55.37370848107761,0.002560536904795009
-55.36363002441004,0.003101668903968167
-55.35355156774246,0.003747632466505403
-55.34347311107489,0.004516642425984177
-55.33339465440732,0.005429646892606988
-55.32331619773975,0.006510654128662773
-55.31323774107217,0.007787083335899384
-55.30315928440461,0.009290138330181254
-55.29308082773704,0.01105520242865355
-55.28300237106946,0.01312225213244718
-55.2729239144019,0.01553628635410219
-55.26284545773432,0.01834776701633438
-55.25276700106675,0.0216130658435174
-55.24268854439919,0.02539491108871906
-55.23261008773162,0.02976282680051009
-55.22253163106404,0.0347935560523275
-55.21245317439647,0.04057145835449157
-55.2023747177289,0.04718887027102081
-55.19229626106133,0.05474641710055647
-55.18221780439375,0.06335326238762587
-55.17213934772619,0.07312728104572418
-55.16206089105862,0.08419514103926698
-55.15198243439104,0.09669227793211037
-55.14190397772348,0.1107627462126047
-55.1318255210559,0.126558931196353
-55.12174706438833,0.1442411055346975
-55.11166860772075,0.1639768149641255
-55.10159015105319,0.1859400789602534
-55.09151169438562,0.2103103934453091
-55.08143323771804,0.2372715246683163
-55.07135478105048,0.2670100858515416
-55.06127632438291,0.2997138911832317
-55.05119786771533,0.335570085230619
-55.04111941104777,0.3747630498296377
-55.0310409543802,0.4174720949443568
-55.02096249771262,0.4638689448287798
-55.01088404104506,0.5141150359984483
-55.00080558437748,0.568358648944102
-54.99072712770991,0.6267319010928351
-54.98064867104233,0.6893476341265519
-54.97057021437477,0.7562962342720398
-54.9604917577072,0.8276424294391188
-54.95041330103962,0.9034221119520222
-54.94033484437206,0.9836392399382756
-54.93025638770449,1.068262874051781
-54.92017793103691,1.157224408958982
-54.91009947436935,1.250415060763508
-54.90002101770177,1.347683672153682
-54.8899425610342,1.448834896414827
-54.87986410436663,1.553627819464168
-54.86978564769906,1.661775075677401
-54.85970719103149,1.773076424098942
-54.84962873436392,1.886917507719932
-54.83955027769635,2.002979892916132
-54.82947182102878,2.120794904646165
-54.8193933643612,2.239852308219982
-54.80931490769364,2.359603259372138
-54.79923645102607,2.479463938870266
-54.78915799435849,2.598819855121192
-54.77907953769092,2.717030785389178
-54.76900108102335,2.833436313328937
-54.75892262435578,2.947361907855846
-54.7488441676882,3.058125476231128
-54.73876571102064,3.165044312934336
-54.72868725435307,3.267442355724025
-54.7186087976855,3.364657651527058
-54.70853034101793,3.456049927698162
-54.69845188435036,3.541142074617015
-54.68837342768278,3.61912610476738
-54.67829497101522,3.689579534501876
-54.66821651434765,3.752024563411732
-54.65813805768007,3.806040975088435
-54.6480596010125,3.851272070893983
-54.63798114434493,3.887429962705671
-54.62790268767736,3.914300140245588
-54.61782423100978,3.931745240257434
-54.60774577434223,3.939707957927925
-54.59766731767465,3.943187612745506
-54.58758886100708,3.942254267911113
-54.57751040433951,3.932049337232909
-54.56743194767193,3.912772672291198
-54.55735349100436,3.884707181452299
-54.54727503433679,3.848217066946541
-54.53719657766923,3.803745152859618
-54.52711812100165,3.751809348306642
-54.51703966433408,3.692998302757377
-54.50696120766651,3.627966321671511
-54.49688275099894,3.557427620062204
-54.48680429433136,3.482149999165048
-54.47672583766381,3.402948036935867
-54.46664738099623,3.320675886581391
-54.45656892432866,3.236219778749304
-54.44649046766108,3.150490322433668
-54.43641201099352,3.064414697209396
-54.42633355432594,2.978928825265224
-54.41625509765837,2.894969606072411
-54.4061766409908,2.813467289654512
-54.39609818432323,2.735338056586459
-54.38601972765566,2.661476864339657
-54.37594127098809,2.592750610700564
-54.36586281432052,2.529991656016301
-54.35578435765294,2.473991737241755
-54.34570590098538,2.425496298435385
-54.33562744431781,2.385199254702346
-54.32554898765024,2.353738199803324
-54.31547053098267,2.33169006188322
-54.30539207431509,2.319567207127498
-54.29531361764752,2.317813987679656
-54.28523516097996,2.326803727857511
-54.27515670431238,2.346836141548871
-54.26507824764482,2.378135173565573
-54.25499979097724,2.420847258567072
-54.24492133430967,2.475039992776032
-54.2348428776421,2.540701215917486
-54.22476442097452,2.617738503420357
-54.21468596430696,2.705979071714593
-54.20460750763938,2.805170102224897
-54.19452905097182,2.914979492194479
-54.18445059430424,3.034997042572777
-54.17437213763667,3.164736094692844
-54.1642936809691,3.303635628195189
-54.15421522430154,3.451062832504007
-54.14413676763396,3.606316163041303
-54.1340583109664,3.768628891223923
-54.12397985429882,3.93717315411478
-54.11390139763125,4.11106450541766
-54.10382294096368,4.289366964376315
-54.09374448429611,4.47109855315871
-54.08366602762854,4.655237306602626
-54.07358757096096,4.84072773092204
-54.0635091142934,5.026487680299033
-54.05343065762582,5.211415612403707
-54.04335220095825,5.394398175994865
-54.03327374429068,5.574318076062352
-54.02319528762311,5.750062154680553
-54.01311683095554,5.920529619048764
-54.00303837428797,6.084640342281571
-53.9929599176204,6.241343157548852
-53.98288146095283,6.389624062296985
-53.97280300428525,6.52851424663318
-53.96272454761769,6.657097858619251
-53.95264609095012,6.774519419267311
-53.94256763428255,6.884965358976638
-53.93248917761498,6.987683521807522
-53.9224107209474,7.076989507459004
-53.91233226427983,7.152259769565218
-53.90225380761226,7.212962439145457
-53.89217535094469,7.258661869901646
-53.88209689427712,7.2890222839248
-53.87201843760955,7.303810465204684
-53.86193998094198,7.302897460738062
-53.85186152427441,7.286259262262644
-53.84178306760683,7.253976455469714
-53.83170461093927,7.20623283772007
-53.8216261542717,7.143313019549731
-53.81154769760413,7.065599039346646
-53.80146924093656,6.97356603425347
-53.79139078426898,6.86777702335907
-53.78131232760141,6.75385142883216
-53.77123387093384,6.63247134341152
-53.76115541426627,6.499374581533502
-53.7510769575987,6.355334602695971
-53.74099850093113,6.201178445565151
-53.73092004426356,6.037778835991534
-53.72084158759599,5.866046007938721
-53.71076313092841,5.686919336409164
-53.70068467426085,5.501358882538978
-53.69060621759327,5.310336950602524
-53.68052776092571,5.114723334471596
-53.67044930425813,4.915724934086431
-53.66037084759056,4.714168799725686
-53.65029239092299,4.510996201067928
-53.64021393425542,4.307121738194584
-53.63013547758785,4.103426885416062
-53.62005702092028,3.900754111972351
-53.60997856425271,3.699901629446464
-53.59990010758514,3.501618805372382
-53.58982165091756,3.306602271858071
-53.57974319424999,3.115492747273388
-53.56966473758243,2.928872578365551
-53.55958628091485,2.747263999748486
-53.54950782424729,2.571128097743997
-53.53942936757971,2.400864456196031
-53.52935091091214,2.236811453280795
-53.51927245424457,2.079247170621758
-53.509193997577,1.928390869293805
-53.49911554090943,1.784404981645446
-53.48903708424186,1.647397563336914
-53.47895862757429,1.51742514661505
-53.46888017090671,1.394495933627298
-53.45880171423914,1.27857326749709
-53.44872325757157,1.169579318898529
-53.43864480090401,1.067398926916148
-53.42856634423643,0.9718835349738164
-53.41848788756887,0.8828551654683929
-53.40840943090129,0.8001103803391566
-53.39833097423372,0.7234241790249455
-53.38825251756615,0.6525537899833689
-53.37817406089858,0.5872423170441725
-53.36809560423101,0.5272222072164057
-53.35801714756344,0.4722185120449133
-53.34793869089587,0.4219519201006586
-53.33786023422829,0.3761415435851105
-53.32778177756072,0.3345074472355592
-53.31770332089315,0.2967729126520517
-53.30762486422558,0.2626664357570354
-53.29754640755801,0.2319234592888264
-53.28746795089044,0.2042878459765877
-53.27738949422287,0.1795131013182277
-53.2673110375553,0.1573633576671447
-53.25723258088772,0.1376141336250065
-53.24715412422016,0.1200528845427859
-53.23707566755259,0.1044793612680098
-53.22699721088502,0.09070579516792976
-53.21691875421745,0.07855692793833118
-53.20684029754987,0.06786990481361005
-53.1967618408823,0.05849404956706188
-53.18668338421473,0.05029053917498899
-53.17660492754716,0.04313199525928658
-53.16652647087959,0.03690200846549299
-53.15644801421202,0.03149461082059902
-53.14636955754445,0.0268137098887701
-53.13629110087688,0.02277249724228295
-53.1262126442093,0.01929284242470123
-53.11613418754174,0.01630468223509137
-53.10605573087417,0.01374541383327912
-53.0959772742066,0.0115592988799663
-53.08589881753903,0.009696884700970656
-53.07582036087145,0.00811444731688254
-53.06574190420388,0.006773460119175777
-53.05566344753632,0.005640091008844286
-53.04558499086874,0.004684729948333497
-53.03550653420118,0.003881548113431936
-53.0254280775336,0.003101668903968167
-53.01534962086603,0.002560536904795009
-53.00527116419846,0.002108452413165496
-52.99519270753088,0.001731784020088922
-52.98511425086332,0.001418798800051038
-52.97503579419574,0.001159431398765552
-52.96495733752818,0.0009450754083668566
-52.9548788808606,0.0007683958809891801
-52.94480042419303,0.0006231617008319452
-52.93472196752546,0.0005040964513127592
-52.92464351085789,0.0004067463707894042
-52.91456505419032,0.0003273639809831564
-52.90448659752276,0.0002628059905130051
-52.89440814085518,0.0002104441162372979
-52.88432968418761,0.0001680875223493201
-52.87425122752003,0.000133915646926533
-52.86417277085246,0
-24.62433718831901,0.000133915646926533
-24.61425873165144,0.0001680875223493201
-24.60418027498387,0.0002104441162372979
-24.5941018183163,0.0002628059905130051
-24.58402336164873,0.0003273639809831564
-24.57394490498116,0.0004067463707894042
-24.56386644831359,0.0005040964513127592
-24.55378799164601,0.0006231617008319452
-24.54370953497844,0.0007683958809891801
-24.53363107831087,0.0009450754083668566
-24.5235526216433,0.001159431398765552
-24.51347416497573,0.001418798800051038
-24.50339570830816,0.001731784020088922
-24.49331725164059,0.002108452413165496
-24.48323879497302,0.002560536904795009
-24.47316033830545,0.003101668903968167
-24.46308188163788,0.003747632466505403
-24.45300342497031,0.004516642425984177
-24.44292496830274,0.005429646892606988
-24.43284651163517,0.006510654128662773
-24.42276805496759,0.007787083335899384
-24.41268959830002,0.009290138330181254
-24.40261114163245,0.01105520242865355
-24.39253268496488,0.01312225213244718
-24.38245422829731,0.01553628635410219
-24.37237577162974,0.01834776701633438
-24.36229731496217,0.0216130658435174
-24.3522188582946,0.02539491108871906
-24.34214040162703,0.02976282680051009
-24.33206194495946,0.0347935560523275
-24.32198348829189,0.04057145835449157
-24.31190503162432,0.04718887027102081
-24.30182657495675,0.05474641710055647
-24.29174811828917,0.06335326238762587
-24.28166966162161,0.07312728104572418
-24.27159120495403,0.08419514103926698
-24.26151274828646,0.09669227793211037
-24.25143429161889,0.1107627462126047
-24.24135583495132,0.126558931196353
-24.23127737828375,0.1442411055346975
-24.22119892161618,0.1639768149641255
-24.21112046494861,0.1859400789602534
-24.20104200828104,0.2103103934453091
-24.19096355161347,0.2372715246683163
-24.1808850949459,0.2670100858515416
-24.17080663827833,0.2997138911832317
-24.16072818161075,0.335570085230619
-24.15064972494318,0.3747630498296377
-24.14057126827561,0.4174720949443568
-24.13049281160804,0.4638689448287798
-24.12041435494047,0.5141150359984483
-24.1103358982729,0.568358648944102
-24.10025744160533,0.6267319010928351
-24.09017898493776,0.6893476341265519
-24.08010052827019,0.7562962342720398
-24.07002207160262,0.8276424294391188
-24.05994361493504,0.9034221119520222
-24.04986515826748,0.9836392399382756
-24.0397867015999,1.068262874051781
-24.02970824493233,1.157224408958982
-24.01962978826476,1.250415060763508
-24.00955133159719,1.347683672153682
-23.99947287492962,1.448834896414827
-23.98939441826205,1.553627819464168
-23.97931596159448,1.661775075677401
-23.96923750492691,1.772942508452016
-23.95915904825934,1.886749420197582
-23.94908059159177,2.002769448799895
-23.93900213492419,2.120532098655652
-23.92892367825662,2.239524944238999
-23.91884522158905,2.359196513001348
-23.90876676492148,2.478959842418953
-23.89868830825391,2.59819669342036
-23.88860985158634,2.716262389508188
-23.87853139491877,2.83249123792057
-23.8684529382512,2.94620247645708
-23.85837448158363,3.056706677431077
-23.84829602491606,3.163312528914247
-23.83821756824849,3.265333903310859
-23.82813911158092,3.362097114622263
-23.81806065491335,3.452948258794194
-23.80798219824577,3.537260526503582
-23.7979037415782,3.614441374819046
-23.78782528491063,3.683939443493032
-23.77774682824306,3.745251103292556
-23.76766837157549,3.797926527771552
-23.75758991490792,3.841575186193013
-23.74751145824035,3.875870663825705
-23.73743300157278,3.90055472641231
-23.72735454490521,3.915440558022343
-23.71727608823764,3.920415115503223
-23.70719763157007,3.920415115503223
-23.6971191749025,3.915440558022343
-23.68704071823493,3.90055472641231
-23.67696226156735,3.875870663825705
-23.66688380489979,3.841575186193013
-23.65680534823221,3.797926527771552
-23.64672689156464,3.745251103292556
-23.63664843489707,3.683939443493032
-23.6265699782295,3.614441374819046
-23.61649152156193,3.537260526503582
-23.60641306489436,3.452948258794194
-23.59633460822679,3.362097114622263
-23.58625615155922,3.265333903310859
-23.57617769489165,3.163312528914247
-23.56609923822408,3.056706677431077
-23.55602078155651,2.94620247645708
-23.54594232488893,2.83249123792057
-23.53586386822136,2.716262389508188
-23.52578541155379,2.59819669342036
-23.51570695488622,2.478959842418953
-23.50562849821865,2.359196513001348
-23.49555004155108,2.239524944238999
-23.48547158488351,2.120532098655652
-23.47539312821594,2.002769448799895
-23.46531467154837,1.886749420197582
-23.4552362148808,1.772942508452016
-23.44515775821322,1.661775075677401
-23.43507930154565,1.553627819464168
-23.42500084487808,1.448834896414827
-23.41492238821051,1.347683672153682
-23.40484393154294,1.250415060763508
-23.39476547487537,1.157224408958982
-23.3846870182078,1.068262874051781
-23.37460856154023,0.9836392399382756
-23.36453010487266,0.9034221119520222
-23.35445164820509,0.8276424294391188
-23.34437319153752,0.7562962342720398
-23.33429473486995,0.6893476341265519
-23.32421627820237,0.6267319010928351
-23.3141378215348,0.568358648944102
-23.30405936486723,0.5141150359984483
-23.29398090819966,0.4638689448287798
-23.28390245153209,0.4174720949443568
-23.27382399486452,0.3747630498296377
-23.26374553819695,0.335570085230619
-23.25366708152938,0.2997138911832317
-23.24358862486181,0.2670100858515416
-23.23351016819424,0.2372715246683163
-23.22343171152667,0.2103103934453091
-23.2133532548591,0.1859400789602534
-23.20327479819153,0.1639768149641255
-23.19319634152395,0.1443750211816241
-23.18311788485638,0.1267270187187023
-23.17303942818881,0.110973190328842
-23.16296097152124,0.09695508392262338
-23.15288251485367,0.08452250502025013
-23.1428040581861,0.07353402741651358
-23.13272560151853,0.06385735883893863
-23.12264714485096,0.05536957880138841
-23.11256868818339,0.04795726615200999
-23.10249023151582,0.04151653376285843
-23.09241177484825,0.03595298745109305
-23.08233331818068,0.03118162560056113
-23.07225486151311,0.02712669510880799
-23.06217640484553,0.0237215182566829
-23.05209794817796,0.02090830392112939
-23.04201949151039,0.01863795525807035
-23.03194103484282,0.01686988459895258
-23.02186257817525,0.01557184485463772
-23.01178412150768,0.01471978522278824
-23.00170566484011,0.01429773746456216
-22.99162720817254,0.01429773746456216
-22.98154875150497,0.01471978522278824
-22.9714702948374,0.01557184485463772
-22.96139183816982,0.01686988459895258
-22.95131338150226,0.01863795525807035
-22.94123492483468,0.02090830392112939
-22.93115646816711,0.0237215182566829
-22.92107801149954,0.02712669510880799
-22.91099955483197,0.03118162560056113
-22.9009210981644,0.03595298745109305
-22.89084264149683,0.04151653376285843
-22.88076418482926,0.04795726615200999
-22.87068572816169,0.05536957880138841
-22.86060727149412,0.06399127448586517
-22.85052881482655,0.0737021149388629
-22.84045035815898,0.08473294913648745
-22.8303719014914,0.09721788991313639
-22.82029344482383,0.1113005543098251
-22.81021498815626,0.1271337650894917
-22.80013653148869,0.1448791176329368
-22.79005807482112,0.1645999766649575
-22.77997961815355,0.1867084748412425
-22.76990116148598,0.2112554688536759
-22.75982270481841,0.2384309560670819
-22.74974424815084,0.2684288846515926
-22.73966579148327,0.3014456752033206
-22.7295873348157,0.3376785376437844
-22.71950887814813,0.3773235867344327
-22.70943042148055,0.420573763848325
-22.69935196481298,0.4676165772952852
-22.68927350814541,0.5186316784244326
-22.67919505147784,0.573788295836709
-22.66911659481027,0.6332425552214979
-22.6590381381427,0.6971347174624513
-22.64895968147513,0.7655863726022211
-22.63888122480756,0.8386976318677724
-22.62880276813999,0.9165443640844694
-22.61872431147242,0.9991755262923778
-22.60864585480485,1.086610641068116
-22.59856739813728,1.178837474802499
-22.58848894146971,1.275809971852227
-22.57841048480213,1.377446498954192
-22.56833202813456,1.483628452467154
-22.55825357146699,1.594199277818659
-22.54817511479942,1.708963945948422
-22.53809665813185,1.827688925552572
-22.52801820146428,1.950102682585208
-22.51793974479671,2.075896729845619
-22.50786128812914,2.204727239694919
-22.49778283146157,2.336217222171109
-22.487704374794,2.469959259213953
-22.47762591812643,2.605518773615306
-22.46754746145886,2.742437798955057
-22.45746900479129,2.880239204472314
-22.44739054812371,3.018431316880824
-22.43731209145614,3.15651286990239
-22.42723363478857,3.293978202099393
-22.417155178121,3.430322614765789
-22.40707672145343,3.565047794494092
-22.39699826478586,3.697667199852882
-22.38691980811829,3.827711308623832
-22.37684135145072,3.954732621447938
-22.36676289478315,4.078310319647826
-22.35668443811558,4.19805447949148
-22.346605981448,4.313609752236658
-22.33652752478044,4.424658428864388
-22.32644906811286,4.530922820319564
-22.31637061144529,4.632166898097745
-22.30629215477772,4.728197155851428
-22.29621369811015,4.818862669974365
-22.28613524144258,4.9040543554415
-22.27605678477501,4.988811905201931
-22.26597832810744,5.072833054503674
-22.25589987143987,5.151180231292056
-22.24582141477229,5.223817141969899
-22.23574295810473,5.290737446588824
-22.22566450143715,5.351961093606509
-22.21558604476958,5.407530275421269
-22.20550758810201,5.457505113645879
-22.19542913143444,5.501959190897616
-22.18535067476687,5.540975050711843
-22.1752722180993,5.574639788848612
-22.16519376143173,5.603040857661313
-22.15511530476416,5.626262200332296
-22.14503684809659,5.644380823746365
-22.13495839142902,5.657463907756231
-22.12487993476145,5.665566534869236
-22.11480147809388,5.668730108307646
-22.1047230214263,5.666981508391252
-22.09464456475873,5.660333017744042
-22.08456610809116,5.648783025461862
-22.07448765142359,5.632317499648107
-22.06440919475602,5.610912197191443
-22.05433073808845,5.5845355598785
-22.04425228142088,5.553152227435923
-22.03417382475331,5.51672708137073
-22.02409536808574,5.475229718961383
-22.01401691141817,5.428639244813475
-22.0039384547506,5.376949258324437
-21.99385999808303,5.32017290940835
-21.98378154141546,5.258347892031715
-21.97370308474789,5.19154124553031
-21.96362462808031,5.119853837252346
-21.95354617141274,5.04342440665556
-21.94346771474517,4.967407617829124
-21.9333892580776,4.891989951020089
-21.92331080141003,4.812392296890696
-21.91323234474246,4.728859176029856
-21.90315388807489,4.641685566532169
-21.89307543140732,4.551217360060741
-21.88299697473975,4.457850857771356
-21.87291851807218,4.362031294455606
-21.8628400614046,4.264250398608079
-21.85276160473704,4.165043014893247
-21.84268314806947,4.064982833292149
-21.83260469140189,3.964677285704424
-21.82252623473432,3.864761685677323
-21.81244777806675,3.765892699996408
-21.80236932139918,3.668741251929031
-21.79229086473161,3.573984964846746
-21.78221240806404,3.482300261709604
-21.77213395139647,3.394354240470762
-21.7620554947289,3.310796447899159
-21.75197703806133,3.232250674708141
-21.74189858139376,3.159306893340505
-21.73182012472618,3.092513456443149
-21.72174166805861,3.032369669134037
-21.71166321139104,2.979318841797642
-21.70158475472347,2.933741922523484
-21.6915062980559,2.895951799604353
-21.68142784138833,2.866188354907404
-21.67134938472076,2.844614338582167
-21.66127092805319,2.831312124620837
-21.65119247138562,2.826281395369019
-21.64111401471805,2.829437791316395
-21.63103555805047,2.8406125504799
-21.62095710138291,2.859553149520131
-21.61087864471533,2.88592494648996
-21.60080018804776,2.919313812884365
-21.59072173138019,2.959229730523424
-21.58064327471262,3.00511131684122
-21.57056481804505,3.0563312304638
-21.56048636137748,3.112202397640451
-21.55040790470991,3.171984989257068
-21.54032944804234,3.234894067932621
-21.53025099137477,3.300241730862782
-21.5201725347072,3.366944327827755
-21.51009407803963,3.434240708281747
-21.50001562137206,3.501253872548544
-21.48993716470448,3.567106942495164
-21.47985870803691,3.630932745644645
-21.46978025136934,3.691883311312589
-21.45970179470177,3.74913915705809
-21.4496233380342,3.801918245541278
-21.43954488136663,3.849484495566356
-21.42946642469906,3.891155736677332
-21.41938796803149,3.926311004138746
-21.40930951136392,3.954397080406689
-21.39923105469635,3.974934200161493
-21.38915259802878,3.987520848472609
-21.37907414136121,3.991837595494385
-21.36899568469364,3.987649926004281
-21.35891722802607,3.979678175029764
-21.34883877135849,3.968059075185971
-21.33876031469092,3.947636838895464
-21.32868185802335,3.918451303213932
-21.31860340135578,3.880628151323704
-21.30852494468821,3.834376641288924
-21.29844648802064,3.779986421268521
-21.28836803135307,3.717823496863469
-21.2782895746855,3.648325428189482
-21.26821111801793,3.571995844479547
-21.25813266135036,3.489398372311567
-21.24805420468278,3.401150079752954
-21.23797574801522,3.307914542699087
-21.22789729134765,3.210394641397401
-21.21781883468007,3.109325194594704
-21.2077403780125,3.005465535983621
-21.19766192134493,2.899592132774702
-21.18758346467736,2.792491339457881
-21.17750500800979,2.684952371364422
-21.16742655134222,2.577760572764229
-21.15734809467465,2.471691043234042
-21.14726963800707,2.367502674235403
-21.13719118133951,2.265932635589115
-21.12711272467194,2.167691339172388
-21.11703426800436,2.073457895038825
-21.10695581133679,1.983876063598156
-21.09687735466922,1.89955069679703
-21.08679889800165,1.821044651686499
-21.07672044133408,1.748876151579042
-21.06664198466651,1.683516563374814
-21.05656352799894,1.625388554709383
-21.04648507133137,1.574864591425688
-21.0364066146638,1.532265734527487
-21.02632815799623,1.497754275936724
-21.01624970132865,1.471780760896124
-21.00617124466108,1.454374330531954
-20.99609278799351,1.445643868398592
-20.98601433132594,1.445643868398592
-20.97593587465837,1.454374330531954
-20.9658574179908,1.471780760896124
-20.95577896132323,1.497754275936724
-20.94570050465566,1.532131818880561
-20.93562204798809,1.574696503903338
-20.92554359132052,1.625178110593146
-20.91546513465295,1.683253757384301
-20.90538667798538,1.748548787598058
-20.89530822131781,1.820637905315709
-20.88522976465024,1.899046600345717
-20.87515130798266,1.983252901897324
-20.86507285131509,2.072689499157836
-20.85499439464752,2.166746263764021
-20.84491593797995,2.264773204190349
-20.83483748131238,2.366083875435352
-20.82475902464481,2.469959259213953
-20.81468056797724,2.575652120351063
-20.80460211130967,2.682391834459627
-20.7945236546421,2.789389670553912
-20.78444519797453,2.895844500308196
-20.77436674130696,3.000948893557637
-20.76428828463938,3.103895547702098
-20.75420982797182,3.203883987268738
-20.74413137130425,3.300127459363187
-20.73405291463667,3.391859941422773
-20.7239744579691,3.478343169882913
-20.71389600130153,3.558873592347099
-20.70381754463396,3.632789141835381
-20.69373908796639,3.699475729847134
-20.68366063129882,3.758373355425003
-20.67358217463125,3.808981730200205
-20.66350371796368,3.850865324523194
-20.65342526129611,3.883657747161605
-20.64334680462854,3.907065380540973
-20.63326834796096,3.92087020491495
-20.62318989129339,3.924931757929208
-20.61311143462583,3.924162747969729
-20.60303297795825,3.918542226926311
-20.59295452129068,3.903115263317105
-20.58287606462311,3.87797911623887
-20.57279760795554,3.843306970213102
-20.56271915128797,3.799345326571603
-20.5526406946204,3.746410534691322
-20.54256223795283,3.684884518901399
-20.53248378128525,3.615209770700035
-20.52240532461769,3.537883688204413
-20.51232686795012,3.453452355245507
-20.50224841128254,3.362503860993052
-20.49216995461497,3.265661267291843
-20.4820914979474,3.163575334904759
-20.47201304127983,3.056917121547314
-20.46193458461226,2.946370563979429
-20.45185612794469,2.832625153567497
-20.44177767127712,2.716262389508188
-20.43169921460955,2.59819669342036
-20.42162075794198,2.478959842418953
-20.41154230127441,2.359196513001348
-20.40146384460683,2.239524944238999
-20.39138538793926,2.120532098655652
-20.38130693127169,2.002769448799895
-20.37122847460412,1.886749420197582
-20.36115001793655,1.772942508452016
-20.35107156126898,1.661775075677401
-20.34099310460141,1.553627819464168
-20.33091464793384,1.448834896414827
-20.32083619126627,1.347683672153682
-20.3107577345987,1.250415060763508
-20.30067927793113,1.157224408958982
-20.29060082126356,1.068262874051781
-20.28052236459599,0.9836392399382756
-20.27044390792842,0.9034221119520222
-20.26036545126084,0.8276424294391188
-20.25028699459327,0.7562962342720398
-20.2402085379257,0.6893476341265519
-20.23013008125813,0.6267319010928351
-20.22005162459056,0.568358648944102
-20.20997316792299,0.5141150359984483
-20.19989471125542,0.4638689448287798
-20.18981625458785,0.4174720949443568
-20.17973779792028,0.3747630498296377
-20.16965934125271,0.335570085230619
-20.15958088458514,0.2997138911832317
-20.14950242791756,0.2670100858515416
-20.13942397125,0.2372715246683163
-20.12934551458243,0.2103103934453091
-20.11926705791485,0.1859400789602534
-20.10918860124728,0.1639768149641255
-20.09911014457971,0.1442411055346975
-20.08903168791214,0.126558931196353
-20.07895323124457,0.1107627462126047
-20.068874774577,0.09669227793211037
-20.05879631790943,0.08419514103926698
-20.04871786124186,0.07312728104572418
-20.03863940457429,0.06335326238762587
-20.02856094790672,0.05474641710055647
-20.01848249123914,0.04718887027102081
-20.00840403457157,0.04057145835449157
-19.99832557790401,0.0347935560523275
-19.98824712123643,0.02976282680051009
-19.97816866456886,0.02539491108871906
-19.96809020790129,0.0216130658435174
-19.95801175123372,0.01834776701633438
-19.94793329456615,0.01553628635410219
-19.93785483789858,0.01312225213244718
-19.92777638123101,0.01105520242865355
-19.91769792456343,0.009290138330181254
-19.90761946789586,0.007787083335899384
-19.8975410112283,0.006510654128662773
-19.88746255456072,0.005429646892606988
-19.87738409789315,0.004516642425984177
-19.86730564122558,0.003747632466505403
-19.85722718455801,0.003101668903968167
-19.84714872789044,0.002560536904795009
-19.83707027122287,0.002108452413165496
-19.8269918145553,0.001731784020088922
-19.81691335788773,0.001418798800051038
-19.80683490122016,0.001159431398765552
-19.79675644455259,0.0009450754083668566
-19.78667798788501,0.0007683958809891801
-19.77659953121744,0.0006231617008319452
-19.76652107454987,0.0005040964513127592
-19.7564426178823,0.0004067463707894042
-19.74636416121473,0.0003273639809831564
-19.73628570454716,0.0002628059905130051
-19.72620724787959,0.0002104441162372979
-19.71612879121202,0.0001680875223493201
-19.70605033454445,0.000133915646926533
-19.69597187787688,0
-18.86953843113607,0.000133915646926533
-18.8594599744685,0.0001680875223493201
-18.84938151780093,0.0002104441162372979
-18.83930306113336,0.0002628059905130051
-18.82922460446579,0.0003273639809831564
-18.81914614779821,0.0004067463707894042
-18.80906769113065,0.0005040964513127592
-18.79898923446308,0.0006231617008319452
-18.7889107777955,0.0007683958809891801
-18.77883232112793,0.0009450754083668566
-18.76875386446036,0.001159431398765552
-18.75867540779279,0.001418798800051038
-18.74859695112522,0.001731784020088922
-18.73851849445765,0.002108452413165496
-18.72844003779008,0.002694452551721542
-18.71836158112251,0.003269756426317486
-18.70828312445494,0.003958076582742701
-18.69820466778737,0.004779448416497182
-18.68812621111979,0.005757010873590145
-18.67804775445222,0.006917400499452176
-18.66796929778465,0.008291179787212144
-18.65789084111708,0.009913300031013197
-18.64781238444951,0.01182359830964272
-18.63773392778194,0.01406732754081403
-18.62765547111437,0.01669571775286774
-18.6175770144468,0.01976656581638541
-18.60749855777923,0.02334484986360632
-18.59742010111166,0.02750336350188456
-18.58734164444409,0.0323233637053051
-18.57726318777652,0.03789522495629567
-18.56718473110895,0.0444530064679235
-18.55710627444137,0.05187360021935432
-18.5470278177738,0.06038650810940076
-18.53694936110623,0.07012672250680164
-18.52687090443866,0.08124172836260672
-18.51679244777109,0.09389202574023763
-18.50671399110352,0.1082515768120767
-18.49663553443595,0.1245081600458838
-18.48655707776838,0.1428636134314444
-18.47647862110081,0.1635339479593988
-18.46640016443324,0.1867493122064085
-18.45632170776567,0.2127537888490235
-18.4462432510981,0.241805004265908
-18.43616479443052,0.2741735331338093
-18.42608633776296,0.3101420811108282
-18.41600788109538,0.3500044303582206
-18.40592942442781,0.3940641347976807
-18.39585096776024,0.4426329546432478
-18.38577251109267,0.496029022882688
-18.3756940544251,0.5545747399967096
-18.36561559775753,0.6185943972664582
-18.35553714108996,0.6884115334868879
-18.34545868442239,0.7643460347178416
-18.33538022775481,0.8467109917936967
-18.32530177108725,0.9358093355902676
-18.31522331441968,1.031930275415706
-18.3051448577521,1.135479486887775
-18.29506640108453,1.24647376321766
-18.28498794441697,1.36524623082007
-18.27490948774939,1.491994662185054
-18.26483103108182,1.626883968329602
-18.25475257441425,1.77004233862513
-18.24467411774668,1.921557504911053
-18.23459566107911,2.081473188381405
-18.22451720441154,2.249785788602563
-18.21443874774397,2.426441373843751
-18.20436029107639,2.611333030621293
-18.19428183440882,2.804298627939102
-18.18420337774126,3.005119048144134
-18.17412492107368,3.213516931625981
-18.16404646440611,3.429155976822292
-18.15396800773854,3.651774745868376
-18.14388955107097,3.880685680906305
-18.1338110944034,4.115485409677707
-18.12373263773583,4.355742753065667
-18.11365418106826,4.600606145425989
-18.10357572440069,4.849515932899449
-18.09349726773312,5.101760438980059
-18.08341881106555,5.356586802043085
-18.07334035439797,5.613205962287284
-18.0632618977304,5.870798173204006
-18.05318344106283,6.12851898436351
-18.04310498439526,6.38550563509209
-18.03302652772769,6.640883792375756
-18.02294807106012,6.893774561178385
-18.01286961439255,7.143301691386798
-18.00279115772498,7.388732818490868
-17.99271270105741,7.628985335945208
-17.98263424438984,7.863342878932235
-17.97255578772227,8.091014827613119
-17.9624773310547,8.311249785319683
-17.95239887438713,8.528316929743092
-17.94232041771955,8.741525517354241
-17.93224196105198,8.945231424969494
-17.92216350438441,9.13883066084299
-17.91208504771684,9.321790826775958
-17.90200659104927,9.493790454242985
-17.8919281343817,9.654222278844101
-17.88184967771413,9.802906464465694
-17.87177122104656,9.939646223718437
-17.86169276437899,10.06433683433111
-17.85161430771142,10.17696744094005
-17.84153585104385,10.2776220456749
-17.83145739437628,10.36647967795073
-17.8213789377087,10.44381374079811
-17.81130048104113,10.51496509507393
-17.80122202437356,10.58035282078344
-17.79114356770599,10.6354716196412
-17.78106511103842,10.68087587144466
-17.77098665437085,10.71720140514342
-17.76090819770328,10.74529498562937
-17.75082974103571,10.76570765685599
-17.74075128436814,10.77953194273289
-17.73067282770057,10.78744610291358
-17.72059437103299,10.7905225740706
-17.71051591436543,10.7897725430764
-17.70043745769786,10.78624415678203
-17.69035900103028,10.78114775718633
-17.68028054436271,10.77534530627059
-17.67020208769514,10.77005013320551
-17.66012363102757,10.7665034861678
-17.65004517436,10.77067815788168
-17.63996671769243,10.78348935777941
-17.62988826102486,10.80104684367856
-17.61980980435728,10.82429192555766
-17.60973134768972,10.85412092773844
-17.59965289102215,10.89137710590336
-17.58957443435457,10.93684297482991
-17.579495977687,10.99123314033701
-17.56941752101944,11.05518772802859
-17.55933906435186,11.12926649907734
-17.54926060768429,11.21394373941386
-17.53918215101672,11.30960400320314
-17.52910369434915,11.41653878436273
-17.51902523768158,11.53507809675044
-17.50894678101401,11.66508769561453
-17.49886832434644,11.8066780430359
-17.48878986767887,11.95975753421754
-17.47871141101129,12.12414103222305
-17.46863295434373,12.29955312517502
-17.45855449767615,12.48563250987437
-17.44847604100858,12.68193746847702
-17.43839758434101,12.88795238746171
-17.42831912767344,13.10309525066945
-17.41824067100587,13.3267260209949
-17.4081622143383,13.55815580867566
-17.39808375767073,13.79665670837278
-17.38800530100316,14.04644673015952
-17.37792684433559,14.30671360823976
-17.36784838766802,14.57162627912163
-17.35776993100045,14.84033385485785
-17.34769147433288,15.1120029533543
-17.3376130176653,15.38582926312811
-17.32753456099773,15.66104859094716
-17.31745610433016,15.93694720075364
-17.30737764766259,16.2128712580359
-17.29729919099502,16.48823520286608
-17.28722073432745,16.76252888712952
-17.27714227765988,17.0353233269456
-17.26706382099231,17.30627493977179
-17.25698536432474,17.57512815699459
-17.24690690765717,17.8417163266867
-17.2368284509896,18.11093540482693
-17.22674999432203,18.38275433308414
-17.21667153765446,18.65221104998573
-17.20659308098688,18.92436871347799
-17.19651462431931,19.19934715913663
-17.18643616765174,19.47231468848831
-17.17635771098417,19.74346572853449
-17.1662792543166,20.01303553545432
-17.15620079764903,20.28128816508144
-17.14612234098146,20.5485033334792
-17.13604388431389,20.81509629093651
-17.12596542764632,21.08110161921096
-17.11588697097875,21.34686726475486
-17.10580851431117,21.61285939641093
-17.0957300576436,21.87875075873925
-17.08565160097604,22.14979890363486
-17.07557314430846,22.42594991872016
-17.06549468764089,22.7020389578902
-17.05541623097332,22.97776667832816
-17.04533777430575,23.2527157305555
-17.03525931763818,23.52637110321266
-17.02518086097061,23.79806124078713
-17.01510240430304,24.06695514522917
-17.00502394763546,24.3321156118734
-16.9949454909679,24.59247368563115
-16.98486703430033,24.85180770445026
-16.97478857763275,25.10889731006352
-16.96471012096518,25.35703203795864
-16.95463166429761,25.59472047764078
-16.94455320763004,25.82028341886823
-16.93447475096247,26.03197791928775
-16.9243962942949,26.22801694004877
-16.91431783762733,26.40659072019883
-16.90423938095976,26.56588960452495
-16.89416092429219,26.70415550355575
-16.88408246762462,26.81978682271157
-16.87400401095705,26.91086220364312
-16.86392555428947,26.97592876144347
-16.85384709762191,27.01355189399872
-16.84376864095433,27.02755452137136
-16.83369018428676,27.01655190387419
-16.82361172761919,26.97965766048049
-16.81353327095162,26.91605705008267
-16.80345481428405,26.82015821064122
-16.79337635761648,26.69159652629077
-16.78329790094891,26.53027474977913
-16.77321944428134,26.34134926225614
-16.76314098761377,26.125251640586
-16.7530625309462,25.87769432657374
-16.74298407427863,25.6046348426027
-16.73290561761106,25.31218160096364
-16.72282716094348,24.99705082176997
-16.71274870427591,24.65583794093159
-16.70267024760834,24.29052212786929
-16.69259179094077,23.90334506985557
-16.6825133342732,23.4969289136908
-16.67243487760563,23.07375575157338
-16.66235642093806,22.63685493184159
-16.65227796427049,22.18933093730082
-16.64219950760292,21.73444314932499
-16.63212105093535,21.27557722341463
-16.62204259426777,20.81621482889534
-16.61196413760021,20.35990210081768
-16.60188568093264,19.91519172030371
-16.59180722426506,19.48562291722267
-16.58172876759749,19.06968870947259
-16.57165031092992,18.67079073304688
-16.56157185426235,18.2923669686784
-16.55149339759478,17.93735944181331
-16.54141494092721,17.60889371281004
-16.53133648425964,17.30980294273219
-16.52125802759207,17.0427078464939
-16.5111795709245,16.80999220605263
-16.50110111425693,16.6137805997517
-16.49102265758935,16.45591855898162
-16.48094420092178,16.33795533720308
-16.47086574425422,16.2610230287359
-16.46078728758664,16.22627275268493
-16.45070883091907,16.23415697006475
-16.4406303742515,16.28492551744058
-16.43055191758393,16.37848933726341
-16.42047346091636,16.51442123621826
-16.41039500424879,16.69195973424079
-16.40031654758122,16.910015951627
-16.39023809091364,17.16718345117316
-16.38015963424607,17.46188483811123
-16.37008117757851,17.79201956975536
-16.36000272091093,18.15518954362529
-16.34992426424336,18.54898081641104
-16.33984580757579,18.97064475501544
-16.32976735090822,19.41722882673487
-16.31968889424065,19.88563010064145
-16.30961043757308,20.37256887129604
-16.29953198090551,20.87461714712645
-16.28945352423794,21.38817528914108
-16.27937506757037,21.90992205928699
-16.2692966109028,22.43626939773358
-16.25921815423523,22.96339232678862
-16.24913969756765,23.48796760545027
-16.23906124090008,24.00638725552447
-16.22898278423251,24.51510054523583
-16.21890432756494,25.01587669712787
-16.20882587089737,25.50550195716463
-16.1987474142298,25.97591020997698
-16.18866895756223,26.434141895635
-16.17859050089466,26.87741638191775
-16.16851204422709,27.29304519042666
-16.15843358755952,27.67887196766404
-16.14835513089195,28.03263014719807
-16.13827667422438,28.35245786274665
-16.12819821755681,28.63677487327134
-16.11811976088924,28.88939926132815
-16.10804130422166,29.10906459164848
-16.09796284755409,29.29013256186515
-16.08788439088652,29.43226758996412
-16.07780593421895,29.53506615852828
-16.06772747755138,29.59865612170846
-16.05764902088381,29.62866557113619
-16.04757056421624,29.6256253117577
-16.03749210754867,29.58546096103523
-16.0274136508811,29.50933517527315
-16.01733519421353,29.39866052262077
-16.00725673754595,29.25508531247404
-15.99717828087838,29.08047798482143
-15.98709982421081,28.87691022478974
-15.97702136754324,28.65174744290079
-15.96694291087567,28.4121159532737
-15.9568644542081,28.1556059532626
-15.94678599754053,27.87979189429724
-15.93670754087296,27.58733246043123
-15.92662908420539,27.28584494709669
-15.91655062753782,26.97834660217354
-15.90647217087025,26.66255389089837
-15.89639371420268,26.3412985545377
-15.88631525753511,26.01753447702724
-15.87623680086753,25.69387150472792
-15.86615834419996,25.37323884875077
-15.85607988753239,25.05831293996335
-15.84600143086482,24.7520539245139
-15.83592297419725,24.45697924540635
-15.82584451752968,24.17554188639311
-15.81576606086211,23.91032144805159
-15.80568760419454,23.66388091325696
-15.79560914752697,23.43804241337024
-15.7855306908594,23.23494957974572
-15.77545223419183,23.05647230556742
-15.76537377752426,22.90927499415661
-15.75529532085669,22.79481780589114
-15.74521686418911,22.7093463613284
-15.73513840752154,22.65386998488151
-15.72505995085397,22.62917961999383
-15.7149814941864,22.63584156885486
-15.70490303751883,22.67419258345126
-15.69482458085126,22.74447030855126
-15.68474612418369,22.84620341830139
-15.67466766751612,22.9793681735354
-15.66458921084855,23.14323293097924
-15.65451075418098,23.3369692181559
-15.64443229751341,23.56449734393739
-15.63435384084583,23.82450626117076
-15.62427538417826,24.1104627423491
-15.6141969275107,24.42060986840882
-15.60411847084312,24.75300585163908
-15.59404001417555,25.1055392085729
-15.58396155750798,25.47594564447051
-15.57388310084041,25.8618265411842
-15.56380464417284,26.26066891215405
-15.55372618750527,26.66986666012287
-15.5436477308377,27.08687686119639
-15.53356927417013,27.50874153488157
-15.52349081750256,27.93282071745444
-15.51341236083499,28.35636906187675
-15.50333390416741,28.77666671469211
-15.49325544749984,29.19117750405042
-15.48317699083227,29.5970712325427
-15.4730985341647,29.99195582631456
-15.46302007749713,30.37842607846553
-15.45294162082956,30.7591782067868
-15.44286316416199,31.12704223233822
-15.43278470749442,31.47498727348062
-15.42270625082685,31.80115054128463
-15.41262779415928,32.10387691585569
-15.40254933749171,32.38683888417103
-15.39247088082413,32.64855672532875
-15.38239242415656,32.8831138338909
-15.37231396748899,33.08969959180479
-15.36223551082142,33.26774183938669
-15.35215705415385,33.42187900752511
-15.34207859748628,33.55196777639033
-15.33200014081871,33.65804989198129
-15.32192168415114,33.74531679412449
-15.31184322748357,33.80913619031872
-15.301764770816,33.84491941366116
-15.29168631414843,33.85356690522017
-15.28160785748086,33.83576819537599
-15.27152940081329,33.79227288079507
-15.26145094414571,33.7246334830669
-15.25137248747814,33.63376779143961
-15.24129403081057,33.52094215057505
-15.231215574143,33.38748392289941
-15.22113711747543,33.23476211004353
-15.21105866080786,33.06416862635636
-15.20098020414029,32.88196866318368
-15.19090174747272,32.68974493194712
-15.18082329080515,32.48367394111047
-15.17074483413758,32.26997656937765
-15.16066637747001,32.04981199779846
-15.15058792080243,31.81926943975542
-15.14050946413486,31.57924281957957
-15.13043100746729,31.33090002818872
-15.12035255079972,31.07497174176255
-15.11027409413215,30.81225266535957
-15.10019563746458,30.54346901043997
-15.09011718079701,30.26928136359205
-15.08003872412944,29.99028883726471
-15.06996026746187,29.70716820121812
-15.0598818107943,29.42504657548783
-15.04980335412673,29.14457159432422
-15.03972489745916,28.8612097806561
-15.02964644079159,28.57514038771254
-15.01956798412401,28.28665637000394
-15.00948952745644,27.99593157460738
-14.99941107078887,27.70347536572731
-14.9893326141213,27.41440409540217
-14.97925415745373,27.12896069535688
-14.96917570078616,26.84735970220364
-14.95909724411859,26.5697908610346
-14.94901878745102,26.29144731510015
-14.93894033078345,26.01251440654712
-14.92886187411588,25.73319556795216
-14.91878341744831,25.4537114006813
-14.90870496078074,25.17429744627636
-14.89862650411317,24.89520075078499
-14.88854804744559,24.62164991261922
-14.87846959077802,24.35386270563809
-14.86839113411045,24.0870404131341
-14.85831267744288,23.82134907119439
-14.84823422077531,23.55683245706546
-14.83815576410774,23.29385369255582
-14.82807730744017,23.03238008943055
-14.8179988507726,22.77247896392712
-14.80792039410503,22.51417856670165
-14.79784193743746,22.25746364289173
-14.78776348076989,22.00240579626456
-14.77768502410231,21.75363404362786
-14.76760656743474,21.51105567226509
-14.75752811076717,21.26940892927655
-14.7474496540996,21.0283586271189
-14.73737119743203,20.78752514028844
-14.72729274076446,20.54638283851297
-14.71721428409689,20.30471392524321
-14.70713582742932,20.06190655650953
-14.69705737076175,19.8174646293477
-14.68697891409418,19.5708830281026
-14.67690045742661,19.32165747416516
-14.66682200075904,19.0692948663964
-14.65674354409147,18.81332389915465
-14.64666508742389,18.55330573391022
-14.63658663075632,18.28884449482296
-14.62650817408875,18.02457191599012
-14.61642971742118,17.76016984515176
-14.60635126075361,17.4903793384679
-14.59627280408604,17.214996139812
-14.58619434741847,16.93390340175216
-14.5761158907509,16.65205210727421
-14.56603743408333,16.36947842404035
-14.55595897741576,16.08130683212536
-14.54588052074819,15.78763252399141
-14.53580206408061,15.48888824153073
-14.52572360741304,15.18558116057211
-14.51564515074547,14.87808177051177
-14.5055666940779,14.56698626441919
-14.49548823741033,14.25297580032822
-14.48540978074276,13.94167630948379
-14.47533132407519,13.63410961372682
-14.46525286740762,13.32597395738394
-14.45517441074005,13.01812166925829
-14.44509595407248,12.71143915788811
-14.43501749740491,12.40672843628202
-14.42493904073733,12.10514251976666
-14.41486058406977,11.80735747709897
-14.40478212740219,11.51440304281614
-14.39470367073462,11.2272555059362
-14.38462521406705,10.94661888595468
-14.37454675739948,10.67328212424107
-14.36446830073191,10.40797572228383
-14.35438984406434,10.15136337761492
-14.34431138739677,9.904034818703918
-14.3342329307292,9.666499926449127
-14.32415447406163,9.439184199581671
-14.31407601739406,9.222425590772771
-14.30399756072649,9.016472710270671
-14.29391910405892,8.821484365236275
-14.28384064739134,8.63742395602506
-14.27376219072377,8.464509233025725
-14.2636837340562,8.302506278784394
-14.25360527738863,8.151128687846846
-14.24352682072106,8.01035633714338
-14.23344836405349,7.879731894439677
-14.22336990738592,7.758868514825049
-14.21329145071835,7.647322517221433
-14.20321299405078,7.544600217842483
-14.19313453738321,7.450164866485778
-14.18305608071564,7.363443557130335
-14.17297762404807,7.283833997124496
-14.16289916738049,7.210844950044118
-14.15282071071292,7.148575504023307
-14.14274225404535,7.096336668930477
-14.13266379737778,7.048657277303937
-14.12258534071021,7.004674152777094
-14.11250688404264,6.963664498005058
-14.10242842737507,6.924916924085778
-14.0923499707075,6.88773589257597
-14.08227151403993,6.85144567475829
-14.07219305737236,6.815287439745154
-14.06211460070479,6.778870098504064
-14.05203614403722,6.74135749910949
-14.04195768736965,6.702420123983998
-14.03187923070207,6.661394250404764
-14.0218007740345,6.617785461380371
-14.01172231736693,6.571136579910967
-14.00164386069936,6.521029391397293
-13.99156540403179,6.467086273660786
-13.98148694736422,6.408971760720632
-13.97140849069665,6.346287636356895
-13.96133003402908,6.279022149585047
-13.95125157736151,6.206842315851112
-13.94117312069394,6.129596803110523
-13.93109466402637,6.047183320223929
-13.92101620735879,5.959549799115757
-13.91093775069122,5.866695417890996
-13.90085929402365,5.768671422823967
-13.89078083735608,5.665581704030359
-13.88070238068851,5.557583078441429
-13.87062392402094,5.449859791909499
-13.86054546735337,5.342529706364484
-13.8504670106858,5.231091667841331
-13.84038855401823,5.115702982174834
-13.83031009735066,4.99670552091531
-13.82023164068308,4.874490435412388
-13.81015318401551,4.749496220729455
-13.80007472734795,4.62220620158707
-13.78999627068037,4.493145439354793
-13.7799178140128,4.36287707041375
-13.76983935734523,4.231998097319945
-13.75976090067766,4.101134664812447
-13.74968244401009,3.970936862567048
-13.73960398734252,3.84207310547191
-13.72952553067495,3.71522414992138
-13.71944707400738,3.591076811060771
-13.70936861733981,3.47021103072857
-13.69929016067224,3.353540955932641
-13.68921170400467,3.241599072017828
-13.6791332473371,3.13503098095274
-13.66905479066952,3.03445484233073
-13.65897633400195,2.94034845507869
-13.64889787733438,2.853490724264711
-13.63881942066681,2.77424655187874
-13.62874096399924,2.703062731891277
-13.61866250733167,2.640328852917643
-13.6085840506641,2.586372589039143
-13.59850559399653,2.541455516571694
-13.58842713732896,2.505769504921176
-13.57834868066139,2.479433724240015
-13.56827022399382,2.462385886823046
-13.55819176732624,2.454828339993511
-13.54811331065867,2.456518004559955
-13.5380348539911,2.46726769240543
-13.52795639732353,2.486812758216699
-13.51787794065596,2.514812416205239
-13.50779948398839,2.550851808567573
-13.49772102732082,2.594444821340468
-13.48764257065325,2.645037636246832
-13.47756411398568,2.702012999732201
-13.46748565731811,2.764695182666101
-13.45740720065054,2.832355596160309
-13.44732874398297,2.904219020699209
-13.43725028731539,2.97947039737866
-13.42717183064782,3.057262121631414
-13.41709337398025,3.136721771529786
-13.40701491731268,3.216960194775127
-13.39693646064511,3.297079871003361
-13.38685800397754,3.37618345926435
-13.37677954730997,3.453382434684279
-13.3667010906424,3.527805713606477
-13.35662263397483,3.598608163128943
-13.34654417730726,3.664978889098701
-13.33646572063969,3.726149196440017
-13.32638726397212,3.781400117306132
-13.31630880730454,3.830069406032655
-13.30623035063697,3.871557905268589
-13.2961518939694,3.905335194951427
-13.28607343730183,3.930944444907245
-13.27599498063426,3.948006402673844
-13.26591652396669,3.956222460493072
-13.25583806729912,3.9553767590779
-13.24575961063155,3.95031185795066
-13.23568115396398,3.940835469111062
-13.22560269729641,3.922167792255828
-13.21552424062884,3.894218430842039
-13.20544578396126,3.857111472547115
-13.1953673272937,3.811048779903999
-13.18528887062612,3.75630630572121
-13.17521041395855,3.693229581823213
-13.16513195729098,3.622228458154945
-13.15505350062341,3.543771180632244
-13.14497504395584,3.458377905686801
-13.13489658728827,3.366613757048247
-13.1248181306207,3.269215451424292
-13.11473967395313,3.166582285340564
-13.10466121728556,3.059477658452109
-13.09458276061799,2.948573734860759
-13.08450430395042,2.834550385921642
-13.07442584728285,2.718087934679029
-13.06434739061527,2.599860221270438
-13.0542689339477,2.480528079528152
-13.04419047728013,2.360733304763327
-13.03411202061256,2.241093181348198
-13.02403356394499,2.12219562650573
-13.01395510727742,2.004594993970735
-13.00387665060985,1.888808568198654
-12.99379819394228,1.775313766855694
-12.98371973727471,1.664546056698434
-12.97364128060714,1.556897575890485
-12.96356282393957,1.452716444528259
-12.953484367272,1.352200314579666
-12.94340591060442,1.255844707656115
-12.93332745393685,1.163735063087644
-12.92324899726928,1.076049957387681
-12.91317054060171,0.9929293782684568
-12.90309208393414,0.9144773143806759
-12.89301362726657,0.840764681571566
-12.882935170599,0.771832520626142
-12.87285671393143,0.7076954011428862
-12.86277825726386,0.6483449669363526
-12.85269980059629,0.5937535600328211
-12.84262134392872,0.5438778627989584
-12.83254288726115,0.4986625008811074
-12.82246443059357,0.4580435532988484
-12.812385973926,0.4219519201006586
-12.80230751725843,0.3903165023311754
-12.79222906059086,0.3630671535708575
-12.78215060392329,0.3401373668972658
-12.77207214725572,0.3214666657075833
-12.76199369058815,0.3070026713774194
-12.75191523392058,0.296702825172858
-12.74183677725301,0.2905357461604785
-12.73175832058544,0.2884822110693951
-12.72167986391787,0.2905357461604785
-12.7116014072503,0.296702825172858
-12.70152295058272,0.3070026713774194
-12.69144449391515,0.3214666657075833
-12.68136603724758,0.3401373668972658
-12.67128758058001,0.3630671535708575
-12.66120912391244,0.3903165023311754
-12.65113066724487,0.4219519201006586
-12.6410522105773,0.4580435532988484
-12.63097375390973,0.4986625008811074
-12.62089529724216,0.5438778627989584
-12.61081684057459,0.5937535600328211
-12.60073838390702,0.6483449669363526
-12.59065992723944,0.7076954011428862
-12.58058147057187,0.771832520626142
-12.5705030139043,0.840764681571566
-12.56042455723673,0.9144773143806759
-12.55034610056916,0.9929293782684568
-12.54026764390159,1.076049957387681
-12.53018918723402,1.163735063087644
-12.52011073056645,1.255844707656115
-12.51003227389888,1.352200314579666
-12.49995381723131,1.452716444528259
-12.48987536056374,1.556897575890485
-12.47979690389617,1.664546056698434
-12.4697184472286,1.775313766855694
-12.45963999056102,1.888808568198654
-12.44956153389345,2.004594993970735
-12.43948307722588,2.12219562650573
-12.42940462055831,2.241093181348198
-12.41932616389074,2.360733304763327
-12.40924770722317,2.480528079528152
-12.3991692505556,2.599860221270438
-12.38909079388803,2.718087934679029
-12.37901233722046,2.834550385921642
-12.36893388055289,2.948573734860759
-12.35885542388532,3.059477658452109
-12.34877696721774,3.166582285340564
-12.33869851055017,3.269215451424292
-12.3286200538826,3.366613757048247
-12.31854159721503,3.458377905686801
-12.30846314054746,3.543771180632244
-12.29838468387989,3.622228458154945
-12.28830622721232,3.693229581823213
-12.27822777054475,3.75630630572121
-12.26814931387718,3.811048779903999
-12.25807085720961,3.857111472547115
-12.24799240054204,3.894218430842039
-12.23791394387447,3.922167792255828
-12.2278354872069,3.940835469111062
-12.21775703053933,3.950177942303734
-12.20767857387175,3.955208671555551
-12.19760011720418,3.956012016376834
-12.18752166053661,3.947743596683331
-12.17744320386904,3.930617080926261
-12.16736474720147,3.904928448580638
-12.1572862905339,3.871053808817276
-12.14720783386633,3.829446244331824
-12.13712937719876,3.780631721425142
-12.12705092053119,3.72520412103165
-12.11697246386362,3.663819457699935
-12.10689400719605,3.597189364328892
-12.09681555052848,3.526073929586389
-12.0867370938609,3.451273982271113
-12.07665863719333,3.373622922359556
-12.06658018052576,3.293978202099393
-12.05650172385819,3.213212562308622
-12.04642326719062,3.132205129103801
-12.03634481052305,3.051832474738807
-12.02626635385548,2.972959743249997
-12.01618789718791,2.89643193736331
-12.00610944052034,2.823065457830128
-11.99603098385277,2.753639980237447
-11.9859525271852,2.688890747599753
-11.97587407051762,2.62950134989273
-11.96579561385005,2.576097054324134
-11.95571715718248,2.529238742724055
-11.94563870051491,2.48941750511652
-11.93556024384734,2.45704993141619
-11.92548178717977,2.432474136353103
-11.9154033305122,2.415946546205463
-11.90532487384463,2.40763946972249
-11.89524641717706,2.40763946972249
-11.88516796050949,2.415946546205463
-11.87508950384192,2.432474136353103
-11.86501104717435,2.45704993141619
-11.85493259050678,2.48941750511652
-11.8448541338392,2.529238742724055
-11.83477567717163,2.576097054324134
-11.82469722050406,2.62950134989273
-11.81461876383649,2.688890747599753
-11.80454030716892,2.753639980237447
-11.79446185050135,2.823065457830128
-11.78438339383378,2.89643193736331
-11.77430493716621,2.972959743249997
-11.76422648049864,3.051832474738807
-11.75414802383107,3.132339044750729
-11.7440695671635,3.213380649830972
-11.73399111049592,3.29418864621563
-11.72391265382835,3.373885728350069
-11.71383419716078,3.451601346252096
-11.70375574049321,3.526480675957178
-11.69367728382564,3.597693460780205
-11.68359882715807,3.664442619400766
-11.6735203704905,3.725972516912639
-11.66344191382293,3.781576796833509
-11.65336345715536,3.830605675730589
-11.64328500048779,3.872472607617327
-11.63320654382022,3.906660232600727
-11.62312808715265,3.932725533339426
-11.61304963048508,3.950304133588126
-11.6029711738175,3.959113685280802
-11.59289271714993,3.958956304022057
-11.58281426048236,3.954694584729718
-11.57273580381479,3.946265116003668
-11.56265734714722,3.92867844638449
-11.55257889047965,3.902005514177939
-11.54250043381208,3.866401610877296
-11.53242197714451,3.822103982332652
-11.52234352047694,3.769428557853657
-11.51226506380937,3.708765868177315
-11.5021866071418,3.64057622517128
-11.49210815047423,3.565384246475762
-11.48202969380665,3.48377281677552
-11.47195123713908,3.396376583848757
-11.46187278047151,3.303875091829693
-11.45179432380394,3.206985656172706
-11.44171586713637,3.106456084606893
-11.4316374104688,3.003057345970803
-11.42155895380123,2.897576284328285
-11.41148049713366,2.790808469353963
-11.40140204046609,2.683551265858392
-11.39132358379852,2.57659719575943
-11.38124512713095,2.470861570741869
-11.37116667046338,2.366875124658534
-11.3610882137958,2.2654877447579
-11.35100975712823,2.167415816125323
-11.34093130046066,2.073344227119802
-11.33085284379309,1.983922454258627
-11.32077438712552,1.899761140913268
-11.31069593045795,1.82142915453889
-11.30061747379038,1.749451099125974
-11.29053901712281,1.684198832792668
-11.28046056045524,1.626337541991911
-11.27038210378767,1.576115302703389
-11.2603036471201,1.53386360290065
-11.25022519045253,1.49986272834989
-11.24014673378496,1.474341297800919
-11.23006827711738,1.457475999435922
-11.21998982044981,1.449391500865097
-11.20991136378224,1.450160510824576
-11.19983290711467,1.459803977424561
-11.1897544504471,1.478291415024787
-11.17967599377953,1.505541359272623
-11.16959753711196,1.541421957210742
-11.15951908044439,1.585751706331992
-11.14944062377682,1.638300362725593
-11.13936216710925,1.698790043738404
-11.12928371044168,1.76703047026132
-11.1192052537741,1.842419058681576
-11.10912679710653,1.924651955550674
-11.09904834043896,2.013278534688347
-11.08896988377139,2.107810419191146
-11.07889142710382,2.207724468489301
-11.06881297043625,2.312466170912682
-11.05873451376868,2.42145345423674
-11.04865605710111,2.534080917482568
-11.03857760043354,2.649724476805154
-11.02849914376597,2.767746406897659
-11.0184206870984,2.887500747286073
-11.00834223043083,3.00833903054089
-10.99826377376326,3.129616277167155
-10.98818531709568,3.250697190141591
-10.97810686042811,3.370962471136831
-10.96802840376054,3.489815170789947
-10.95794994709297,3.606686977294067
-10.9478714904254,3.721044341443836
-10.93779303375783,3.832394332327304
-10.92771457709026,3.940290116354512
-10.91763612042269,4.044335953407934
-10.90755766375512,4.144191607683295
-10.89747920708755,4.23957607727701
-10.88740075041997,4.330270555706075
-10.87732229375241,4.416120550176387
-10.86724383708483,4.497037095328592
-10.85716538041726,4.572997017096504
-10.84708692374969,4.64404221885627
-10.83700846708212,4.715252538294098
-10.82693001041455,4.786756114719921
-10.81685155374698,4.853726245540148
-10.80677309707941,4.916364773277702
-10.79669464041184,4.974923106652508
-10.78661618374427,5.029697016576309
-10.7765377270767,5.081020736494097
-10.76645927040913,5.129260468987191
-10.75638081374156,5.174807413327467
-10.74630235707398,5.218070438864934
-10.73622390040641,5.259468536457606
-10.72614544373884,5.299423184409195
-10.71606698707127,5.33835076644968
-10.7059885304037,5.376655177149964
-10.69591007373613,5.414720744871281
-10.68583161706856,5.45290559406997
-10.67575316040099,5.491535557752076
-10.66567470373342,5.53079231715776
-10.65559624706585,5.571156436670357
-10.64551779039828,5.612694326871497
-10.63543933373071,5.655556695750699
-10.62536087706313,5.699842456694527
-10.61528242039556,5.74559742503083
-10.60520396372799,5.792813878806977
-10.59512550706042,5.841430957634994
-10.58504705039285,5.891335857346319
-10.57496859372528,5.942365763910714
-10.56489013705771,5.994310457919771
-10.55481168039014,6.046915511172149
-10.54473322372257,6.099885989698495
-10.534654767055,6.152890573015046
-10.52457631038743,6.205565997494041
-10.51449785371986,6.257521732398476
-10.50441939705228,6.308344800178807
-10.49434094038471,6.3576046578285
-10.48426248371714,6.404858063138863
-10.47418402704957,6.449653858227278
-10.464105570382,6.496512169827358
-10.45402711371443,6.544941907915073
-10.44394865704686,6.589445474012064
-10.43387020037929,6.629510644063151
-10.42379174371172,6.66464064402314
-10.41371328704415,6.69435846513486
-10.40363483037658,6.718210846542553
-10.39355637370901,6.735905833878767
-10.38347791704144,6.746814591445196
-10.37339946037386,6.750683532928441
-10.36332100370629,6.747189266884099
-10.35324254703872,6.736047400962804
-10.34316409037115,6.717014631952762
-10.33308563370358,6.689890554951948
-10.32300717703601,6.654519203460802
-10.31292872036844,6.610790330038005
-10.30285026370087,6.558640434360587
-10.2927718070333,6.498053542332097
-10.28269335036573,6.429061736552233
-10.27261489369815,6.351745435256317
-10.26253643703058,6.266233413995153
-10.25245798036301,6.172702562070056
-10.24237952369544,6.07137736424295
-10.23230106702787,5.962529097643236
-10.2222226103603,5.846474734179118
-10.21214415369273,5.728550097648355
-10.20206569702516,5.609121198917126
-10.19198724035759,5.483582695055894
-10.18190878369002,5.352343465587047
-10.17183032702245,5.21585034712945
-10.16175187035488,5.074586092799954
-10.15167341368731,4.929067001034294
-10.14159495701974,4.779840222891329
-10.13151650035216,4.627480763936738
-10.12143804368459,4.472588203672986
-10.11135958701702,4.31578316192643
-10.10128113034945,4.157703547372614
-10.09120267368188,3.999000628258408
-10.08112421701431,3.840334969182071
-10.07104576034674,3.68237228038053
-10.06096730367917,3.52577922725632
-10.0508888470116,3.371219247815163
-10.04081039034403,3.219348424291864
-10.03073193367645,3.070811452580874
-10.02065347700889,2.926237749270543
-10.01057502034131,2.786237731261922
-10.00049656367374,2.651533212972997
-9.990418107006173,2.522452622261755
-9.980339650338601,2.399637111692484
-9.97026119367103,2.283590062574641
-9.960182737003459,2.174781018055953
-9.950104280335889,2.073643457550667
-9.940025823668318,1.980572825817414
-9.929947367000748,1.895924805205809
-9.919868910333177,1.81990739579642
-9.909790453665606,1.753161287802425
-9.899711996998036,1.695682069401527
-9.889633540330463,1.647528502876493
-9.879555083662893,1.608949340109774
-9.869476626995322,1.58004150570054
-9.859398170327752,1.56085616917673
-9.849319713660181,1.551532451969404
-9.83924125699261,1.55179586850718
-9.82916280032504,1.561667568257619
-9.819084343657469,1.581016878898371
-9.809005886989898,1.609668201983342
-9.798927430322326,1.647535615694296
-9.788848973654755,1.694122312964295
-9.778770516987185,1.749364884737878
-9.768692060319614,1.812685650819887
-9.758613603652044,1.883810169651752
-9.748535146984473,1.962321867804482
-9.738456690316902,2.047771279981292
-9.72837823364933,2.139679348567896
-9.718299776981759,2.237675148440828
-9.708221320314189,2.340998737576978
-9.698142863646618,2.449349122645951
-9.688064406979048,2.561940507828508
-9.677985950311477,2.678323910255363
-9.667907493643906,2.797946021493822
-9.657829036976334,2.920262731848225
-9.647750580308763,3.044880596645362
-9.637672123641194,3.171063277146176
-9.627593666973622,3.29844893531834
-9.617515210306053,3.426610974447597
-9.607436753638481,3.555306964722734
-9.597358296970912,3.683985724802045
-9.587279840303339,3.812638823647102
-9.577201383635767,3.940859527633879
-9.567122926968198,4.06866613884506
-9.557044470300626,4.196195391715805
-9.546966013633057,4.323207467987904
-9.536887556965485,4.450248542094996
-9.526809100297914,4.577498589963422
-9.516730643630344,4.705382872594801
-9.506652186962771,4.834440326276766
-9.496573730295202,4.965324493596353
-9.48649527362763,5.098802988049774
-9.476416816960061,5.240863892753193
-9.46633836029249,5.392223648887247
-9.456259903624918,5.549031413462488
-9.446181446957349,5.712402360577306
-9.436102990289777,5.883542013861779
-9.426024533622206,6.063871040560787
-9.415946076954635,6.254513104434858
-9.405867620287065,6.456991919903846
-9.395789163619494,6.672770102545416
-9.385710706951922,6.903340980382811
-9.375632250284353,7.150212934728103
-9.365553793616781,7.414892865899447
-9.35547533694921,7.698868976431603
-9.345396880281639,8.003593079016703
-9.335318423614067,8.330462647782085
-9.325239966946498,8.680802839396042
-9.315161510278926,9.055848714720673
-9.305083053611357,9.456995723498999
-9.295004596943786,9.884673615686857
-9.284926140276216,10.3401967065017
-9.274847683608643,10.82414464851977
-9.264769226941072,11.33706348601635
-9.254690770273502,11.87931994102395
-9.244612313605931,12.45109125538928
-9.234533856938361,13.05235681237597
-9.22445540027079,13.68289165234805
-9.21437694360322,14.34226197074546
-9.204298486935649,15.0298226590405
-9.194220030268076,15.74471692113126
-9.184141573600506,16.48587796917674
-9.174063116932935,17.25203277470592
-9.163984660265365,18.04170782341998
-9.153906203597794,18.85323679591895
-9.143827746930224,19.68490398770184
-9.133749290262653,20.53445402166275
-9.123670833595082,21.39981376829079
-9.11359237692751,22.27865879888167
-9.103513920259939,23.1685352280015
-9.093435463592369,24.06701008789092
-9.083357006924798,24.97616169576116
-9.073278550257227,25.8933198037997
-9.063200093589657,26.81063676689837
-9.053121636922086,27.72520055327539
-9.043043180254514,28.63407985325151
-9.032964723586943,29.53434357516829
-9.022886266919373,30.42307997995755
-9.012807810251802,31.29741527689435
-9.002729353584231,32.15453151872885
-8.992650896916661,32.9966582092278
-8.98257244024909,33.8260759839882
-8.972493983581519,34.63514513567345
-8.962415526913947,35.41630783673656
-8.952337070246378,36.16711501856807
-8.942258613578806,36.88526494795239
-8.932180156911235,37.57358950959244
-8.922101700243665,38.23021143897115
-8.912023243576094,38.84805210672609
-8.901944786908524,39.42553589751816
-8.891866330240951,39.96117471229327
-8.881787873573382,40.45865425891156
-8.87170941690581,40.9168509343808
-8.861630960238239,41.33480925369009
-8.851552503570669,41.71174378451408
-8.841474046903098,42.04206561767442
-8.831395590235529,42.32536947278379
-8.821317133567957,42.56145795983981
-8.811238676900384,42.75033910018492
-8.801160220232815,42.89719714512245
-8.791081763565243,43.00253458074625
-8.781003306897674,43.06663955177274
-8.770924850230102,43.09042265490394
-8.760846393562533,43.06962022537162
-8.750767936894961,43.00508799818808
-8.74068948022739,42.89807963860786
-8.730611023559819,42.75487075707179
-8.720532566892247,42.57686828274893
-8.710454110224678,42.36060004374672
-8.700375653557106,42.10769104057839
-8.690297196889537,41.82485208943035
-8.680218740221965,41.51401482827639
-8.670140283554394,41.17679279955104
-8.660061826886823,40.81517868704318
-8.649983370219251,40.42611028347537
-8.639904913551682,40.01652693878467
-8.629826456884111,39.58866424681927
-8.619748000216541,39.13903986197974
-8.60966954354897,38.66984810172487
-8.599591086881398,38.18307945076084
-8.589512630213829,37.68072319565601
-8.579434173546256,37.1647575560529
-8.569355716878686,36.63714024885444
-8.559277260211115,36.10466771649726
-8.549198803543543,35.56956154032159
-8.539120346875974,35.0282507176604
-8.529041890208402,34.48256344380608
-8.518963433540833,33.93429984402416
-8.508884976873262,33.38980735616532
-8.49880652020569,32.85069972221259
-8.488728063538119,32.31340746010584
-8.478649606870547,31.77927084140881
-8.468571150202978,31.24956581125061
-8.458492693535407,30.72550529840256
-8.448414236867837,30.20824130104009
-8.438335780200266,29.69886767798868
-8.428257323532694,29.19842356283355
-8.418178866865123,28.7078973068914
-8.408100410197552,28.22823084690559
-8.398021953529982,27.76032438462524
-8.387943496862411,27.31512428894233
-8.377865040194841,26.89315263179635
-8.36778658352727,26.48522218599546
-8.357708126859698,26.09210314092776
-8.347629670192127,25.71418518700694
-8.337551213524556,25.35219242606006
-8.327472756856986,25.00674074911068
-8.317394300189415,24.67844857275271
-8.307315843521845,24.36794021983476
-8.297237386854274,24.07584825169419
-8.287158930186703,23.80281465643654
-8.277080473519131,23.54949081744034
-8.26700201685156,23.31653620783487
-8.25692356018399,23.1046157798294
-8.246845103516419,22.91439604211066
-8.236766646848849,22.74653984368097
-8.226688190181278,22.6066744655466
-8.216609733513707,22.49539701894704
-8.206531276846137,22.40826619301006
-8.196452820178564,22.34578046187455
-8.186374363510994,22.30839392725092
-8.176295906843423,22.3016144860252
-8.166217450175854,22.32539811750591
-8.156138993508282,22.37529506700639
-8.146060536840711,22.4512695691889
-8.135982080173141,22.55345681513841
-8.12590362350557,22.68151746618586
-8.115825166837999,22.83533716443391
-8.105746710170427,23.01456981799488
-8.095668253502858,23.21873589717608
-8.085589796835286,23.44721535327912
-8.075511340167715,23.69926926299229
-8.065432883500145,23.97387521527173
-8.055354426832574,24.2701722100781
-8.045275970165003,24.5869380872811
-8.035197513497431,24.92256275983709
-8.02511905682986,25.27562607157555
-8.01504060016229,25.64448214399892
-8.004962143494719,26.03229317451837
-7.99488368682715,26.4371849653221
-7.984805230159577,26.85181018985197
-7.974726773492008,27.27403034871785
-7.964648316824436,27.70140214941759
-7.954569860156865,28.13174835385651
-7.944491403489295,28.56236032094048
-7.934412946821723,28.99096656234044
-7.924334490154154,29.41490999727785
-7.914256033486582,29.83167050180571
-7.904177576819012,30.23875252416718
-7.894099120151441,30.63370682611059
-7.884020663483869,31.01404574714578
-7.873942206816299,31.38282078337826
-7.863863750148727,31.73733937226733
-7.853785293481158,32.07581829310647
-7.843706836813586,32.40108731425943
-7.833628380146016,32.70625464069654
-7.823549923478445,32.98457838807977
-7.813471466810873,33.23438967425375
-7.803393010143304,33.45458091326583
-7.793314553475732,33.6439096144756
-7.783236096808162,33.80164441050449
-7.773157640140591,33.92683139727184
-7.763079183473019,34.02443123066826
-7.753000726805449,34.09407198122727
-7.742922270137877,34.13110581302639
-7.732843813470308,34.13575181959668
-7.722765356802737,34.10851293675564
-7.712686900135166,34.06043279118261
-7.702608443467595,33.99240416527904
-7.692529986800023,33.89579460224392
-7.682451530132453,33.77177388848014
-7.672373073464882,33.62219493547963
-7.662294616797312,33.44862959077052
-7.652216160129741,33.25316750883506
-7.64213770346217,33.037843729743
-7.632059246794599,32.81014773946679
-7.621980790127028,32.5723065100557
-7.611902333459458,32.32176459556761
-7.601823876791887,32.06598997258089
-7.591745420124316,31.80738369463078
-7.581666963456745,31.54383915562248
-7.571588506789174,31.27749623433985
-7.561510050121603,31.01095512183047
-7.551431593454032,30.74667250906356
-7.541353136786462,30.48704611279747
-7.531274680118891,30.23439322070099
-7.52119622345132,29.99106377545858
-7.511117766783749,29.7589188602107
-7.501039310116178,29.54015474524623
-7.490960853448608,29.33633584459584
-7.480882396781036,29.14919385625776
-7.470803940113466,28.98492688239615
-7.460725483445895,28.84520125644857
-7.450647026778324,28.72572254111307
-7.440568570110753,28.63219184824941
-7.430490113443182,28.56507046800916
-7.420411656775612,28.51957658106991
-7.410333200108041,28.49567174870511
-7.40025474344047,28.493088285899
-7.390176286772899,28.51133361800399
-7.380097830105329,28.54983098256292
-7.370019373437757,28.60742712925085
-7.359940916770186,28.68311302252574
-7.349862460102616,28.7755899470873
-7.339784003435045,28.88339192859551
-7.329705546767475,29.00490373071998
-7.319627090099903,29.13851457843851
-7.309548633432332,29.2820316470112
-7.299470176764762,29.4338597138393
-7.28939172009719,29.59186815162531
-7.27931326342962,29.7540235067981
-7.269234806762049,29.91828069551023
-7.259156350094479,30.08747635871223
-7.249077893426907,30.25981462684684
-7.238999436759336,30.4281828561072
-7.228920980091766,30.59079840297959
-7.218842523424195,30.75059630152253
-7.208764066756625,30.90597287719372
-7.198685610089053,31.0503579330097
-7.188607153421484,31.18246014895039
-7.178528696753911,31.30080655742581
-7.16845024008634,31.40459832143968
-7.158371783418771,31.49774578674788
-7.148293326751199,31.57970368625904
-7.138214870083629,31.64502725735121
-7.128136413416057,31.69844124116688
-7.118057956748488,31.73987616695818
-7.107979500080917,31.76446342692127
-7.097901043413344,31.77762317123929
-7.087822586745775,31.7794844219093
-7.077744130078203,31.77100383950223
-7.067665673410633,31.75279422010314
-7.057587216743062,31.72074155193394
-7.04750876007549,31.6758403689542
-7.037430303407921,31.61919997170646
-7.027351846740349,31.55202402723913
-7.017273390072779,31.47558936290092
-7.007194933405207,31.39122433426858
-6.997116476737638,31.30028714779929
-6.987038020070067,31.20414451154613
-6.976959563402494,31.10415097269743
-6.966881106734925,31.00162927921236
-6.956802650067353,30.9027202122155
-6.946724193399783,30.80896059615562
-6.936645736732212,30.71595189869732
-6.926567280064642,30.62488734664506
-6.916488823397071,30.53672472556155
-6.906410366729499,30.45207785797822
-6.896331910061929,30.37157919680255
-6.886253453394358,30.29574321282861
-6.876174996726788,30.22496593408371
-6.866096540059216,30.16450118723418
-6.856018083391646,30.11447733883813
-6.845939626724075,30.06993081280573
-6.835861170056504,30.03074744076558
-6.825782713388933,29.99669748285567
-6.815704256721362,29.96750012777705
-6.805625800053792,29.94280761085989
-6.795547343386221,29.92200456144381
-6.785468886718649,29.90511597007243
-6.775390430051079,29.89637598648497
-6.765311973383509,29.89525623100868
-6.755233516715937,29.90118474806127
-6.745155060048366,29.9135579288917
-6.735076603380795,29.92677734170096
-6.724998146713225,29.94024732908847
-6.714919690045654,29.95330325933164
-6.704841233378083,29.96566693622903
-6.694762776710513,29.97674346360375
-6.684684320042941,29.98615449793142
-6.67460586337537,29.99355305874382
-6.6645274067078,30.00359881003306
-6.654448950040229,30.0161577875484
-6.644370493372659,30.02577125437627
-6.634292036705087,30.03234859168379
-6.624213580037516,30.03574040328027
-6.614135123369945,30.03583910176595
-6.604056666702375,30.0375465807468
-6.593978210034804,30.04077953436631
-6.583899753367233,30.04543615816845
-6.573821296699663,30.0513883914503
-6.563742840032091,30.05363384534846
-6.55366438336452,30.05166796637198
-6.54358592669695,30.045793700285
-6.533507470029379,30.03545706131106
-6.523429013361808,30.0204524229337
-6.513350556694237,30.00078413030081
-6.503272100026667,29.97606032910138
-6.493193643359096,29.94612606647779
-6.483115186691524,29.91042680406876
-6.473036730023954,29.86871779742589
-6.462958273356383,29.82559251190402
-6.452879816688813,29.78073896103675
-6.442801360021241,29.72844298416819
-6.432722903353671,29.66829087926968
-6.4226444466861,29.5997548260621
-6.412565990018529,29.52230807016869
-6.402487533350958,29.44054303992753
-6.392409076683387,29.35369324292517
-6.382330620015817,29.25635375165528
-6.372252163348246,29.14803254399751
-6.362173706680674,29.02856237455295
-6.352095250013104,28.89710977468631
-6.342016793345533,28.75349850239827
-6.331938336677963,28.5977727682051
-6.321859880010392,28.42984496310939
-6.311781423342821,28.25447926029292
-6.301702966675251,28.07178125662661
-6.291624510007679,27.87733875466801
-6.281546053340108,27.67111030840791
-6.271467596672538,27.45864001166208
-6.261389140004967,27.24062520791161
-6.251310683337396,27.01749705147335
-6.241232226669825,26.79002296197452
-6.231153770002254,26.55446438126664
-6.221075313334683,26.31145660607627
-6.210996856667112,26.06213380471453
-6.200918399999542,25.80812271528677
-6.190839943331971,25.55056448828029
-6.180761486664401,25.29581660429644
-6.170683029996829,25.04552911714473
-6.160604573329258,24.79618578613618
-6.150526116661688,24.54968738540455
-6.140447659994117,24.30762818814778
-6.130369203326546,24.07178454275081
-6.120290746658975,23.84396760617467
-6.110212289991405,23.62614364783367
-6.100133833323834,23.41991885598752
-6.090055376656262,23.22723486766492
-6.079976919988692,23.04990765946567
-6.069898463321121,22.88985488446223
-6.05982000665355,22.74871578584768
-6.049741549985979,22.62804695312413
-6.039663093318409,22.52960005496494
-6.029584636650838,22.45989096540045
-6.019506179983266,22.42030974686342
-6.009427723315696,22.4073002338706
-5.999349266648125,22.42181131048468
-5.989270809980555,22.46502572989294
-5.979192353312984,22.5380414432612
-5.969113896645412,22.64147256927974
-5.959035439977842,22.77615544850152
-5.948956983310271,22.94259223292602
-5.9388785266427,23.14163750268703
-5.92880006997513,23.37826148128271
-5.918721613307559,23.65277372324522
-5.908643156639988,23.96024259992596
-5.898564699972416,24.30072479403392
-5.888486243304846,24.67379196314413
-5.878407786637275,25.0793769720061
-5.868329329969704,25.51682823621729
-5.858250873302134,25.9856227864532
-5.848172416634563,26.48537048085305
-5.838093959966992,27.0151093095333
-5.828015503299421,27.57425925183209
-5.81793704663185,28.16178396609352
-5.80785858996428,28.77683101800313
-5.797780133296709,29.4181013091985
-5.787701676629138,30.08456305132283
-5.777623219961567,30.77500882432359
-5.767544763293996,31.49314128023989
-5.757466306626426,32.23759081168131
-5.747387849958854,33.00181411384127
-5.737309393291284,33.78950876004666
-5.727230936623713,34.59894771242666
-5.717152479956142,35.42348627802791
-5.707074023288571,36.26142086840478
-5.696995566621,37.11115382478981
-5.68691710995343,37.97059070082607
-5.676838653285859,38.83843599292857
-5.666760196618288,39.71243302405016
-5.656681739950717,40.59126708791756
-5.646603283283147,41.47775190582581
-5.636524826615576,42.37029760235405
-5.626446369948004,43.26680632940639
-5.616367913280434,44.16549231847969
-5.606289456612863,45.05946435825245
-5.596210999945292,45.94682422686328
-5.586132543277722,46.82569698688361
-5.57605408661015,47.6992101930492
-5.56597562994258,48.56551138705868
-5.555897173275008,49.41777283084308
-5.545818716607438,50.25421096812371
-5.535740259939868,51.07803747308586
-5.525661803272297,51.88747689970241
-5.515583346604726,52.67595922438127
-5.505504889937154,53.44158291030994
-5.495426433269584,54.18285431162864
-5.485347976602013,54.90311258950338
-5.475269519934442,55.60110110499232
-5.465191063266872,56.27026259735576
-5.455112606599301,56.90923205513874
-5.44503414993173,57.5266813574189
-5.434955693264159,58.12134891322178
-5.424877236596588,58.68204370633192
-5.414798779929018,59.20775763515508
-5.404720323261446,59.70219345161684
-5.394641866593876,60.16438398423669
-5.384563409926305,60.58869553694662
-5.374484953258734,60.97919000820995
-5.364406496591163,61.33516762735053
-5.354328039923592,61.65092926692525
-5.344249583256022,61.93118823991237
-5.334171126588451,62.17542911120387
-5.32409266992088,62.37835732860579
-5.314014213253309,62.54486256442192
-5.303935756585738,62.67461075320118
-5.293857299918168,62.76272697039732
-5.283778843250596,62.81431037840999
-5.273700386583026,62.83455431125132
-5.263621929915455,62.82362799357841
-5.253543473247884,62.77712520712173
-5.243465016580313,62.6903688400512
-5.233386559912742,62.56405981886004
-5.223308103245172,62.3986675443259
-5.2132296465776,62.19527258034721
-5.20315118991003,61.95461622611204
-5.19307273324246,61.6828885617807
-5.182994276574888,61.38129074258703
-5.172915819907317,61.04613789258784
-5.162837363239746,60.67884196167736
-5.152758906572176,60.28604044202501
-5.142680449904605,59.87421005874083
-5.132601993237034,59.43988047168394
-5.122523536569464,58.9848500294429
-5.112445079901892,58.51075564667563
-5.102366623234322,58.01464391327415
-5.092288166566751,57.50321432997021
-5.08220970989918,56.97848298208849
-5.07213125323161,56.43713635560895
-5.062052796564038,55.88619076372631
-5.051974339896467,55.32770495734744
-5.041895883228896,54.75837278134741
-5.031817426561326,54.18020694245387
-5.021738969893755,53.60007856938394
-5.011660513226184,53.01971736150124
-5.001582056558614,52.43614691785595
-4.991503599891042,51.85108475492995
-4.981425143223472,51.27093101635458
-4.971346686555901,50.69734608018199
-4.96126822988833,50.13176802369343
-4.95118977322076,49.57564509232652
-4.941111316553188,49.02495342721905
-4.931032859885618,48.48088873725654
-4.920954403218047,47.94444099977933
-4.910875946550476,47.41649936854219
-4.900797489882905,46.89785219064463
-4.890719033215334,46.39416312244564
-4.880640576547764,45.90598725130702
-4.870562119880193,45.42877611381529
-4.860483663212621,44.96300542475203
-4.850405206545051,44.50860068254912
-4.84032674987748,44.06610319342892
-4.83024829320991,43.63552320994074
-4.820169836542338,43.21685208398155
-4.810091379874768,42.81038713178037
-4.800012923207198,42.41603366587034
-4.789934466539626,42.0338175295058
-4.779856009872055,41.66873636884328
-4.769777553204484,41.32078263766905
-4.759699096536914,40.98992768040616
-4.749620639869343,40.67613058764667
-4.739542183201772,40.37934616205032
-4.729463726534201,40.09942537553354
-4.71938526986663,39.836568730842
-4.709306813199059,39.59051493239664
-4.699228356531489,39.3565182990662
-4.689149899863918,39.13462774103341
-4.679071443196348,38.9247112738559
-4.668992986528776,38.72702823847226
-4.658914529861205,38.54180403499753
-4.648836073193634,38.36927585737519
-4.638757616526064,38.20968402047752
-4.628679159858493,38.06829004710538
-4.618600703190922,37.94537813674575
-4.608522246523352,37.83618921950343
-4.59844378985578,37.74586995574714
-4.588365333188209,37.67455194262021
-4.578286876520639,37.61731141107961
-4.568208419853068,37.57403746087991
-4.558129963185497,37.54502717126757
-4.548051506517926,37.52976357725782
-4.537973049850356,37.52811578816227
-4.527894593182785,37.53953507946221
-4.517816136515213,37.56418262295021
-4.507737679847643,37.60100316484147
-4.497659223180072,37.65440688440788
-4.487580766512502,37.72359136289169
-4.47750230984493,37.80259365584968
-4.467423853177359,37.89027914083224
-4.457345396509789,37.98531821016486
-4.447266939842218,38.08674633746913
-4.437188483174647,38.19276129310735
-4.427110026507076,38.30183708513893
-4.417031569839506,38.41757608681915
-4.406953113171935,38.53826638135294
-4.396874656504363,38.6617649388451
-4.386796199836793,38.78653737216002
-4.376717743169222,38.90554483437001
-4.366639286501651,39.01675210163825
-4.356560829834081,39.118514517281
-4.34648237316651,39.20872916253682
-4.336403916498939,39.28580464720261
-4.326325459831368,39.34789217024619
-4.316247003163797,39.39848787869555
-4.306168546496226,39.43582964909965
-4.296090089828656,39.45859945178706
-4.286011633161085,39.46549357138504
-4.275933176493514,39.4502650755061
-4.265854719825943,39.41230830747472
-4.255776263158372,39.35048776419861
-4.245697806490801,39.26436082546665
-4.235619349823231,39.15860810342487
-4.22554089315566,39.03797496774301
-4.21546243648809,38.89773813290744
-4.205383979820517,38.73293513871553
-4.195305523152947,38.54430077185192
-4.185227066485377,38.332449139411
-4.175148609817806,38.09826579992036
-4.165070153150235,37.84832447977026
-4.154991696482664,37.58368130289987
-4.144913239815094,37.30096877882212
-4.134834783147523,37.00721119993145
-4.124756326479951,36.7042458512737
-4.114677869812381,36.38934210718296
-4.10459941314481,36.06442862242275
-4.094520956477239,35.73238971781957
-4.084442499809668,35.39538543853495
-4.074364043142097,35.06112010407355
-4.064285586474527,34.73214293660407
-4.054207129806955,34.40637733291132
-4.044128673139385,34.0862670910594
-4.034050216471814,33.77969999119065
-4.023971759804244,33.4891519210359
-4.013893303136673,33.21216306269103
-4.003814846469101,32.95116645165177
-3.993736389801531,32.70862347594937
-3.98365793313396,32.48649942385406
-3.973579476466389,32.28684443077572
-3.963501019798819,32.11190707206583
-3.953422563131248,31.96301152332421
-3.943344106463676,31.84672605809192
-3.933265649796106,31.76427986363865
-3.923187193128535,31.71179157183384
-3.913108736460964,31.68974582319134
-3.903030279793394,31.6987214981713
-3.892951823125823,31.73894024313016
-3.882873366458252,31.81037180101207
-3.87279490979068,31.91273556123679
-3.86271645312311,32.0453982940437
-3.852637996455539,32.20782858573961
-3.842559539787969,32.39879041907371
-3.832481083120398,32.61730386224153
-3.822402626452827,32.8618431045441
-3.812324169785255,33.13079974514955
-3.802245713117685,33.42225975043812
-3.792167256450114,33.73465766689601
-3.782088799782544,34.06555853888523
-3.772010343114973,34.41786413225194
-3.761931886447402,34.78926605159597
-3.751853429779831,35.1725086925187
-3.74177497311226,35.56987247786843
-3.731696516444689,35.97894455094659
-3.721618059777119,36.39219415371941
-3.711539603109548,36.80698247183358
-3.701461146441977,37.22616620833484
-3.691382689774406,37.64692071151606
-3.681304233106835,38.06186398521285
-3.671225776439264,38.46892839959385
-3.661147319771693,38.86580030314793
-3.651068863104123,39.25043647747035
-3.640990406436552,39.62591768843652
-3.630911949768981,39.99047251214269
-3.620833493101411,40.33748642912593
-3.610755036433839,40.66549617194388
-3.600676579766268,40.97819494340601
-3.590598123098698,41.27471637506469
-3.580519666431127,41.54852661897949
-3.570441209763557,41.80425191987968
-3.560362753095986,42.04111068952056
-3.550284296428414,42.25362479946305
-3.540205839760843,42.44146843206002
-3.530127383093273,42.60946239663257
-3.520048926425702,42.75771405766058
-3.509970469758131,42.88110809929109
-3.499892013090561,42.97988791850081
-3.48981355642299,43.0597803923838
-3.479735099755418,43.12078842613987
-3.469656643087848,43.15897330928414
-3.459578186420277,43.17463951039918
-3.449499729752706,43.1686670132278
-3.439421273085136,43.14689386653779
-3.429342816417565,43.11035912149815
-3.419264359749993,43.05479138534289
-3.409185903082423,42.9812955586067
-3.399107446414852,42.89592341742824
-3.389028989747281,42.79973039859784
-3.378950533079711,42.68879496887439
-3.368872076412139,42.5641983003614
-3.358793619744569,42.42701532579476
-3.348715163076998,42.28333655436905
-3.338636706409427,42.13438142363762
-3.328558249741856,41.97599155663579
-3.318479793074286,41.81419062053932
-3.308401336406714,41.65011240406449
-3.298322879739144,41.47984270107064
-3.288244423071573,41.30419631118571
-3.278165966404002,41.12410804816844
-3.268087509736431,40.94049705632835
-3.25800905306886,40.75439916920773
-3.24793059640129,40.57133218252159
-3.237852139733719,40.39246459242621
-3.227773683066148,40.21345818227064
-3.217695226398577,40.03495655789433
-3.207616769731006,39.85792459396786
-3.197538313063435,39.68791410446642
-3.187459856395865,39.52571260018637
-3.177381399728294,39.37168323866754
-3.167302943060723,39.22647525320985
-3.157224486393152,39.08549698141779
-3.147146029725582,38.94945914497774
-3.13706757305801,38.81882712837486
-3.12698911639044,38.69382289636439
-3.116910659722869,38.57489553204281
-3.106832203055298,38.46272275195787
-3.096753746387727,38.35774336117255
-3.086675289720157,38.26015821765001
-3.076596833052585,38.175480649874
-3.066518376385015,38.10410203390777
-3.056439919717444,38.04139856446616
-3.046361463049873,37.99282707037763
-3.036283006382302,37.95846191101251
-3.026204549714731,37.93359757369495
-3.016126093047161,37.91886936113789
-3.00604763637959,37.91914841171752
-2.995969179712019,37.93476400338693
-2.985890723044448,37.96092035357415
-2.975812266376877,37.99778824601253
-2.965733809709306,38.04552801558701
-2.955655353041736,38.10428637795142
-2.945576896374165,38.17432647381197
-2.935498439706594,38.25552183484877
-2.925419983039023,38.34806037845454
-2.915341526371452,38.45199098458411
-2.905263069703881,38.57229832953421
-2.895184613036311,38.70890942356686
-2.88510615636874,38.85668734221195
-2.875027699701169,39.02038683722103
-2.864949243033598,39.19968694195529
-2.854870786366027,39.38907931581601
-2.844792329698457,39.58829850261015
-2.834713873030886,39.801608823837
-2.824635416363315,40.02820914664052
-2.814556959695744,40.26254459015051
-2.804478503028173,40.50358359391664
-2.794400046360602,40.75034511438764
-2.784321589693032,41.00676811830522
-2.774243133025461,41.27167342032752
-2.76416467635789,41.5387679958529
-2.754086219690319,41.80669180882143
-2.744007763022748,42.07402318473776
-2.733929306355178,42.33928751501421
-2.723850849687607,42.60086077015367
-2.713772393020036,42.85742832891258
-2.703693936352465,43.1072879828339
-2.693615479684894,43.34886449169505
-2.683537023017323,43.58048304485354
-2.673458566349753,43.81078046135045
-2.663380109682182,44.03803682696375
-2.653301653014611,44.25058632657489
-2.64322319634704,44.44725545139824
-2.633144739679469,44.62621936406545
-2.623066283011898,44.7862279296352
-2.612987826344328,44.9260659335965
-2.602909369676757,45.04972730237763
-2.592830913009186,45.15593820134809
-2.582752456341615,45.23893020473141
-2.572673999674044,45.30282892161537
-2.562595543006474,45.34725322819753
-2.552517086338903,45.37158542559538
-2.542438629671332,45.37547552119582
-2.532360173003761,45.35373350690931
-2.52228171633619,45.30620858281435
-2.512203259668619,45.23823306842254
-2.502124803001049,45.14992004301939
-2.492046346333478,45.03679066071359
-2.481967889665907,44.90398406352492
-2.471889432998336,44.75244104805247
-2.461810976330765,44.58270885146658
-2.451732519663194,44.39553525260131
-2.441654062995624,44.18674564407026
-2.431575606328053,43.95710878584466
-2.421497149660482,43.71276928824778
-2.411418692992911,43.45467004305029
-2.40134023632534,43.17843110067101
-2.39126177965777,42.88547981649939
-2.381183322990199,42.5764050714145
-2.371104866322628,42.25226260359721
-2.361026409655057,41.91398298414793
-2.350947952987486,41.56246922530786
-2.340869496319915,41.20356425149948
-2.330791039652345,40.83795229253347
-2.320712582984774,40.4616038160389
-2.310634126317203,40.07505299165269
-2.300555669649632,39.67892621764226
-2.290477212982061,39.27394555344646
-2.280398756314491,38.86032595009749
-2.27032029964692,38.44391339203745
-2.260241842979349,38.0249427005246
-2.250163386311778,37.59910283033474
-2.240084929644207,37.16682561308514
-2.230006472976636,36.72832261804937
-2.219928016309066,36.28914651554344
-2.209849559641495,35.84976779058703
-2.199771102973924,35.40582645655645
-2.189692646306353,34.9576285317325
-2.179614189638782,34.51086504867416
-2.169535732971211,34.06618579009917
-2.159457276303641,33.61934040919502
-2.14937881963607,33.1711173824019
-2.139300362968499,32.72237310041422
-2.129221906300928,32.27895516062231
-2.119143449633357,31.8421346987799
-2.109064992965787,31.40789437434351
-2.098986536298215,30.98238659321884
-2.088908079630645,30.56672452336318
-2.078829622963074,30.15742093834874
-2.068751166295503,29.75565553341911
-2.058672709627932,29.36292338233291
-2.048594252960362,28.98038545437666
-2.038515796292791,28.60956228353372
-2.02843733962522,28.2569781327832
-2.018358882957649,27.92376161536722
-2.008280426290078,27.60633753464696
-1.998201969622507,27.30594919008674
-1.988123512954936,27.0236671462567
-1.978045056287366,26.76082086355925
-1.967966599619795,26.51827433671538
-1.957888142952224,26.2968071297241
-1.947809686284653,26.09741560405283
-1.937731229617082,25.92059286951217
-1.927652772949511,25.76695517438632
-1.917574316281941,25.6364930964413
-1.90749585961437,25.52972362381603
-1.897417402946799,25.44666465714207
-1.887338946279228,25.38694118675216
-1.877260489611658,25.35036254431828
-1.867182032944086,25.34134703641773
-1.857103576276516,25.35949549017627
-1.847025119608945,25.39902481567608
-1.836946662941374,25.4587660107408
-1.826868206273803,25.53791135010249
-1.816789749606232,25.63507906585287
-1.806711292938661,25.74914386738121
-1.796632836271091,25.87880491770893
-1.78655437960352,26.02284234305091
-1.776475922935949,26.17963207554764
-1.766397466268378,26.34787122287432
-1.756319009600807,26.52593333640353
-1.746240552933237,26.71288552462102
-1.736162096265666,26.9070845264899
-1.726083639598095,27.11216754024435
-1.716005182930524,27.32680943937896
-1.705926726262953,27.54473382359657
-1.695848269595382,27.76968451246749
-1.685769812927812,28.00534050896247
-1.675691356260241,28.24578391319651
-1.66561289959267,28.48478411916328
-1.655534442925099,28.72121043140909
-1.645455986257528,28.95437476881239
-1.635377529589958,29.18321788956559
-1.625299072922387,29.40725884433639
-1.615220616254816,29.62575067353041
-1.605142159587245,29.83817931454056
-1.595063702919674,30.0440194728594
-1.584985246252103,30.243311444706
-1.574906789584533,30.44041935241817
-1.564828332916962,30.63514205307532
-1.554749876249391,30.82257286136389
-1.54467141958182,31.00237115554048
-1.534592962914249,31.17473066618503
-1.524514506246679,31.33952998637469
-1.514436049579108,31.49682770604534
-1.504357592911537,31.64661588315999
-1.494279136243966,31.79423640687329
-1.484200679576395,31.93967930375824
-1.474122222908824,32.0830540548931
-1.464043766241254,32.22445181305169
-1.453965309573683,32.35896783354906
-1.443886852906112,32.48668623854322
-1.433808396238541,32.60770354910761
-1.42372993957097,32.72202056281838
-1.413651482903399,32.82998852320026
-1.403573026235829,32.9315984609614
-1.393494569568258,33.0269811301414
-1.383416112900687,33.11627139148866
-1.373337656233116,33.20458084047094
-1.363259199565545,33.29200862064014
-1.353180742897974,33.37366680585226
-1.343102286230404,33.44961156225509
-1.333023829562833,33.51986612638702
-1.322945372895262,33.58944620574817
-1.312866916227691,33.65834214682553
-1.30278845956012,33.7214091594135
-1.292710002892549,33.77879872804419
-1.282631546224979,33.83524584278783
-1.272553089557408,33.89057964055926
-1.262474632889837,33.93947946723464
-1.252396176222266,33.98190637866967
-1.242317719554695,34.02239085964171
-1.232239262887125,34.06054440443172
-1.222160806219554,34.09092343023926
-1.212082349551983,34.11290856195937
-1.202003892884412,34.12617713942915
-1.191925436216841,34.12999411157005
-1.18184697954927,34.12360797079084
-1.171768522881699,34.1065663601785
-1.161690066214129,34.07800973378374
-1.151611609546558,34.03717673785237
-1.141533152878987,33.98824985793294
-1.131454696211416,33.93037460427479
-1.121376239543845,33.85766726094131
-1.111297782876274,33.77407929005388
-1.101219326208704,33.67889387340104
-1.091140869541133,33.5660284641024
-1.081062412873562,33.43453615263131
-1.070983956205991,33.2835106533504
-1.06090549953842,33.11223401177865
-1.05082704287085,32.91968901054167
-1.040748586203279,32.70528209310302
-1.030670129535708,32.46840904298222
-1.020591672868137,32.20857419820857
-1.010513216200566,31.93037692278784
-1.000434759532996,31.63353544350221
-0.9903563028654246,31.31289677339162
-0.9802778461978537,30.97340706345093
-0.9701993895302831,30.61515716383713
-0.9601209328627122,30.23338824407133
-0.9500424761951413,29.8283763504247
-0.9399640195275706,29.40090742343057
-0.9298855628599997,28.95654229786055
-0.9198071061924289,28.49612853902546
-0.909728649524858,28.0207704901192
-0.8996501928572871,27.53132150811573
-0.8895717361897164,27.02411061500313
-0.8794932795221455,26.50047223737365
-0.8694148228545748,25.96684126343057
-0.8593363661870039,25.42475301213349
-0.8492579095194331,24.87082913779564
-0.8391794528518622,24.30674970033978
-0.8291009961842914,23.73426269606347
-0.8190225395167207,23.15516737923294
-0.8089440828491498,22.571190667083
-0.798865626181579,21.98441748976774
-0.7887871695140081,21.39656432822014
-0.7787087128464373,20.80935730175723
-0.7686302561788665,20.22472316939752
-0.7585517995112957,19.64451236296637
-0.7484733428437248,19.07027683894039
-0.738394886176154,18.50362439971721
-0.7283164295085832,17.94607291661897
-0.7182379728410124,17.39904000096697
-0.7081595161734415,16.86383431542413
-0.6980810595058707,16.34164860027626
-0.6880026028382998,15.83355445583058
-0.677924146170729,15.34049888899042
-0.6678456895031581,14.86827715745282
-0.6577672328355874,14.41743936600945
-0.6476887761680166,13.98374026670452
-0.6376103195004458,13.56742111403172
-0.627531862832875,13.16874199226772
-0.6174534061653041,12.78785445987682
-0.6073749494977333,12.42480909489712
-0.5972964928301625,12.0795638342924
-0.5872180361625916,11.75199290927878
-0.5771395794950207,11.44178975584621
-0.5670611228274499,11.14892428755704
-0.5569826661598791,10.87283688470873
-0.5469042094923083,10.61339701444617
-0.5368257528247374,10.37006921789658
-0.5267472961571666,10.14242314268175
-0.5166688394895959,9.930007506419132
-0.5065903828220251,9.732357194135369
-0.4965119261544541,9.548999476210932
-0.4864334694868833,9.379459271759307
-0.4763550128193125,9.223263405818502
-0.4662765561517417,9.079943832586812
-0.4561980994841709,8.948933400451079
-0.4461196428166,8.830014764218392
-0.4360411861490292,8.727586011760188
-0.4259627294814584,8.641174510267149
-0.4158842728138876,8.565301943097122
-0.4058058161463168,8.499363530160934
-0.3957273594787459,8.443099251530086
-0.3856489028111751,8.395882223414127
-0.3755704461436042,8.357217302842466
-0.3654919894760335,8.326497569475569
-0.3554135328084626,8.303448726037225
-0.3453350761408918,8.287416604938988
-0.3352566194733209,8.277865428397179
-0.3251781628057501,8.274134472394858
-0.3150997061381793,8.275883166357469
-0.3050212494706085,8.282379795175546
-0.2949427928030377,8.293001419088057
-0.2848643361354668,8.307099040098139
-0.274785879467896,8.323997409459473
-0.2647074228003252,8.343129531042333
-0.2546289661327544,8.36353657450241
-0.2445505094651835,8.38457927459809
-0.2344720527976127,8.405493300508898
-0.2243935961300419,8.42539318424765
-0.214315139462471,8.443724766443601
-0.2042366827949002,8.459561487917115
-0.1941582261273294,8.472005543294246
-0.1840797694597586,8.480508331493185
-0.1740013127921878,8.48416838872625
-0.1639228561246169,8.482240286336852
-0.1538443994570461,8.474008310407456
-0.1437659427894753,8.463768673803729
-0.1336874861219044,8.450850142406894
-0.1236090294543336,8.429621891891443
-0.1135305727867628,8.399488457058704
-0.103452116119192,8.359922684259702
-0.09337365945162114,8.310366204679369
-0.08329520278405031,8.250683335418627
-0.07321674611647948,8.180457268176387
-0.06313828944890866,8.099389545759607
-0.05305983278133783,8.007617277520149
-0.042981376113767,7.905006327138682
-0.03290291944619618,7.791654032881278
-0.02282446277862535,7.667755382964046
-0.01274600611105453,7.533495549806753
-0.002667549443483699,7.389495474589467
0.007410907224087128,7.240967646402602
0.01748936389165795,7.088674160471546
0.02756782055922878,6.928078983676897
0.03764627722679961,6.759831339251699
0.04772473389437043,6.584544946456957
0.05780319056194126,6.403239183726317
0.06788164722951208,6.216622767309292
0.07796010389708291,6.025587561195611
0.08803856056465373,5.831066564758529
0.09811701723222456,5.634025507750674
0.1081954738997954,5.43545424380409
0.1182739305673662,5.236358046555373
0.128352387234937,5.037748908155501
0.1384308439025079,4.840636934079591
0.1485093005700787,4.646021921053936
0.1585877572376495,4.454885196817908
0.1686662139052204,4.268181791603191
0.1787446705727912,4.086833001915152
0.188823127240362,3.911719397713167
0.1989015839079328,3.743674314671297
0.2089800405755037,3.583477864104136
0.2190584972430745,3.431851484587968
0.2291369539106453,3.289453051487435
0.2392154105782161,3.156872553670552
0.249293867245787,3.03452192051444
0.2593723239133578,2.923079583873481
0.2694507805809286,2.822778737968632
0.2795292372484994,2.733906802809227
0.2896076939160703,2.65667002257619
0.2996861505836411,2.591192511762308
0.3097646072512119,2.537515824351521
0.3198430639187828,2.495599037766273
0.3299215205863536,2.465319344583874
0.3399999772539244,2.446473146560258
0.3500784339214952,2.438777647086046
0.360156890589066,2.441872939618122
0.3702353472566369,2.45532459066967
0.3803138039242077,2.478626716408673
0.3903922605917785,2.511205551638445
0.4004707172593494,2.552423508774627
0.4105491739269201,2.601583722288923
0.420627630594491,2.657935070900945
0.4307060872620618,2.720677665551965
0.4407845439296326,2.788968785922056
0.4508630005972035,2.86192924203683
0.4609414572647743,2.938650130480432
0.4710199139323451,3.018199947058984
0.4810983705999159,3.099525589389397
0.4911768272674868,3.181907780991109
0.5012552839350576,3.264259822234847
0.5113337406026285,3.345637110894706
0.5214121972701993,3.425111295199659
0.5314906539377701,3.501778297951063
0.541569110605341,3.574766207435453
0.5516475672729118,3.643242942765874
0.5617260239404825,3.706423599194212
0.5718044806080533,3.763577378667419
0.5818829372756242,3.814034012572789
0.591961393943195,3.857189587298092
0.6020398506107658,3.892511688930539
0.6121183072783367,3.919543791084164
0.6221967639459075,3.937908819369432
0.6322752206134784,3.947311837236019
0.6423536772810492,3.947541810612031
0.65243213394862,3.943446980146792
0.6625105906161908,3.934947756437443
0.6725890472837617,3.917036088174779
0.6826675039513325,3.889761311839141
0.6927459606189033,3.853253550322498
0.702824417286474,3.807720762553046
0.7129028739540449,3.753444932999245
0.7229813306216157,3.690777461602678
0.7330597872891866,3.620133827702166
0.7431382439567574,3.541987613045803
0.7532167006243283,3.456863978783049
0.7632951572918991,3.365332699173158
0.7733736139594699,3.267894440215655
0.7834520706270407,3.165420981327412
0.7935305272946116,3.058438461451165
0.8036089839621824,2.947621275257131
0.8136874406297532,2.833650669319336
0.823765897297324,2.717207464916555
0.8338443539648949,2.598965089301349
0.8439228106324658,2.479583004119785
0.8540012673000366,2.359700609452661
0.8640797239676075,2.239931690609789
0.8741581806351781,2.120859462636635
0.884236637302749,2.003032254790408
0.8943150939703197,1.88695986431382
0.9043935506378906,1.773110595974365
0.9144720073054615,1.661908991324327
0.9245504639730322,1.553627819464168
0.9346289206406031,1.448834896414827
0.944707377308174,1.347683672153682
0.9547858339757448,1.250415060763508
0.9648642906433157,1.157224408958982
0.9749427473108864,1.068262874051781
0.9850212039784573,0.9836392399382756
0.9950996606460282,0.9034221119520222
1.005178117313599,0.8276424294391188
1.01525657398117,0.7562962342720398
1.025335030648741,0.6893476341265519
1.035413487316311,0.6267319010928351
1.045491943983882,0.568358648944102
1.055570400651453,0.5141150359984483
1.065648857319024,0.4638689448287798
1.075727313986595,0.4174720949443568
1.085805770654166,0.3747630498296377
1.095884227321736,0.335570085230619
1.105962683989307,0.2997138911832317
1.116041140656878,0.2670100858515416
1.126119597324449,0.2372715246683163
1.13619805399202,0.2103103934453091
1.14627651065959,0.1859400789602534
1.156354967327161,0.1639768149641255
1.166433423994732,0.1442411055346975
1.176511880662303,0.126558931196353
1.186590337329874,0.1107627462126047
1.196668793997445,0.09669227793211037
1.206747250665015,0.08419514103926698
1.216825707332586,0.07312728104572418
1.226904164000157,0.06348717803455241
1.236982620667728,0.05491450462290579
1.247061077335299,0.04739931438725812
1.25713953400287,0.04083426434500458
1.26721799067044,0.03512092003331065
1.277296447338011,0.0301695731712995
1.287374904005582,0.02589900754003182
1.297453360673153,0.02223622754434935
1.307531817340724,0.01911616289732356
1.317610274008294,0.01648136176246904
1.327688730675865,0.01428168353121273
1.337767187343436,0.01247400122870458
1.347845644011007,0.01102192235027018
1.357924100678578,0.00989553574906488
1.368002557346149,0.009071191033457781
1.378081014013719,0.008531315796575156
1.38815947068129,0.008264274892489581
1.398237927348861,0.008398190539416112
1.408316384016432,0.008699403318924475
1.418394840684003,0.009281635149695079
1.428473297351573,0.01015834173957788
1.438551754019144,0.01134928633125333
1.448630210686715,0.01288074759949399
1.458708667354286,0.01478577998252549
1.468787124021857,0.01710452346330099
1.478865580689428,0.01988455877831274
1.488944037356999,0.0231813029527162
1.499022494024569,0.02705843893879737
1.50910095069214,0.03158837197135054
1.519179407359711,0.03685270405339958
1.529257864027282,0.04294271675817007
1.539336320694853,0.04995985129205312
1.549414777362424,0.05801617352687396
1.559493234029994,0.06723481050105781
1.569571690697565,0.07764392347170837
1.579650147365136,0.08962478793187398
1.589728604032707,0.1032029320607731
1.599807060700278,0.1185498295485041
1.609885517367848,0.1358490695265342
1.619963974035419,0.1552963079633511
1.63004243070299,0.1770990670965727
1.640120887370561,0.2014763653143556
1.650199344038132,0.2286581604616434
1.660277800705703,0.2588845905118337
1.670356257373274,0.2924049969402606
1.680434714040844,0.3294767179837418
1.690513170708415,0.3703636412829464
1.700591627375986,0.4153345081841293
1.710670084043557,0.4646609652153776
1.720748540711128,0.5186153619293363
1.730826997378698,0.5774682983860742
1.740905454046269,0.6414859299898262
1.75098391071384,0.7109270421321021
1.761062367381411,0.7860399120586623
1.771140824048982,0.8670589804846445
1.781219280716552,0.9542013606354717
1.791297737384123,1.04766321748672
1.801376194051694,1.147616054902401
1.811454650719265,1.254202953012035
1.821533107386836,1.367534802404291
1.831611564054407,1.487686585431824
1.841690020721977,1.614693758005224
1.851768477389548,1.748548787598058
1.861846934057119,1.889197904694786
1.87192539072469,2.036538125507039
1.882003847392261,2.190414603396373
1.892082304059832,2.350618365026362
1.902160760727402,2.516884484798344
1.912239217394973,2.688890747599753
1.922317674062544,2.866256845331834
1.932396130730115,3.0485441471279
1.942474587397686,3.235256076690993
1.952553044065257,3.425839122859479
1.962631500732827,3.619684501460211
1.972709957400398,3.816130477858846
1.982788414067969,4.014465350508861
1.99286687073554,4.213931086390058
2.002945327403111,4.413727589677755
2.013023784070681,4.613017575464541
2.023102240738253,4.810932011037091
2.033180697405823,5.006709993905289
2.043259154073394,5.199203689703332
2.053337610740965,5.387594327387298
2.063416067408536,5.570951669681127
2.073494524076106,5.748347916073435
2.083572980743678,5.918865372797993
2.093651437411248,6.081604226883325
2.103729894078819,6.235690338527885
2.11380835074639,6.380282964712251
2.123886807413961,6.51458232685107
2.133965264081531,6.637836936410178
2.144043720749102,6.754325152223846
2.154122177416673,6.863374818499511
2.164200634084244,6.959369856256552
2.174279090751814,7.041743729644747
2.184357547419386,7.110010758407841
2.194436004086956,7.16377127486032
2.204514460754527,7.202716004512735
2.214592917422098,7.226629616889221
2.224671374089669,7.235393403766754
2.23474983075724,7.228987053332514
2.244828287424811,7.207489500416932
2.254906744092382,7.171078844822467
2.264985200759952,7.12003134163632
2.275063657427523,7.054719479094054
2.285142114095094,6.975609170859721
2.295220570762665,6.88325610032294
2.305299027430235,6.778301264512513
2.315377484097807,6.666440331811923
2.325455940765377,6.548430807495031
2.335534397432948,6.420086027185754
2.345612854100519,6.282256047098074
2.35569131076809,6.135846547532569
2.36576976743566,5.981811888814829
2.375848224103231,5.821147833138176
2.385926680770802,5.654884004729881
2.396005137438373,5.484076161203171
2.406083594105944,5.309798348393588
2.416162050773515,5.133135009454715
2.426240507441086,4.955173116571788
2.436318964108656,4.776994390428667
2.446397420776227,4.599667668638008
2.456475877443798,4.424241479835367
2.466554334111369,4.251736875177178
2.47663279077894,4.083140563710387
2.486711247446511,3.919398392643442
2.496789704114081,3.761409208090098
2.506868160781652,3.610019126520631
2.516946617449223,3.466150157719184
2.527025074116794,3.330293877682963
2.537103530784365,3.203216227714439
2.547181987451935,3.085505939732959
2.557260444119506,2.97767763010018
2.567338900787077,2.880168983893713
2.577417357454648,2.793338456230392
2.587495814122219,2.717463495834737
2.597574270789789,2.65273929543107
2.60765272745736,2.599278073351866
2.617731184124931,2.557108890882371
2.627809640792502,2.526178010163323
2.637888097460073,2.506349797795631
2.647966554127644,2.497408179469248
2.658045010795214,2.499058650806342
2.668123467462785,2.510930849003608
2.678201924130356,2.532715604275478
2.688280380797927,2.563667150459011
2.698358837465498,2.603316553338529
2.708437294133069,2.651028838908897
2.718515750800639,2.706114844358608
2.72859420746821,2.767837190869306
2.738672664135781,2.835416777096692
2.748751120803352,2.908039764436361
2.758829577470923,2.984865016938397
2.768908034138494,3.065031949916631
2.778986490806064,3.147668732103114
2.789064947473635,3.231900776857684
2.799143404141206,3.316859448713319
2.809221860808777,3.401690902694095
2.819300317476348,3.485564965666719
2.829378774143918,3.567683961760603
2.839457230811489,3.647291377887791
2.84953568747906,3.723680260865696
2.859614144146631,3.79620123481815
2.869692600814202,3.864270026592836
2.879771057481773,3.927374388032275
2.889849514149343,3.985080307168468
2.899927970816914,4.037037405822544
2.910006427484485,4.082983428668665
2.920084884152056,4.122747738498195
2.930163340819627,4.156253744071348
2.940241797487197,4.183520200392612
2.950320254154768,4.209635893747743
2.960398710822339,4.234771611926279
2.97047716748991,4.254178336545193
2.980555624157481,4.26817165546575
2.990634080825052,4.277153454877432
3.000712537492622,4.281606988615908
3.010790994160193,4.282090812820126
3.020869450827764,4.279231649863616
3.030947907495335,4.273716263047315
3.041026364162906,4.266282439943484
3.051104820830477,4.257709197206261
3.061183277498047,4.248699912557162
3.071261734165618,4.240319107188644
3.081340190833189,4.233271992735189
3.09141864750076,4.228394448742772
3.101497104168331,4.22650752797426
3.111575560835901,4.22840597034792
3.121654017503472,4.234846967522003
3.131732474171043,4.24653933216564
3.141810930838614,4.264267135592315
3.151889387506185,4.288378631518335
3.161967844173756,4.319486655428308
3.172046300841326,4.358013104297749
3.182124757508897,4.404288632957892
3.192203214176468,4.458680985949809
3.202281670844039,4.521089136290402
3.21236012751161,4.591649347382369
3.222438584179181,4.670285684255984
3.232517040846751,4.756709607662248
3.242595497514322,4.850868655295619
3.252673954181893,4.952239585461335
3.262752410849464,5.060333466652254
3.272830867517035,5.174700523408925
3.282909324184605,5.294568593615298
3.292987780852176,5.419057944961271
3.303066237519747,5.547450910538112
3.313144694187318,5.67885976477604
3.323223150854889,5.812343178255693
3.33330160752246,5.946916969903993
3.34338006419003,6.081565454352742
3.353458520857602,6.215253256669883
3.363536977525172,6.34693746292098
3.373615434192743,6.475713888434021
3.383693890860314,6.60032800722793
3.393772347527885,6.720030384410816
3.403850804195455,6.833639645135714
3.413929260863026,6.940369944314626
3.424007717530597,7.039394715195134
3.434086174198168,7.134938589614811
3.444164630865739,7.226300722748611
3.45424308753331,7.307864788056112
3.46432154420088,7.379095538991006
3.474400000868451,7.439572885944084
3.484478457536022,7.488999465750902
3.494556914203593,7.527207063299697
3.504635370871164,7.554161813328792
3.514713827538735,7.569968122082397
3.524792284206305,7.574871260455312
3.534870740873876,7.569258592477876
3.544949197541447,7.553659415351877
3.555027654209018,7.52874339963176
3.565106110876588,7.495317630444285
3.57518456754416,7.454322262753927
3.585263024211731,7.406824815519619
3.595341480879301,7.358987698550798
3.605419937546872,7.312072948688551
3.615498394214443,7.262433181677824
3.625576850882013,7.21148881922355
3.635655307549585,7.160742703472333
3.645733764217156,7.11176823977218
3.655812220884726,7.066196589511815
3.665890677552297,7.025703001216159
3.675969134219867,6.991992376633971
3.686047590887438,6.966784176730127
3.69612604755501,6.951796780236278
3.706204504222581,6.948731414658795
3.716282960890151,6.959255786327732
3.726361417557722,6.984987542121093
3.736439874225293,7.027477700837381
3.746518330892863,7.088194196730869
3.756596787560434,7.168505681379279
3.766675244228006,7.269665732728373
3.776753700895576,7.392797621757029
3.786832157563147,7.538879787632785
3.796910614230718,7.708732171386595
3.806989070898288,7.903003555935562
3.817067527565859,8.122160056639634
3.827145984233431,8.366474901417037
3.837224440901001,8.63601963270197
3.847302897568572,8.930656855159677
3.857381354236143,9.250034643050252
3.867459810903713,9.593476289183242
3.877538267571284,9.960426070474579
3.887616724238855,10.34974007218655
3.897695180906426,10.76018964173327
3.907773637573997,11.19033145242697
3.917852094241568,11.63851352033814
3.927930550909138,12.10288325941266
3.938009007576709,12.58139755433264
3.94808746424428,13.07183480859996
3.958165920911851,13.5718089028624
3.968244377579422,14.07878497586436
3.978322834246993,14.59009691788447
3.988401290914564,15.10296644443115
3.998479747582134,15.61452359662757
4.008558204249705,16.1218284944594
4.018636660917275,16.62189415021065
4.028715117584847,17.11171013229983
4.038793574252418,17.58826685466315
4.048872030919989,18.04858025410757
4.058950487587559,18.49469116542663
4.06902894425513,18.9237030685771
4.079107400922701,19.32780689718691
4.089185857590272,19.70429263978037
4.099264314257843,20.0505985107588
4.109342770925413,20.36930805118114
4.119421227592984,20.65818427306642
4.129499684260555,20.9101895514775
4.139578140928125,21.12349102922897
4.149656597595697,21.29650236325457
4.159735054263268,21.42789768548403
4.169813510930839,21.51662305069959
4.179891967598409,21.56190523200157
4.18997042426598,21.56823231504057
4.200048880933551,21.54034450633275
4.210127337601121,21.47324799814803
4.220205794268693,21.36220083171305
4.230284250936264,21.20772182399112
4.240362707603834,21.01060972302702
4.250441164271405,20.7719341849361
4.260519620938975,20.49302413108444
4.270598077606547,20.17545363615297
4.280676534274117,19.82102553028197
4.290754990941688,19.43672748574457
4.300833447609259,19.02472475687544
4.31091190427683,18.5873133414212
4.320990360944401,18.1268977649984
4.331068817611971,17.6409937670188
4.341147274279543,17.13219223881357
4.351225730947114,16.60305476511845
4.361304187614684,16.05653770481366
4.371382644282255,15.4952594980897
4.381461100949825,14.92197898337196
4.391539557617397,14.3394389241867
4.401618014284967,13.75034431387066
4.411696470952537,13.1573417706107
4.421774927620109,12.56300023010407
4.43185338428768,11.96979311961858
4.441931840955251,11.38008217150335
4.452010297622821,10.79610300674798
4.462088754290392,10.21995259052539
4.472167210957963,9.653578632311257
4.482245667625534,9.098770973682797
4.492324124293105,8.557154977783721
4.502402580960676,8.03018690620209
4.512481037628246,7.519044821849443
4.522559494295817,7.025075537709271
4.532637950963387,6.549086490356204
4.542716407630959,6.091849941917999
4.55279486429853,5.653973323777016
4.562873320966101,5.235904902462132
4.572951777633671,4.837940698697854
4.583030234301242,4.460232497519455
4.593108690968813,4.102796781778799
4.603187147636383,3.765524418832256
4.613265604303955,3.448190930591818
4.623344060971526,3.150467180251674
4.633422517639096,2.871930314648039
4.643500974306667,2.612074809104406
4.653579430974238,2.370323471461967
4.663657887641809,2.146038273479287
4.673736344309379,1.938530890576552
4.68381480097695,1.747072844664352
4.693893257644522,1.570905159204938
4.703971714312092,1.409247450386243
4.714050170979663,1.261306393044682
4.724128627647233,1.126283514473805
4.734207084314805,1.003382283252648
4.744285540982376,0.8918144735016194
4.754363997649946,0.7908057973408504
4.764442454317517,0.6996008096371318
4.774520910985088,0.617467099267798
4.784599367652659,0.5436987900252012
4.794677824320229,0.4776193818895847
4.8047562809878,0.4185839696984566
4.814834737655372,0.3659808812531837
4.824913194322942,0.3192327806699891
4.834991650990513,0.2777972853664723
4.845070107658084,0.2411671465577965
4.855148564325654,0.2088700436148276
4.865227020993225,0.180468042216176
4.875305477660796,0.1555567650205432
4.885383934328368,0.1337643217116362
4.895462390995938,0.1147500428420496
4.905540847663509,0.09820305903927426
4.915619304331079,0.08384076394582639
4.92569776099865,0.07140719584898773
4.935776217666221,0.06067136940801926
4.945854674333792,0.05142558529259626
4.955933131001363,0.04348374198004484
4.966011587668934,0.03667967048445799
4.976090044336504,0.03075908919699331
4.986168501004075,0.0258257792732814
4.996246957671646,0.02163096007960682
5.006325414339218,0.01807338678832575
5.016403871006788,0.01506411716478894
5.026482327674358,0.01241885413646808
5.036560784341929,0.0103045375112571
5.0466392410095,0.008529154152054507
5.056717697677071,0.007042279723072972
5.066796154344641,0.005800291288629824
5.076874611012212,0.004765571031634234
5.086953067679784,0.003905782851803152
5.097031524347354,0.003193218588130327
5.107109981014925,0.002497789855344427
5.117188437682496,0.001927827279754732
5.127266894350067,0.001568237109198802
5.137345351017638,0.001272492332301939
5.147423807685208,0.001029908071621349
5.15750226435278,0.0008314604322959154
5.16758072102035,0.0006695523613024092
5.177659177687921,0.0005378080972204542
5.187737634355491,0.0004308935128623252
5.197816091023062,0.0003443597631638309
5.207894547690634,0.0001680875223493201
5.217973004358204,0.000133915646926533
5.228051461025775,0
6.306446324455854,0
