-509.3829378590706,0
-509.3728594621171,0
-508.2944709881017,0.0001340416977456774
-508.2843925911484,0.0001682452850264519
-508.2743141941949,0.0002106410727836404
-508.2642357972415,0.0002630512603994264
-508.254157400288,0.0003276686482491695
-508.2440790033347,0.000407123869276191
-508.2340006063812,0.0005045630167758595
-508.2239222094278,0.0006237368996844711
-508.2138438124744,0.000769103226470195
-508.203765415521,0.0009459430760100791
-508.1936870185675,0.001160493054145691
-508.1836086216142,0.001420094552888903
-508.1735302246607,0.001733361519878556
-508.1634518277073,0.002110368102517306
-508.153373430754,0.002562857447634668
-508.1432950338005,0.003104472806551866
-508.1332166368471,0.003751011909862937
-508.1231382398937,0.004520705328831602
-508.1130598429402,0.005434519223924292
-508.1029814459868,0.006516482488948413
-508.0929030490335,0.007794037825527347
-508.08282465208,0.009298415722230067
-508.0727462551266,0.01106502966197902
-508.0626678581732,0.01313389013856164
-508.0525894612198,0.01555003422853275
-508.0425110642663,0.01836396654149468
-508.0324326673129,0.02163210636568234
-508.0223542703595,0.02541723474638709
-508.0122758734061,0.02978893409523353
-508.0021974764527,0.0348240117459635
-507.9921190794993,0.04060689766876478
-507.9820406825459,0.04723000535631171
-507.9719622855925,0.05479404373097242
-507.961883888639,0.06340826682874336
-507.9518054916856,0.07319064703000788
-507.9417270947322,0.08426795677220404
-507.9316486977788,0.09677574303971345
-507.9215703008254,0.1108581785283331
-507.911491903872,0.1266677732729203
-507.9014135069186,0.1443649307539377
-507.8913351099651,0.1641173331064007
-507.8812567130117,0.1860991410841194
-507.8711783160583,0.2104899959186868
-507.8610999191048,0.2374738121846164
-507.8510215221515,0.2672373532584488
-507.8409431251981,0.2999685839485752
-507.8308647282446,0.3358547983693046
-507.8207863312912,0.3750805251183819
-507.8107079343378,0.4178252162572615
-507.8006295373844,0.4642607314369293
-507.7905511404309,0.5145486336909164
-507.7804727434776,0.5688373188462034
-507.7703943465241,0.6272590060802362
-507.7603159495707,0.6899266227609409
-507.7502375526174,0.7569306222153575
-507.7401591556639,0.8283357783386489
-507.7300807587104,0.9041780058275743
-507.7200023617571,0.9844612591448355
-507.7099239648036,1.069154566935767
-507.6998455678502,1.158189261372929
-507.6897671708969,1.251456463651837
-507.6796887739434,1.348804887470259
-507.66961037699,1.450039021680335
-507.6595319800366,1.554917751316869
-507.6494535830832,1.663153472813481
-507.6393751861297,1.774411754390461
-507.6292967891764,1.888311586338103
-507.6192183922229,2.004426258269976
-507.6091399952695,2.12228489146318
-507.5990615983161,2.24137464425938
-507.5889832013627,2.36114359733165
-507.5789048044092,2.48100431362599
-507.5688264074559,2.600338055194155
-507.5587480105024,2.718499626206795
-507.548669613549,2.834822798456813
-507.5385912165956,2.948626262932545
-507.5285128196422,3.059220038868134
-507.5184344226888,3.16591226037377
-507.5083560257354,3.268016250612419
-507.4982776287819,3.364857784806206
-507.4881992318285,3.455782436382372
-507.4781208348751,3.540162895529135
-507.4680424379217,3.61740614650719
-507.4579640409682,3.686960389385948
-507.4478856440149,3.748321593524083
-507.4378072470615,3.80103957411316
-507.427728850108,3.844723489413282
-507.4176504531546,3.879046664832976
-507.4075720562012,3.903750660585828
-507.3974936592477,3.918648512082501
-507.3874152622944,3.923627086227646
-507.377336865341,3.923627086227646
-507.3672584683875,3.918648512082501
-507.3571800714341,3.903750660585828
-507.3471016744807,3.879046664832976
-507.3370232775273,3.844723489413282
-507.3269448805738,3.80103957411316
-507.3168664836205,3.748321593524083
-507.306788086667,3.686960389385948
-507.2967096897136,3.61740614650719
-507.2866312927603,3.540162895529135
-507.2765528958068,3.455782436382372
-507.2664744988534,3.364857784806206
-507.2563961019,3.268016250612419
-507.2463177049465,3.16591226037377
-507.2362393079931,3.059220038868134
-507.2261609110398,2.948626262932545
-507.2160825140863,2.834822798456813
-507.2060041171329,2.718499626206795
-507.1959257201795,2.600338055194155
-507.1858473232261,2.481138355323735
-507.1757689262726,2.361311842616676
-507.1656905293192,2.241585285332163
-507.1556121323658,2.12254794272358
-507.1455337354124,2.004753926918225
-507.135455338459,1.888718710207379
-507.1253769415056,1.774916317407236
-507.1152985445521,1.663777209713166
-507.1052201475988,1.555686854543339
-507.0951417506453,1.450984964756345
-507.0850633536919,1.349965380524404
-507.0749849567385,1.252876558204726
-507.0649065597851,1.159922622892807
-507.0548281628317,1.071264935038285
-507.0447497658783,0.9870241165924702
-507.0346713689249,0.907282478634126
-507.0245929719714,0.8320867902485118
-507.014514575018,0.7614513275441891
-507.0044361780646,0.6953611419848651
-506.9943577811111,0.6337754885691846
-506.9842793841578,0.5766313566717307
-506.9742009872044,0.5238470494131465
-506.9641225902509,0.4753257610989084
-506.9540441932976,0.4309591063958232
-506.9439657963441,0.3906305593469146
-506.9338873993907,0.3542187649107993
-506.9238090024372,0.3216006903142575
-506.9137306054839,0.2926545880048358
-506.9036522085304,0.2672627462798499
-506.893573811577,0.2453140076646503
-506.8834954146236,0.2267060387528842
-506.8734170176702,0.2113473384627124
-506.8633386207167,0.1991589744849102
-506.8532602237634,0.1900760401016637
-506.8431818268099,0.184048825558341
-506.8331034298565,0.1810436998119175
-506.8230250329032,0.1810436998119175
-506.8129466359497,0.184048825558341
-506.8028682389963,0.1900760401016637
-506.7927898420429,0.1991589744849102
-506.7827114450894,0.2113473384627124
-506.772633048136,0.2267060387528842
-506.7625546511827,0.2453140076646503
-506.7524762542292,0.2672627462798499
-506.7423978572758,0.2926545880048358
-506.7323194603224,0.3216006903142575
-506.722241063369,0.3542187649107993
-506.7121626664155,0.3906305593469146
-506.7020842694621,0.4309591063958232
-506.6920058725087,0.4753257610989084
-506.6819274755553,0.5238470494131465
-506.671849078602,0.5766313566717307
-506.6617706816485,0.6337754885691846
-506.6516922846951,0.6953611419848651
-506.6416138877417,0.7614513275441891
-506.6315354907882,0.8320867902485118
-506.6214570938348,0.907282478634126
-506.6113786968814,0.9870241165924702
-506.601300299928,1.071264935038285
-506.5912219029746,1.159922622892807
-506.5811435060212,1.252876558204726
-506.5710651090678,1.349965380524404
-506.5609867121143,1.450984964756345
-506.5509083151609,1.555686854543339
-506.5408299182075,1.663777209713166
-506.530751521254,1.774916317407236
-506.5206731243007,1.888718710207379
-506.5105947273473,2.004753926918225
-506.5005163303938,2.12254794272358
-506.4904379334404,2.241585285332163
-506.480359536487,2.361311842616676
-506.4702811395336,2.481138355323735
-506.4602027425801,2.600338055194155
-506.4501243456268,2.718499626206795
-506.4400459486733,2.834822798456813
-506.4299675517199,2.948626262932545
-506.4198891547665,3.059220038868134
-506.4098107578131,3.16591226037377
-506.3997323608596,3.268016250612419
-506.3896539639063,3.364857784806206
-506.3795755669528,3.455916478080118
-506.3694971699994,3.540331140814162
-506.3594187730461,3.617616787579974
-506.3493403760926,3.687223440646346
-506.3392619791392,3.748649262172332
-506.3291835821858,3.801446697982437
-506.3191051852323,3.845228052430059
-506.3090267882789,3.87967040173266
-506.2989483913256,3.904519763812299
-506.2888699943721,3.919594455158511
-506.2787915974187,3.924921620979537
-506.2687132004653,3.925215426065561
-506.2586348035119,3.920592514675163
-506.2485564065584,3.906124079948745
-506.2384780096051,3.88193719092886
-506.2283996126516,3.84823508608911
-506.2183212156982,3.8052951490398
-506.2082428187448,3.753466035752598
-506.1981644217914,3.693164011836342
-506.188086024838,3.624868572072149
-506.1780076278846,3.549117426408809
-506.1679292309311,3.466500946657491
-506.1578508339777,3.377656175988064
-506.1477724370243,3.283260508853498
-506.1376940400709,3.184025152049937
-506.1276156431175,3.080688478216181
-506.1175372461641,2.974009381208091
-506.1074588492107,2.864760738532032
-506.0973804522572,2.753723079525953
-506.0873020553038,2.641678549429067
-506.0772236583504,2.529405249120282
-506.0671452613969,2.417672018410192
-506.0570668644436,2.307233717652331
-506.0469884674902,2.198827048430485
-506.0369100705367,2.093166939528516
-506.0268316735833,1.990943509651802
-506.0167532766299,1.892819603795856
-506.0066748796765,1.799428886088202
-505.996596482723,1.711374458685023
-505.9865180857697,1.629227964180237
-505.9764396888162,1.553529118245424
-505.9663612918628,1.484785610092268
-505.9562828949095,1.423473301022588
-505.946204497956,1.370036645949127
-505.9361261010026,1.324889259433292
-505.9260477040492,1.288414546548354
-505.9159693070957,1.260966319747667
-505.9058909101423,1.242869325862072
-505.895812513189,1.234419612291123
-505.8857341162355,1.235884668271103
-505.8756557192821,1.24750328564352
-505.8655773223287,1.269485093621239
-505.8554989253753,1.302009733435852
-505.8454205284218,1.345225651202819
-505.8353421314685,1.399248500592188
-505.825263734515,1.464159160656529
-505.8151853375616,1.540001388145454
-505.8051069406082,1.626779137521666
-505.7950285436548,1.724453595377645
-505.7849501467013,1.832939988728545
-505.774871749748,1.952104238426873
-505.7647933527945,2.081759539422863
-505.7547149558411,2.221662958514509
-505.7446365588877,2.37151214735073
-505.7345581619343,2.530942273557172
-505.7244797649809,2.699523275768823
-505.7144013680275,2.876757548937881
-505.704322971074,3.062078164444819
-505.6942445741206,3.254847725227691
-505.6841661771672,3.454357949363281
-505.6740877802138,3.659830066339798
-505.6640093832603,3.870416098765013
-505.653930986307,4.085201088620455
-505.6438525893536,4.303206311618897
-505.6337741924001,4.523393506016681
-505.6236957954467,4.744670123688689
-505.6136173984933,4.965895591747732
-505.6035390015398,5.185888552872279
-505.5934606045864,5.403435032214161
-505.5833822076331,5.617297458727565
-505.5733038106796,5.826224449436252
-505.5632254137262,6.028961246980653
-505.5531470167728,6.224260684190293
-505.5430686198194,6.410894534816667
-505.5329902228659,6.587799139007473
-505.5229118259126,6.753585094240596
-505.5128334289591,6.907258642160753
-505.5027550320057,7.047784833914781
-505.4926766350524,7.174204947949015
-505.4825982380989,7.285646782277861
-505.4725198411455,7.381334180179683
-505.4624414441921,7.465574211710611
-505.4523630472386,7.537769704892171
-505.4422846502852,7.592426096274255
-505.4322062533319,7.629152488310888
-505.4221278563784,7.647687721096109
-505.412049459425,7.647903548915597
-505.4019710624716,7.629806295107826
-505.3918926655182,7.59353695867981
-505.3818142685647,7.539369772469025
-505.3717358716113,7.467709238951669
-505.3616574746579,7.384064269636595
-505.3515790777045,7.288940816112632
-505.3415006807512,7.178283393687194
-505.3314222837977,7.052752963032273
-505.3213438868443,6.913241944003647
-505.3112654898909,6.760730866707685
-505.3011870929374,6.596278282119459
-505.291108695984,6.421010049821275
-505.2810302990306,6.236108168242839
-505.2709519020772,6.042799315520807
-505.2608735051238,5.842343268460409
-505.2507951081704,5.636021363160819
-505.240716711217,5.425125153821563
-505.2306383142635,5.210945416312511
-505.2205599173101,4.994761630562549
-505.2104815203567,4.777832061053978
-505.2004031234032,4.561384538099039
-505.1903247264499,4.346608024553672
-505.1802463294965,4.134645033646693
-505.170167932543,3.926584944135962
-505.1600895355896,3.72345823951182
-505.1500111386362,3.526231678905229
-505.1399327416828,3.335804389152885
-505.1298543447293,3.153004850521212
-505.119775947776,2.978588733249797
-505.1096975508225,2.813237528647796
-505.0996191538691,2.657557907213455
-505.0895407569157,2.512081727336258
-505.0794623599623,2.377266611709147
-505.0693839630088,2.253497004685767
-505.0593055660555,2.141085622461135
-505.049227169102,2.04027520906712
-505.0391487721486,1.951240514629958
-505.0290703751953,1.874090417954134
-505.0189919782418,1.808870123043082
-505.0089135812884,1.755563368367461
-504.998835184335,1.714094598234747
-504.9887567873815,1.684331057160914
-504.9786783904281,1.666084780337572
-504.9685999934748,1.659114465757897
-504.9585215965213,1.663127225942153
-504.9484431995679,1.677780229126635
-504.9383648026145,1.702682250903111
-504.9282864056611,1.737395167298552
-504.9182080087076,1.781435428879277
-504.9081296117542,1.834275562401115
-504.8980512148008,1.895345751605325
-504.8879728178474,1.964035551826841
-504.8778944208941,2.03969579404012
-504.8678160239406,2.121640732778534
-504.8577376269872,2.209150489045141
-504.8476592300338,2.301473833963081
-504.8375808330803,2.397831351627534
-504.8275024361269,2.49741901060637
-504.8174240391735,2.599412163031386
-504.8073456422201,2.702969978507853
-504.7972672452667,2.807240307465336
-504.7871888483133,2.911364955424118
-504.7771104513599,3.014485336325497
-504.7670320544064,3.115748459946676
-504.756953657453,3.214313195868062
-504.7468752604996,3.309356744847331
-504.7367968635461,3.400081238125364
-504.7267184665928,3.48572037645759
-504.7166400696394,3.565546013804681
-504.706561672686,3.638874585855236
-504.6964832757325,3.705073281062115
-504.6864048787791,3.763565851765162
-504.6763264818257,3.813837965295019
-504.6662480848722,3.855441999688401
-504.6561696879189,3.888001195712649
-504.6460912909654,3.911213086150787
-504.636012894012,3.924852134532895
-504.6259344970587,3.928771528456162
-504.6158561001052,3.927882661154284
-504.6057777031518,3.922160108758329
-504.5956993061984,3.906641186681712
-504.5856209092449,3.881420084195893
-504.5755425122915,3.846667492005945
-504.5654641153382,3.802627913951076
-504.5553857183847,3.749616128275974
-504.5453073214313,3.687906332461957
-504.5352289244779,3.61817524973366
-504.5251505275245,3.54078663242882
-504.515072130571,3.456286999399148
-504.5049937336177,3.365264908675482
-504.4949153366642,3.268343919260668
-504.4848369397108,3.166175311634169
-504.4747585427574,3.059430679940918
-504.464680145804,2.948794508217571
-504.4546017488505,2.834956840154559
-504.4445233518972,2.718499626206795
-504.4344449549437,2.600338055194155
-504.4243665579903,2.48100431362599
-504.4142881610369,2.36114359733165
-504.4042097640835,2.24137464425938
-504.3941313671301,2.12228489146318
-504.3840529701767,2.004426258269976
-504.3739745732232,1.888311586338103
-504.3638961762698,1.774411754390461
-504.3538177793164,1.663153472813481
-504.343739382363,1.554917751316869
-504.3336609854096,1.450039021680335
-504.3235825884562,1.348804887470259
-504.3135041915028,1.251456463651837
-504.3034257945493,1.158189261372929
-504.2933473975959,1.069154566935767
-504.2832690006425,0.9844612591448355
-504.273190603689,0.9041780058275743
-504.2631122067356,0.8283357783386489
-504.2530338097823,0.7569306222153575
-504.2429554128288,0.6899266227609409
-504.2328770158754,0.6272590060802362
-504.222798618922,0.5688373188462034
-504.2127202219686,0.5145486336909164
-504.2026418250151,0.4642607314369293
-504.1925634280618,0.4178252162572615
-504.1824850311083,0.3750805251183819
-504.1724066341549,0.3358547983693046
-504.1623282372016,0.2999685839485752
-504.1522498402481,0.2672373532584488
-504.1421714432947,0.2374738121846164
-504.1320930463413,0.2104899959186868
-504.1220146493878,0.1860991410841194
-504.1119362524344,0.1641173331064007
-504.1018578554811,0.1443649307539377
-504.0917794585276,0.1266677732729203
-504.0817010615742,0.1108581785283331
-504.0716226646208,0.09677574303971345
-504.0615442676674,0.08426795677220404
-504.0514658707139,0.07319064703000788
-504.0413874737606,0.06340826682874336
-504.0313090768071,0.05479404373097242
-504.0212306798537,0.04723000535631171
-504.0111522829004,0.04060689766876478
-504.0010738859469,0.0348240117459635
-503.9909954889935,0.02978893409523353
-503.9809170920401,0.02541723474638709
-503.9708386950866,0.02163210636568234
-503.9607602981332,0.01836396654149468
-503.9506819011798,0.01555003422853275
-503.9406035042264,0.01313389013856164
-503.930525107273,0.01106502966197902
-503.9204467103196,0.009298415722230067
-503.9103683133662,0.007794037825527347
-503.9002899164127,0.006516482488948413
-503.8902115194593,0.005434519223924292
-503.8801331225059,0.004520705328831602
-503.8700547255524,0.003751011909862937
-503.8599763285991,0.003104472806551866
-503.8498979316457,0.002562857447634668
-503.8398195346922,0.002110368102517306
-503.8297411377388,0.001733361519878556
-503.8196627407854,0.001420094552888903
-503.809584343832,0.001160493054145691
-503.7995059468785,0.0009459430760100791
-503.7894275499252,0.000769103226470195
-503.7793491529717,0.0006237368996844711
-503.7692707560183,0.0005045630167758595
-503.7591923590649,0.000407123869276191
-503.7491139621115,0.0003276686482491695
-503.739035565158,0.0002630512603994264
-503.7289571682047,0.0002106410727836404
-503.7188787712512,0.0001682452850264519
-503.7088003742978,0.0001340416977456774
-503.6987219773445,0
-375.7232374628788,0.0001340416977456774
-375.7131590659254,0.0001682452850264519
-375.7030806689719,0.0002106410727836404
-375.6930022720185,0.0002630512603994264
-375.6829238750651,0.0003276686482491695
-375.6728454781117,0.000407123869276191
-375.6627670811583,0.0005045630167758595
-375.6526886842049,0.0006237368996844711
-375.6426102872515,0.000769103226470195
-375.632531890298,0.001214026471501434
-375.6224534933446,0.001496983624198595
-375.6123750963912,0.001975418396201861
-375.6022966994378,0.00242770932570386
-375.5922183024844,0.003110388169544964
-375.582139905531,0.004478610220341316
-375.5720615085775,0.005761218381760011
-375.5619831116242,0.007058356772878602
-375.5519047146707,0.008761723592107109
-375.5418263177173,0.01068995719197627
-375.5317479207639,0.01314677425389446
-375.5216695238104,0.01610630797260294
-375.5115911268571,0.0195291005806364
-375.5015127299037,0.02362560963009178
-375.4914343329502,0.02851666436627046
-375.4813559359968,0.03434232333700114
-375.4712775390434,0.04139850001173761
-375.46119914209,0.04963784291508217
-375.4511207451366,0.05951672205490662
-375.4410423481832,0.07104853805251685
-375.4309639512297,0.08462380482990123
-375.4208855542763,0.1007000946303965
-375.4108071573229,0.1194109626640589
-375.4007287603695,0.1412804332672509
-375.3906503634161,0.1670478920250575
-375.3805719664627,0.1967759148563373
-375.3704935695092,0.231275393892084
-375.3604151725559,0.2722872854429814
-375.3503367756024,0.3186858507584835
-375.340258378649,0.3721633091103169
-375.3301799816956,0.4336509158536474
-375.3201015847422,0.504311597555418
-375.3100231877888,0.5850443329886674
-375.2999447908354,0.6778703524924274
-375.2898663938819,0.7832491469205254
-375.2797879969285,0.9027357111052519
-375.2697095999751,1.038164549731163
-375.2596312030217,1.191290560790498
-375.2495528060683,1.364005887527274
-375.2394744091148,1.558342761976459
-375.2293960121614,1.776475213656412
-375.219317615208,2.020719471468411
-375.2092392182547,2.293532885503873
-375.1991608213012,2.597511197190004
-375.1890824243478,2.935383991373358
-375.1790040273944,3.310008172861214
-375.1689256304409,3.724359322872563
-375.1588472334876,4.181520807983557
-375.1487688365341,4.684670535593111
-375.1386904395807,5.237065275694496
-375.1286120426273,5.842022498719761
-375.1185336456739,6.502899713211928
-375.1084552487205,7.223071324733955
-375.0983768517671,8.005903078276708
-375.0882984548136,8.854724189881056
-375.0782200578602,9.772797318521421
-375.0681416609068,10.76328657566863
-375.0580632639534,11.82922381641642
-375.047984867,12.97347350159105
-375.0379064700466,14.19869646377206
-375.0278280730931,15.50731295050816
-375.0177496761397,16.90146535407718
-375.0076712791863,18.38298106780733
-374.9975928822329,19.95333593319737
-374.9875144852795,21.61361875890446
-374.9774360883261,23.36449740129159
-374.9673576913726,25.20618689600302
-374.9572792944192,27.13842012052308
-374.9472008974658,29.16042144865795
-374.9371225005124,31.27088382939865
-374.927044103559,33.46794968497828
-374.9169657066056,35.74919597669665
-374.9068873096521,38.11162373309434
-374.8968089126988,40.55165227440026
-374.8867305157453,43.06511830118828
-374.8766521187919,45.64727994537662
-374.8665737218385,48.29282580977661
-374.856495324885,50.99588895014114
-374.8464169279317,53.75006568292537
-374.8363385309783,56.54843903459377
-374.8262601340248,59.38360658606624
-374.8161817370714,62.2477124104218
-374.806103340118,65.13746132886686
-374.7960249431646,68.04416293044875
-374.7859465462112,70.95377403326545
-374.7758681492578,73.85693914734023
-374.7657897523043,76.74405939292787
-374.7557113553509,79.60534159341876
-374.7456329583976,82.4308485363994
-374.7355545614441,85.2105499961077
-374.7254761644907,87.9343741441451
-374.7153977675373,90.60221616362924
-374.7053193705838,93.20399944312014
-374.6952409736305,95.72470586729879
-374.685162576677,98.1544228249783
-374.6750841797236,100.4834162325371
-374.6650057827702,102.7270744604419
-374.6549273858168,104.8809622024859
-374.6448489888634,106.9108774799496
-374.63477059191,108.8028807412715
-374.6246921949565,110.5484504173901
-374.6146137980031,112.1395564883265
-374.6045354010497,113.57368973185
-374.5944570040963,114.8389371208153
-374.5843786071429,115.9240243875258
-374.5743002101894,116.8233778095082
-374.564221813236,117.5321879800112
-374.5541434162826,118.051427392845
-374.5440650193293,118.3778907360216
-374.5339866223758,118.5092051729007
-374.5239082254224,118.4438580273258
-374.513829828469,118.1762414349848
-374.5037514315155,117.7116442517506
-374.4936730345622,117.051290931582
-374.4835946376087,116.1923481986646
-374.4735162406553,115.1478776759574
-374.4634378437019,113.9218606682662
-374.4533594467485,112.5091851381118
-374.4432810497951,110.9554446374273
-374.4332026528417,109.2669934860278
-374.4231242558882,107.4109151877122
-374.4130458589348,105.3949468972375
-374.4029674619814,103.2325857895118
-374.392889065028,100.9330426503492
-374.3828106680746,98.52607634173121
-374.3727322711212,96.03190586507246
-374.3626538741677,93.4361725976878
-374.3525754772143,90.73984368456122
-374.3424970802609,87.95423324369425
-374.3324186833075,85.0909648285986
-374.3223402863541,82.16188750350364
-374.3122618894007,79.17898935900587
-374.3021834924472,76.15430951055208
-374.2921050954938,73.09984966813722
-374.2820266985404,70.02748638979467
-374.271948301587,66.94888513304535
-374.2618699046336,63.8754171973062
-374.2517915076802,60.81808060679954
-374.2417131107267,57.78742591884372
-374.2316347137734,54.7934878581939
-374.2215563168199,51.84572357650684
-374.2114779198665,48.95295821961607
-374.2013995229131,46.12333835707089
-374.1913211259596,43.36429369149821
-374.1812427290063,40.682507323134
-374.1711643320529,38.08389470071847
-374.1610859350994,35.57359124719113
-374.151007538146,33.15594851043245
-374.1409291411926,30.83453855863302
-374.1308507442392,28.61216621936051
-374.1207723472858,26.49088865331518
-374.1106939503323,24.47204165996836
-374.1006155533789,22.55627203417323
-374.0905371564255,20.7435752313687
-374.0804587594722,19.03333755464597
-374.0703803625187,17.42438204974378
-374.0603019655653,15.91501728358836
-374.0502235686119,14.50308818751724
-374.0401451716584,13.18602816669929
-374.0300667747051,11.96091171107889
-374.0199883777516,10.82450678878935
-374.0099099807982,9.773326358595932
-373.9998315838448,8.80367840162419
-373.9897531868914,7.911713942446172
-373.979674789938,7.093472603579392
-373.9695963929846,6.344925313708479
-373.9595179960311,5.662013866677105
-373.9494395990777,5.040687103871881
-373.9393612021243,4.476933565557401
-373.9292828051709,3.9668105257455
-373.9192044082175,3.506469389226941
-373.909126011264,3.092177487613005
-373.8990476143106,2.720336363000665
-373.8889692173572,2.387390152049221
-373.8788908204039,2.090285451293142
-373.8688124234504,1.825770219919897
-373.858734026497,1.590901691388056
-373.8486556295436,1.382915737831824
-373.8385772325901,1.199227988245017
-373.8284988356368,1.037432918094773
-373.8184204386833,0.8953011694817908
-373.8083420417299,0.7707753561741855
-373.7982636447765,0.6617515576996708
-373.7881852478231,0.5669691551801094
-373.7781068508697,0.4844774157225708
-373.7680284539163,0.4130797287027815
-373.7579500569628,0.3512409143780078
-373.7478716600094,0.2974962170559628
-373.737793263056,0.2516266090818092
-373.7277148661026,0.2124995177227748
-373.7176364691492,0.1789101611455134
-373.7075580721958,0.150355340176933
-373.6974796752423,0.1259411934173358
-373.6874012782889,0.1052193006572639
-373.6773228813355,0.08778386683902213
-373.6672444843821,0.07305717097377547
-373.6571660874287,0.06065121088063156
-373.6470876904753,0.05022780741441558
-373.6370092935218,0.04138665982042265
-373.6269308965684,0.03410851955477996
-373.616852499615,0.02793430899425321
-373.6067741026616,0.02291112773974533
-373.5966957057082,0.01874468521132449
-373.5866173087548,0.01519141197998851
-373.5765389118013,0.01236959735902272
-373.566460514848,0.01004693186671302
-373.5563821178945,0.007927093883416116
-373.5463037209411,0.006409977100850552
-373.5362253239877,0.005170291113462828
-373.5261469270342,0.0033077966403321
-373.5160685300809,0.00266323205258187
-373.5059901331275,0.002138838883521923
-373.495911736174,0.001713349582462732
-373.4858333392206,0.00126250857069954
-373.4757549422672,0.001006699058781291
-373.4656765453138,0.0002680833954913548
-373.4555981483604,0
-267.0378047172497,0.0001340416977456774
-267.0277263202963,0.0001682452850264519
-267.017647923343,0.0002106410727836404
-267.0075695263895,0.0003970929581451038
-266.9974911294361,0.0004959139332756215
-266.9874127324827,0.0007518066398055086
-266.9773343355292,0.0009358595622017378
-266.9672559385759,0.001162046620717281
-266.9571775416225,0.001439278356145812
-266.947099144669,0.001778174741035108
-266.9370207477156,0.002191353823106353
-266.9269423507622,0.002693760796134958
-266.9168639538088,0.003303041495573105
-266.9067855568554,0.004039964383133192
-266.896707159902,0.00492889507653365
-266.8866287629485,0.005998327380576113
-266.8765503659951,0.007281474565269148
-266.8664719690417,0.008950965994090503
-266.8563935720883,0.01081760541801992
-266.8463151751349,0.01304099291922966
-266.8362367781814,0.01568226722131024
-266.826158381228,0.01881161550426646
-266.8160799842746,0.02250934134903522
-266.8060015873212,0.02686701020478914
-266.7959231903678,0.0319886693393957
-266.7858447934144,0.03799213725547124
-266.7757663964609,0.04501035530248412
-266.7656879995075,0.05319279169104456
-266.7556096025542,0.06270688532817875
-266.7455312056007,0.07373951386005716
-266.7354528086473,0.08649846705916386
-266.7253744116939,0.1012139032648622
-266.7152960147404,0.1181397630298749
-266.7052176177871,0.1375551105026046
-266.6951392208337,0.1597653694611147
-266.6850608238802,0.1852374590936112
-266.6749824269268,0.2140987429987434
-266.6649040299734,0.2468475481876244
-266.65482563302,0.2839054638564972
-266.6447472360666,0.3257240191338872
-266.6346688391131,0.3727844824147757
-266.6245904421597,0.4255972546420619
-266.6145120452063,0.4847008086421369
-266.6044336482529,0.5506601281560899
-266.5943552512995,0.624064602918903
-266.5842768543461,0.7055253401230419
-266.5741984573926,0.7956718579368929
-266.5641200604392,0.8951481334841607
-266.5540416634859,1.004607985849282
-266.5439632665324,1.12470978424329
-266.533884869579,1.256110482393169
-266.5238064726256,1.39945899241264
-266.5137280756721,1.555388924736583
-266.5036496787188,1.724510734972756
-266.4935712817654,1.907403333515772
-266.4834928848119,2.10460522920825
-266.4734144878585,2.316605293910886
-266.4633360909051,2.543833250208809
-266.4532576939517,2.786649999258038
-266.4431792969983,3.04533791956308
-266.4331009000448,3.320091279861433
-266.4230225030914,3.611006919857731
-266.412944106138,3.918075360893063
-266.4028657091846,4.241172514369012
-266.3927873122312,4.580052158521014
-266.3827089152778,4.934339353648659
-266.3726305183243,5.303524961918471
-266.3625521213709,5.686961430185681
-266.3524737244176,6.083859982845456
-266.3423953274641,6.493289356521208
-266.3323169305107,6.91417618952523
-266.3222385335573,7.345307156682344
-266.3121601366038,7.785332914590493
-266.3020817396505,8.23277389410212
-266.2920033426971,8.686027946240957
-266.2819249457436,9.143379815500516
-266.2718465487902,9.603012381157967
-266.2617681518368,10.06301957359526
-266.2516897548834,10.52142083940663
-266.24161135793,10.97617699706994
-266.2315329609766,11.42520729495413
-266.2214545640231,11.86640745619247
-266.2113761670697,12.29766847119601
-266.2012977701163,12.7168958789761
-266.1912193731629,13.12202926356633
-266.1811409762095,13.51119572385456
-266.171062579256,13.88222698271898
-266.1609841823026,14.23338764934892
-266.1509057853492,14.56294461173227
-266.1408273883958,14.86928994107763
-266.1307489914424,15.1509558535885
-266.120670594489,15.41160660352792
-266.1105921975355,15.65005494797505
-266.1005138005821,15.86027211642967
-266.0904354036288,16.04636972796583
-266.0803570066753,16.20763229504183
-266.0702786097219,16.34350008775599
-266.0602002127685,16.45357159002215
-266.050121815815,16.53262555433358
-266.0400434188617,16.58061486222163
-266.0299650219083,16.59768459504946
-266.0198866249548,16.58416659165353
-266.0098082280014,16.54057206254945
-265.999729831048,16.46758243562789
-265.9896514340946,16.36603863484464
-265.9795730371412,16.23692901494648
-265.9694946401877,16.08137619135806
-265.9594162432343,15.90062301472057
-265.9493378462809,15.70099651826035
-265.9392594493275,15.48389792326832
-265.9291810523741,15.24578804101081
-265.9191026554207,14.98816829653778
-265.9090242584672,14.71258848244379
-265.8989458615138,14.42063359011678
-265.8888674645605,14.11391130087203
-265.878789067607,13.79404026766056
-265.8687106706536,13.46263929057793
-265.8586322737002,13.12131746111014
-265.8485538767467,12.77166532171522
-265.8384754797934,12.41524705970107
-265.82839708284,12.05359372811963
-265.8183186858865,11.68819746218593
-265.8082402889331,11.32050663809619
-265.7981618919797,10.95192190251419
-265.7880834950263,10.58379298577026
-265.7780050980729,10.2174162002116
-265.7679267011194,9.859011091432173
-265.757848304166,9.509723964360298
-265.7477699072126,9.165627265626377
-265.7376915102592,8.827714705914525
-265.7276131133058,8.496922911714172
-265.7175347163524,8.174131665542946
-265.7074563193989,7.86016406471309
-265.6973779224455,7.555786517898077
-265.6872995254922,7.261708515647136
-265.6772211285387,6.978582129189357
-265.6671427315853,6.707001210805663
-265.6570643346319,6.447500288170461
-265.6469859376784,6.200553163836379
-265.6369075407251,5.966571248947701
-265.6268291437717,5.745901676854423
-265.6167507468182,5.538825257144547
-265.6066723498648,5.345554343360297
-265.5965939529114,5.166230698022867
-265.586515555958,5.000923446335863
-265.5764371590046,4.849627214916538
-265.5663587620512,4.712260554033669
-265.5562803650977,4.588664741098198
-265.5462019681443,4.478603059612342
-265.5361235711909,4.381760641551896
-265.5260451742375,4.297744952411858
-265.5159667772841,4.226086987116658
-265.5058883803306,4.166243231959705
-265.4958099833772,4.117598433008913
-265.4857315864238,4.079469195344288
-265.4756531894704,4.051108420454482
-265.465574792517,4.031710571502007
-265.4554963955636,4.020417738372087
-265.4454179986101,4.01632645684844
-265.4353396016567,4.018495219305447
-265.4252612047034,4.025952598349485
-265.4151828077499,4.0377058902407
-265.4051044107965,4.052750172008301
-265.3950260138431,4.070077655230279
-265.3849476168896,4.088687210732788
-265.3748692199363,4.10759393217836
-265.3647908229829,4.125838602807027
-265.3547124260294,4.142496928565846
-265.344634029076,4.156688402548278
-265.3345556321226,4.16758467004369
-265.3244772351692,4.174551312185831
-265.3143988382158,4.176652887356485
-265.3043204412623,4.173368927573414
-265.2942420443089,4.164151056454216
-265.2841636473555,4.148533802351678
-265.2740852504021,4.126137841965278
-265.2640068534487,4.101650732162693
-265.2539284564953,4.074832944082297
-265.2438500595418,4.040518292414392
-265.2337716625884,3.998608770768013
-265.2236932656351,3.949094721681117
-265.2136148686816,3.892052547594507
-265.2035364717282,3.827534923704865
-265.1934580747748,3.756014793669186
-265.1833796778213,3.677670587903961
-265.173301280868,3.592775987079543
-265.1632228839146,3.502007749178624
-265.1531444869611,3.405622596433889
-265.1430660900077,3.304400196985723
-265.1329876930543,3.198791920685116
-265.1229092961009,3.089415286285814
-265.1128308991475,2.976912382095954
-265.1027525021941,2.862076467061846
-265.0926741052406,2.745342775638221
-265.0825957082872,2.6274914288057
-265.0725173113338,2.509192798410514
-265.0624389143804,2.391108051243892
-265.052360517427,2.273883730649018
-265.0422821204735,2.15814694949686
-265.0322037235201,2.044528753942201
-265.0221253265667,1.933606844428228
-265.0120469296133,1.825902816702118
-265.0019685326599,1.721933918306633
-264.9918901357065,1.622184149449267
-264.981811738753,1.527103515619376
-264.9717333417997,1.437107869914645
-264.9616549448463,1.352579294093015
-264.9515765478928,1.273866959010294
-264.9414981509394,1.201288398421031
-264.931419753986,1.135265166879181
-264.9213413570326,1.07582276101259
-264.9112629600792,1.023302528373655
-264.9011845631258,0.9779157439707378
-264.8911061661723,0.9398524280240705
-264.8810277692189,0.9092836267492759
-264.8709493722655,0.8863636131450053
-264.8608709753121,0.8712319502150156
-264.8507925783587,0.864042887244946
-264.8407141814052,0.8649132097301904
-264.8306357844518,0.8739236632541549
-264.8205573874984,0.891173927690973
-264.810478990545,0.9167559743708488
-264.8004005935916,0.9507546391178049
-264.7903221966382,0.993247894994812
-264.7802437996847,1.044306838112748
-264.7701654027313,1.103995407753527
-264.760087005778,1.172369869115212
-264.7500086088245,1.249612134742027
-264.7399302118711,1.335526917321229
-264.7298518149177,1.43025055651655
-264.7197734179642,1.53380182040593
-264.7096950210109,1.646187374485235
-264.6996166240575,1.767400755459877
-264.689538227104,1.897421415414911
-264.6794598301506,2.036213878005355
-264.6693814331972,2.183727043787179
-264.6593030362438,2.339893676104996
-264.6492246392904,2.504764133910087
-264.6391462423369,2.678138363685511
-264.6290678453835,2.859773912438982
-264.6189894484301,3.049648016969287
-264.6089110514767,3.247616662838889
-264.5988326545233,3.453656075690283
-264.5887542575699,3.66736188592664
-264.5786758606164,3.88866025598427
-264.568597463663,4.117361187530447
-264.5585190667097,4.353266611741375
-264.5484406697562,4.596172006225274
-264.5383622728028,4.845868009557138
-264.5282838758494,5.102141982442593
-264.5182054788959,5.364779464974497
-264.5081270819426,5.633565481592242
-264.4980486849892,5.90828564917425
-264.4879702880357,6.188727049107229
-264.4778918910823,6.474678831044813
-264.4678134941289,6.765932524203223
-264.4577350971755,7.062282041204536
-264.4476567002221,7.363523369388667
-264.4375783032687,7.66945395485831
-264.4274999063152,7.979871794957615
-264.4174215093618,8.294574265061888
-264.4073431124084,8.618335289261374
-264.397264715455,8.950908731456542
-264.3871863185016,9.287027150539481
-264.3771079215481,9.626395968249788
-264.3670295245947,9.968714001581146
-264.3569511276413,10.31367257394313
-264.3468727306879,10.66084815760912
-264.3367943337345,11.01014980320747
-264.3267159367811,11.36110875369704
-264.3166375398276,11.71338002683831
-264.3065591428742,12.06660819914159
-264.2964807459209,12.42042746247044
-264.2864023489674,12.77446192677696
-264.276323952014,13.1283261737662
-264.2662455550606,13.48162605528334
-264.2561671581071,13.8339597189671
-264.2460887611538,14.18491883262087
-264.2360103642004,14.53408996823236
-264.2259319672469,14.88105609703286
-264.2158535702935,15.22539813882098
-264.2057751733401,15.56669650234134
-264.1956967763867,15.9045325491223
-264.1856183794333,16.2434684852394
-264.1755399824798,16.58305344421937
-264.1654615855264,16.91782478716455
-264.155383188573,17.24730455101513
-264.1453047916196,17.57102188348492
-264.1352263946662,17.88851357432141
-264.1251479977128,18.19932406473375
-264.1150696007593,18.50798348123509
-264.1049912038059,18.81401151643224
-264.0949128068526,19.11191625844177
-264.0848344098991,19.40118798989386
-264.0747560129457,19.68131889717387
-264.0646776159923,19.95180091088358
-264.0545992190388,20.21212317665912
-264.0445208220855,20.4617692481327
-264.0344424251321,20.70021411038798
-264.0243640281786,20.92692115629061
-264.0142856312252,21.14631782318873
-264.0042072342718,21.35779786325795
-263.9941288373184,21.55571948416265
-263.984050440365,21.73939949527589
-263.9739720434115,21.90813448915434
-263.9638936464581,22.06120133912646
-263.9538152495047,22.1978585396242
-263.9437368525513,22.3173484737808
-263.9336584555979,22.42387924732894
-263.9235800586445,22.51663396356711
-263.913501661691,22.58977654895092
-263.9034232647376,22.64245411113237
-263.8933448677843,22.67382668254724
-263.8832664708308,22.68307643452162
-263.8731880738774,22.66941767790062
-263.863109676924,22.63210751446325
-263.8530312799705,22.57045697965246
-263.8429528830172,22.48384249625915
-263.8328744860638,22.37669601543154
-263.8227960891103,22.24852146634138
-263.8127176921569,22.09390638680454
-263.8026392952035,21.91252850230429
-263.7925608982501,21.70418792129215
-263.7824825012967,21.46881688130225
-263.7724041043433,21.20648825108334
-263.7623257073898,20.91742258574955
-263.7522473104364,20.60199355458247
-263.742168913483,20.26073158825408
-263.7320905165296,19.8993041974303
-263.7220121195762,19.52349928144559
-263.7119337226227,19.12922830057936
-263.7018553256693,18.71251838269912
-263.6917769287159,18.27452427244624
-263.6816985317625,17.82152180367064
-263.6716201348091,17.35490439126968
-263.6615417378557,16.87117316848953
-263.6514633409022,16.3719209044093
-263.6413849439488,15.85884076797876
-263.6313065469955,15.3337122938818
-263.621228150042,14.79838618882518
-263.6111497530886,14.25476821138247
-263.6010713561352,13.70480237388417
-263.5909929591817,13.15045372489922
-263.5809145622284,12.59369097545411
-263.570836165275,12.03646923127907
-263.5607577683215,11.48071308718663
-263.5506793713681,10.92830032843941
-263.5406009744147,10.38104646803203
-263.5305225774613,9.840690328684492
-263.5204441805079,9.308880854599449
-263.5103657835544,8.787165311321138
-263.500287386601,8.276979003050155
-263.4902089896476,7.779530085521332
-263.4801305926942,7.296240751447685
-263.4700521957408,6.828032178831472
-263.4599737987874,6.375822993076711
-263.4498954018339,5.940393419853475
-263.4398170048805,5.522385124296188
-263.4297386079272,5.122302618509377
-263.4196602109737,4.740516138555291
-263.4095818140203,4.377265872752557
-263.3995034170669,4.032667407162444
-263.3894250201134,3.706718241723733
-263.3793466231601,3.399305221668204
-263.3692682262067,3.110212723566947
-263.3591898292532,2.839131433499942
-263.3491114322998,2.585667556211524
-263.3390330353464,2.3493522984523
-263.328954638393,2.129651476702068
-263.3188762414396,1.925975108766472
-263.3087978444862,1.737686859963358
-263.2987194475327,1.564113227368342
-263.2886410505793,1.404552359474706
-263.2785626536259,1.258282423248757
-263.2684842566725,1.124462924829133
-263.2584058597191,1.00259013534346
-263.2483274627656,0.8917939327105203
-263.2382490658122,0.7913457758135694
-263.2281706688589,0.7005299962260496
-263.2180922719054,0.6186484511916145
-263.208013874952,0.5450245042825236
-263.1979354779986,0.4788998308711691
-263.1878570810451,0.4198852841541815
-263.1777786840918,0.3672532091660492
-263.1677002871384,0.3204409892490929
-263.1576218901849,0.2789180692420267
-263.1475434932315,0.2421865489181557
-263.1374650962781,0.209781353662516
-263.1273866993247,0.1812700317497372
-263.1173083023713,0.1562522272947211
-263.1072299054179,0.1343588768180806
-263.0971515084644,0.1151446548011091
-263.087073111511,0.09853492139501992
-263.0769947145576,0.08411456725176984
-263.0669163176042,0.07162853861187476
-263.0568379206508,0.06084627782524465
-263.0467595236973,0.05156015713958995
-263.0366811267439,0.04358389158780678
-263.0266027297905,0.03675095484114347
-263.0165243328371,0.0308064976190186
-263.0064459358837,0.02585399507790454
-262.9963675389303,0.02164399111441939
-262.9862891419768,0.01807469597770046
-262.9762107450234,0.01505664641121834
-262.9661323480701,0.01251148139138411
-262.9560539511166,0.01037079603447569
-262.9459755541632,0.008575076024011103
-262.9358971572098,0.007072713267656848
-262.9258187602563,0.005819102111332138
-262.915740363303,0.004669293577790438
-262.9056619663496,0.00382541440499758
-262.8955835693961,0.003126201646033221
-262.8855051724427,0.002548394469349234
-262.8754267754893,0.002072179940197742
-262.8653483785359,0.00168073559353544
-262.8552699815825,0.001359823135118791
-262.845191584629,0.001097429232867538
-262.8351131876756,0.0008834493745859518
-262.8250347907222,0.0007094108520483203
-262.8149563937688,0.0004617103459948469
-262.8048779968154,0.0002630512603994264
-262.794799599862,0.0002106410727836404
-262.7847212029085,0.0001682452850264519
-262.7746428059551,0.0001340416977456774
-262.7645644090018,0
-173.338948241349,0.0001340416977456774
-173.3288698443957,0.0004363286805178067
-173.3187914474422,0.0005471316428365442
-173.3087130504888,0.0006843334059667073
-173.2986346535354,0.0008537711690480222
-173.288556256582,0.001330544561265885
-173.2784778596286,0.0019233847208725
-173.2683994626751,0.002926802439839084
-173.2583210657218,0.003905026227802434
-173.2482426687683,0.004844644207435127
-173.2381642718149,0.00639757652161859
-173.2280858748615,0.008174050797650628
-173.2180074779081,0.01048452211382098
-173.2079290809547,0.01304448467983016
-173.1978506840012,0.01616107855658884
-173.1877722870478,0.01981169571071774
-173.1776938900944,0.02422774656082709
-173.167615493141,0.0295559279117776
-173.1575370961876,0.03596801849285867
-173.1474586992342,0.04366454048846907
-173.1373803022807,0.05287883367195174
-173.1273019053274,0.06388156592283067
-173.1172235083739,0.07698570083563587
-173.1071451114205,0.09255193895671847
-173.0970667144671,0.1109946437810626
-173.0869883175137,0.1327882568761164
-173.0769099205603,0.1584741982558212
-173.0668315236069,0.1886682383022044
-173.0567531266534,0.2240683160422755
-173.0466747297,0.2654627653805989
-173.0365963327466,0.3137388959438975
-173.0265179357932,0.3698918585367957
-173.0164395388398,0.4350337069106308
-173.0063611418863,0.5104025477404573
-172.996282744933,0.5973716495832176
-172.9862043479795,0.6974583594168285
-172.9761259510261,0.8123326524747709
-172.9660475540727,0.9438251179114184
-172.9559691571193,1.093934159857344
-172.9458907601659,1.26483217122849
-172.9358123632124,1.45887041689161
-172.9257339662591,1.67858234418425
-172.9156555693056,1.926819064822629
-172.9055771723522,2.206246652044623
-172.8954987753988,2.520052735912444
-172.8854203784454,2.871492333545038
-172.875341981492,3.264119288868369
-172.8652635845385,3.701271764790174
-172.8551851875851,4.186765827136249
-172.8451067906317,4.724561164742967
-172.8350283936783,5.31874345602153
-172.8249499967249,5.973101790761438
-172.8148715997715,6.691271072734325
-172.804793202818,7.47758617165136
-172.7947148058647,8.33628343816598
-172.7846364089112,9.270770442528075
-172.7745580119578,10.28499568693025
-172.7644796150044,11.38249868052902
-172.754401218051,12.56656609117864
-172.7443228210976,13.84017208484024
-172.7342444241442,15.20605057426224
-172.7241660271907,16.66613007581744
-172.7140876302373,18.22217982263297
-172.7040092332839,19.87529833371439
-172.6939308363305,21.62595811634434
-172.6838524393771,23.47394639703061
-172.6737740424236,25.41830956396241
-172.6636956454703,27.45730252199093
-172.6536172485168,29.58834417861257
-172.6435388515634,31.80798027323755
-172.63346045461,34.1118547302308
-172.6233820576566,36.49469065735117
-172.6133036607032,38.95028202439017
-172.6032252637497,41.47149694175483
-172.5931468667964,44.05029331587659
-172.5830684698429,46.67774748882192
-172.5729900728895,49.34409627524578
-172.5629116759361,52.03879259354942
-172.5528332789827,54.75057465319936
-172.5427548820293,57.46754841075122
-172.5326764850758,60.17728274796058
-172.5225980881224,62.86691656173597
-172.512519691169,65.5232766933342
-172.5024412942156,68.13300536914014
-172.4923628972622,70.68269558379482
-172.4822845003088,73.15903263452651
-172.4722061033553,75.54893981930974
-172.462127706402,77.83972614660657
-172.4520493094485,80.01923377609884
-172.4419709124951,82.07598282250704
-172.4318925155417,83.99931111199302
-172.4218141185883,85.78448505964975
-172.4117357216349,87.43278429720679
-172.4016573246815,88.93162256028565
-172.391578927728,90.26464091613504
-172.3815005307746,91.42680231041932
-172.3714221338212,92.42445686313893
-172.3613437368678,93.26535507282401
-172.3512653399144,93.95859883369866
-172.3411869429609,94.50461616967688
-172.3311085460076,94.88519311562192
-172.3210301490541,95.10840272252567
-172.3109517521007,95.18860291567141
-172.3008733551473,95.13135585465214
-172.2907949581939,94.93832010260489
-172.2807165612405,94.60718620807411
-172.270638164287,94.14159259626439
-172.2605597673337,93.5460541386412
-172.2504813703802,92.83083587065835
-172.2404029734268,92.00682165024085
-172.2303245764734,91.08535398212433
-172.22024617952,90.07806920437424
-172.2101677825666,88.99673088997557
-172.2000893856131,87.85306434061658
-172.1900109886597,86.65859501532474
-172.1799325917063,85.4244936443322
-172.1698541947529,84.1614306306784
-172.1597757977995,82.87944214211937
-172.1496974008461,81.58781004862495
-172.1396190038926,80.29495757188209
-172.1295406069393,79.00836218949094
-172.1194622099858,77.7344869853648
-172.1093838130324,76.47873126722163
-172.099305416079,75.24540089030197
-172.0892270191256,74.03769834203746
-172.0791486221722,72.85773226371852
-172.0690702252188,71.70654572038181
-172.0589918282653,70.58416218681673
-172.0489134313119,69.489647902776
-172.0388350343585,68.42118897038411
-172.0287566374051,67.37618132663913
-172.0186782404517,66.35133152804495
-172.0085998434982,65.34276613591204
-171.9985214465449,64.35112596583605
-171.9884430495914,63.37169067413404
-171.978364652638,62.39450041452206
-171.9682862556846,61.414472246374
-171.9582078587312,60.43151854395444
-171.9481294617778,59.44066531144302
-171.9380510648244,58.43215900211872
-171.927972667871,57.40653869592163
-171.9178942709175,56.37468660544456
-171.9078158739641,55.3428561550046
-171.8977374770107,54.29274886214003
-171.8876590800573,53.20657748277052
-171.8775806831039,52.09211696914166
-171.8675022861504,50.94780932449491
-171.857423889197,49.76278136217782
-171.8473454922436,48.5368399351683
-171.8372670952902,47.27050696762488
-171.8271886983368,45.9649993629304
-171.8171103013834,44.6271761512298
-171.8070319044299,43.2595018153248
-171.7969535074766,41.85999613213986
-171.7868751105231,40.43217187248802
-171.7767967135697,38.97999267475655
-171.7667183166163,37.50780470939267
-171.7566399196629,36.02026501937655
-171.7465615227095,34.52226797606492
-171.7364831257561,33.01887124204503
-171.7264047288026,31.51522255973567
-171.7163263318492,30.01648858947768
-171.7062479348958,28.52778690715641
-171.6961695379424,27.05412214260826
-171.686091140989,25.6003270999206
-171.6760127440355,24.17100955299974
-171.6659343470822,22.77050525814861
-171.6558559501287,21.4028375734011
-171.6457775531753,20.07168392530911
-171.6356991562219,18.78034922077646
-171.6256207592685,17.5317461670363
-171.6155423623151,16.32838233923564
-171.6054639653617,15.17235372416296
-171.5953855684083,14.06534437183624
-171.5853071714548,13.00863170492775
-171.5752287745014,12.00309696987568
-171.565150377548,11.04924026315513
-171.5550719805946,10.14719953130497
-171.5449935836412,9.296772923346566
-171.5349151866877,8.497443868303142
-171.5248367897343,7.748408257502367
-171.5147583927809,7.048603129888416
-171.5046799958275,6.396629766482701
-171.4946015988741,5.791018826056631
-171.4845232019207,5.230446803257005
-171.4744448049672,4.712847820525628
-171.4643664080139,4.23631205645744
-171.4542880110604,3.798631884222629
-171.444209614107,3.39801087273475
-171.4341312171536,3.032138390481244
-171.4240528202002,2.69937564051462
-171.4139744232468,2.397568739094287
-171.4038960262934,2.124067394372367
-171.3938176293399,1.877340054853362
-171.3837392323865,1.655166971287573
-171.3736608354331,1.455976205582401
-171.3635824384797,1.27766743202491
-171.3535040415263,1.118595982074116
-171.3434256445728,0.9769689328359671
-171.3333472476195,0.8512173873573392
-171.323268850666,0.7398652244440933
-171.3131904537126,0.6415304840152708
-171.3031120567592,0.5549255090145675
-171.2930336598058,0.4788560050589035
-171.2829552628524,0.4122191747590109
-171.272876865899,0.3540010771408493
-171.2627984689455,0.3032733542652565
-171.2527200719921,0.2591894574045092
-171.2426416750387,0.22098049438028
-171.2325632780853,0.1879508082577481
-171.2224848811319,0.1594733858488046
-171.2124064841784,0.1349851826877924
-171.202328087225,0.1139824395498791
-171.1922496902716,0.09601605438842163
-171.1821712933182,0.08068706293750522
-171.1720928963648,0.06764227128572127
-171.1620144994114,0.05657007456884396
-171.151936102458,0.04719648761237979
-171.1418577055045,0.03928140591184559
-171.1317793085512,0.03261510877650074
-171.1217009115977,0.02701501076786576
-171.1116225146443,0.02232266270747004
-171.1015441176909,0.01840099946522317
-171.0914657207375,0.01513182841680154
-171.0813873237841,0.01230702909024869
-171.0713089268307,0.01007466270959514
-171.0612305298772,0.008227333550003798
-171.0511521329238,0.006702534411296244
-171.0410737359704,0.005340642700615676
-171.030995339017,0.004331809838005927
-171.0209169420636,0.003505043062617239
-171.0108385451101,0.002722691298960418
-171.0007601481568,0.001874170690045964
-170.9906817512033,0.001190385372037476
-170.9806033542499,0.0009602274697373749
-170.9705249572965,0.0007726464122672142
-170.9604465603431,0.000407123869276191
-170.9503681633897,0.0003276686482491695
-170.9402897664363,0.0002630512603994264
-170.9302113694828,0.0002106410727836404
-170.9201329725294,0.0001682452850264519
-170.910054575576,0.0001340416977456774
-170.8999761786226,0
-89.67817513104987,0.0001340416977456774
-89.66809673409644,0.0001682452850264519
-89.65801833714303,0.0002106410727836404
-89.64793994018962,0.0002630512603994264
-89.6378615432362,0.0003276686482491695
-89.62778314628279,0.000407123869276191
-89.61770474932936,0.0005045630167758595
-89.60762635237596,0.0006237368996844711
-89.59754795542253,0.000769103226470195
-89.58746955846912,0.0009459430760100791
-89.57739116151572,0.001160493054145691
-89.56731276456229,0.001420094552888903
-89.55723436760888,0.001733361519878556
-89.54715597065545,0.002110368102517306
-89.53707757370205,0.002562857447634668
-89.52699917674863,0.003104472806551866
-89.51692077979521,0.003751011909862937
-89.50684238284181,0.004520705328831602
-89.49676398588838,0.005434519223924292
-89.48668558893498,0.006516482488948413
-89.47660719198156,0.007794037825527347
-89.46652879502814,0.009298415722230067
-89.45645039807472,0.01106502966197902
-89.4463720011213,0.01313389013856164
-89.4362936041679,0.01555003422853275
-89.42621520721448,0.01836396654149468
-89.41613681026107,0.02163210636568234
-89.40605841330765,0.02541723474638709
-89.39598001635424,0.02978893409523353
-89.38590161940083,0.0348240117459635
-89.37582322244741,0.04060689766876478
-89.36574482549399,0.04723000535631171
-89.35566642854057,0.05479404373097242
-89.34558803158717,0.06340826682874336
-89.33550963463374,0.07319064703000788
-89.32543123768033,0.08426795677220404
-89.31535284072692,0.09677574303971345
-89.3052744437735,0.1108581785283331
-89.2951960468201,0.1266677732729203
-89.28511764986666,0.1443649307539377
-89.27503925291326,0.1641173331064007
-89.26496085595983,0.1860991410841194
-89.25488245900642,0.2104899959186868
-89.24480406205301,0.2374738121846164
-89.23472566509959,0.2672373532584488
-89.22464726814619,0.2999685839485752
-89.21456887119275,0.3358547983693046
-89.20449047423935,0.3750805251183819
-89.19441207728593,0.4178252162572615
-89.18433368033251,0.4642607314369293
-89.17425528337911,0.5145486336909164
-89.16417688642568,0.5688373188462034
-89.15409848947228,0.6272590060802362
-89.14402009251886,0.6899266227609409
-89.13394169556544,0.7569306222153575
-89.12386329861202,0.8283357783386489
-89.1137849016586,0.9041780058275743
-89.1037065047052,0.9844612591448355
-89.09362810775178,1.069154566935767
-89.08354971079837,1.158189261372929
-89.07347131384495,1.251456463651837
-89.06339291689154,1.348804887470259
-89.05331451993811,1.450039021680335
-89.04323612298471,1.554917751316869
-89.03315772603129,1.663153472813481
-89.02307932907787,1.774411754390461
-89.01300093212447,1.888311586338103
-89.00292253517104,2.004426258269976
-88.99284413821763,2.12228489146318
-88.98276574126422,2.24137464425938
-88.9726873443108,2.36114359733165
-88.9626089473574,2.48100431362599
-88.95253055040396,2.600338055194155
-88.94245215345056,2.718499626206795
-88.93237375649713,2.834822798456813
-88.92229535954372,2.948626262932545
-88.91221696259031,3.059220038868134
-88.90213856563689,3.16591226037377
-88.89206016868349,3.268016250612419
-88.88198177173005,3.364857784806206
-88.87190337477665,3.455782436382372
-88.86182497782323,3.540162895529135
-88.85174658086981,3.61740614650719
-88.84166818391641,3.686960389385948
-88.83158978696298,3.748321593524083
-88.82151139000958,3.80103957411316
-88.81143299305616,3.844723489413282
-88.80135459610274,3.879046664832976
-88.79127619914932,3.903750660585828
-88.7811978021959,3.918648512082501
-88.7711194052425,3.923627086227646
-88.76104100828908,3.923627086227646
-88.75096261133567,3.918648512082501
-88.74088421438225,3.903750660585828
-88.73080581742884,3.879046664832976
-88.72072742047541,3.844723489413282
-88.71064902352201,3.80103957411316
-88.70057062656859,3.748321593524083
-88.69049222961517,3.686960389385948
-88.68041383266177,3.61740614650719
-88.67033543570834,3.540162895529135
-88.66025703875493,3.455782436382372
-88.65017864180152,3.364857784806206
-88.6401002448481,3.268016250612419
-88.6300218478947,3.16591226037377
-88.61994345094126,3.059220038868134
-88.60986505398786,2.948626262932545
-88.59978665703443,2.834822798456813
-88.58970826008103,2.718499626206795
-88.57962986312761,2.600338055194155
-88.56955146617419,2.48100431362599
-88.55947306922079,2.36114359733165
-88.54939467226735,2.24137464425938
-88.53931627531395,2.12228489146318
-88.52923787836053,2.004426258269976
-88.51915948140712,1.888311586338103
-88.5090810844537,1.774411754390461
-88.49900268750028,1.663153472813481
-88.48892429054688,1.554917751316869
-88.47884589359346,1.450039021680335
-88.46876749664004,1.348804887470259
-88.45868909968662,1.251456463651837
-88.44861070273321,1.158189261372929
-88.4385323057798,1.069154566935767
-88.42845390882638,0.9844612591448355
-88.41837551187297,0.9041780058275743
-88.40829711491955,0.8283357783386489
-88.39821871796615,0.7569306222153575
-88.38814032101271,0.6899266227609409
-88.37806192405931,0.6272590060802362
-88.36798352710589,0.5688373188462034
-88.35790513015247,0.5145486336909164
-88.34782673319907,0.4642607314369293
-88.33774833624564,0.4178252162572615
-88.32766993929224,0.3750805251183819
-88.3175915423388,0.3358547983693046
-88.3075131453854,0.2999685839485752
-88.29743474843198,0.2672373532584488
-88.28735635147856,0.2374738121846164
-88.27727795452516,0.2104899959186868
-88.26719955757173,0.1860991410841194
-88.25712116061833,0.1641173331064007
-88.24704276366491,0.1443649307539377
-88.23696436671149,0.1266677732729203
-88.22688596975809,0.1108581785283331
-88.21680757280465,0.09677574303971345
-88.20672917585125,0.08426795677220404
-88.19665077889783,0.07319064703000788
-88.18657238194442,0.06340826682874336
-88.176493984991,0.05479404373097242
-88.16641558803758,0.04723000535631171
-88.15633719108418,0.04060689766876478
-88.14625879413076,0.0348240117459635
-88.13618039717734,0.02978893409523353
-88.12610200022392,0.02541723474638709
-88.11602360327052,0.02163210636568234
-88.10594520631709,0.01836396654149468
-88.09586680936368,0.01555003422853275
-88.08578841241027,0.01313389013856164
-88.07571001545685,0.01106502966197902
-88.06563161850345,0.009298415722230067
-88.05555322155001,0.007794037825527347
-88.04547482459661,0.006516482488948413
-88.03539642764319,0.005434519223924292
-88.02531803068977,0.004520705328831602
-88.01523963373637,0.003751011909862937
-88.00516123678294,0.003104472806551866
-87.99508283982954,0.002562857447634668
-87.9850044428761,0.002110368102517306
-87.9749260459227,0.001733361519878556
-87.96484764896928,0.001420094552888903
-87.95476925201586,0.001160493054145691
-87.94469085506246,0.0009459430760100791
-87.93461245810903,0.000769103226470195
-87.92453406115563,0.0006237368996844711
-87.91445566420221,0.0005045630167758595
-87.90437726724879,0.000407123869276191
-87.89429887029539,0.0003276686482491695
-87.88422047334195,0.0002630512603994264
-87.87414207638855,0.0002106410727836404
-87.86406367943513,0.0001682452850264519
-87.85398528248172,0.0001340416977456774
-87.8439068855283,0
-55.63335022241347,0.0001340416977456774
-55.62327182546004,0.0001682452850264519
-55.61319342850663,0.0002106410727836404
-55.60311503155322,0.0002630512603994264
-55.59303663459981,0.0003276686482491695
-55.58295823764639,0.000407123869276191
-55.57287984069298,0.0005045630167758595
-55.56280144373956,0.0006237368996844711
-55.55272304678615,0.000769103226470195
-55.54264464983272,0.0009459430760100791
-55.53256625287931,0.001160493054145691
-55.5224878559259,0.001420094552888903
-55.51240945897248,0.001733361519878556
-55.50233106201907,0.002110368102517306
-55.49225266506565,0.002562857447634668
-55.48217426811224,0.003104472806551866
-55.47209587115883,0.003751011909862937
-55.46201747420541,0.004520705328831602
-55.451939077252,0.005434519223924292
-55.44186068029857,0.006516482488948413
-55.43178228334516,0.007794037825527347
-55.42170388639175,0.009298415722230067
-55.41162548943833,0.01106502966197902
-55.40154709248492,0.01313389013856164
-55.3914686955315,0.01555003422853275
-55.38139029857809,0.01836396654149468
-55.37131190162468,0.02163210636568234
-55.36123350467125,0.02541723474638709
-55.35115510771784,0.02978893409523353
-55.34107671076442,0.0348240117459635
-55.33099831381101,0.04060689766876478
-55.3209199168576,0.04723000535631171
-55.31084151990418,0.05479404373097242
-55.30076312295077,0.06340826682874336
-55.29068472599736,0.07319064703000788
-55.28060632904393,0.08426795677220404
-55.27052793209052,0.09677574303971345
-55.26044953513711,0.1108581785283331
-55.2503711381837,0.1266677732729203
-55.24029274123028,0.1443649307539377
-55.23021434427686,0.1641173331064007
-55.22013594732345,0.1860991410841194
-55.21005755037002,0.2104899959186868
-55.19997915341661,0.2374738121846164
-55.1899007564632,0.2672373532584488
-55.17982235950979,0.2999685839485752
-55.16974396255637,0.3358547983693046
-55.15966556560295,0.3750805251183819
-55.14958716864954,0.4178252162572615
-55.13950877169613,0.4642607314369293
-55.12943037474271,0.5145486336909164
-55.1193519777893,0.5688373188462034
-55.10927358083588,0.627393047777982
-55.09919518388246,0.6900948680459673
-55.08911678692905,0.7571412632881412
-55.07903838997563,0.8285988295990484
-55.06895999302222,0.9045056744758234
-55.0588815960688,0.9848683830141116
-55.04880319911539,1.069659129952543
-55.03872480216198,1.158812998272613
-55.02864640520855,1.252225566878308
-55.01856800825514,1.349750830546269
-55.00848961130172,1.451199514734481
-54.99841121434831,1.556337845869757
-54.9883328173949,1.66488683433336
-54.97825442044148,1.776522122492978
-54.96817602348807,1.890874443785737
-54.95809762653466,2.007530731076527
-54.94801922958123,2.126035903373043
-54.93794083262782,2.245895349588212
-54.92786243567441,2.366578116555574
-54.917784038721,2.487520796114938
-54.90770564176758,2.608132093019683
-54.89762724481416,2.72793208362677
-54.88754884786075,2.846056073403818
-54.87747045090732,2.96197079414389
-54.86739205395391,3.075033124357066
-54.8573136570005,3.184603895563514
-54.84723526004709,3.290055480847377
-54.83715686309367,3.390779582569369
-54.82707846614025,3.48619510737729
-54.81700006918684,3.57575601050157
-54.80692167223343,3.658958987251965
-54.79684327528,3.735350887796405
-54.78676487832659,3.804535731807944
-54.77668648137318,3.866181202461783
-54.76660808441977,3.920024504545808
-54.75652968746635,3.965877479052814
-54.74645129051293,4.003630876432094
-54.73637289355952,4.033257702520697
-54.7262944966061,4.054815564829397
-54.71621609965269,4.073426536205508
-54.70613770269928,4.08928232767785
-54.69605930574586,4.097643839495476
-54.68598090879244,4.098835076473893
-54.67590251183902,4.093262331259878
-54.66582411488561,4.081410817510171
-54.6557457179322,4.063840211701191
-54.64566732097878,4.041179154296747
-54.63558892402537,4.014118777991254
-54.62551052707196,3.983405346532785
-54.61543213011853,3.949832101914535
-54.60535373316512,3.914230430243085
-54.5952753362117,3.877460467127387
-54.58519693925829,3.840401271810318
-54.57511854230489,3.803940705360048
-54.56504014535146,3.768965151976646
-54.55496174839805,3.73634922382547
-54.54488335144462,3.706945588806573
-54.53480495449121,3.681575057378704
-54.5247265575378,3.66101705909009
-54.51464816058439,3.646000631977499
-54.50456976363098,3.637196038665155
-54.49449136667755,3.63520711203984
-54.48441296972414,3.64056442103443
-54.47433457277073,3.653719333573659
-54.4642561758173,3.675039039388559
-54.45417777886389,3.704802580462391
-54.44409938191048,3.743197921603547
-54.43402098495707,3.790320078319615
-54.42394258800365,3.846170304051821
-54.41386419105023,3.910656324168478
-54.40378579409682,3.983593590141508
-54.3937073971434,4.064707514252673
-54.38362900018999,4.153636633185195
-54.37355060323657,4.249936638114605
-54.36347220628316,4.353085199556403
-54.35339380932975,4.46248750736326
-54.34331541237633,4.577482439967724
-54.33323701542291,4.69734927228158
-54.32315861846949,4.821314828603458
-54.31308022151608,4.948560985432889
-54.30300182456267,5.078232429192231
-54.29292342760925,5.209444575438234
-54.28284503065584,5.341291559095831
-54.27276663370242,5.472854209435587
-54.26268823674901,5.603207928789526
-54.25260983979559,5.731430400185091
-54.24253144284218,5.856609055988359
-54.23245304588876,5.977848247089766
-54.22237464893534,6.094276059939924
-54.21229625198193,6.205050736652082
-54.20221785502851,6.309366661240964
-54.1921394580751,6.411438456832216
-54.18206106112169,6.510511004236823
-54.17198266416828,6.600864458819697
-54.16190426721486,6.681814247811975
-54.15182587026144,6.752736934900103
-54.14174747330802,6.81307410387445
-54.1316690763546,6.86233567612319
-54.12159067940119,6.900102655116029
-54.11151228244778,6.926029294788374
-54.10143388549437,6.939844692081304
-54.09135548854095,6.941353806859979
-54.08127709158753,6.930437915081727
-54.07119869463412,6.907054503485291
-54.0611202976807,6.871236616301212
-54.05104190072728,6.82309166662075
-54.04096350377387,6.762799727184267
-54.03088510682046,6.690611317532075
-54.02080670986705,6.606844706762002
-54.01072831291363,6.51188275360551
-54.00064991596021,6.406169308197438
-53.99057151900679,6.290205202783219
-53.98049312205338,6.169522435815857
-53.97041472509997,6.044684415455545
-53.96033632814655,5.911281391662356
-53.95025793119314,5.769921108618713
-53.94017953423972,5.62124561190626
-53.93010113728631,5.465926408446521
-53.92002274033289,5.30465943939384
-53.90994434337948,5.138159904120428
-53.89986594642606,4.967156977053459
-53.88978754947264,4.792388462407443
-53.87970915251923,4.614595434654985
-53.86963075556582,4.434516914758748
-53.8595523586124,4.252884633626531
-53.84947396165898,4.070417934849593
-53.83939556470557,3.887818868467183
-53.82931716775216,3.705767526220686
-53.81923877079874,3.52491766650278
-53.80916037384532,3.345892673984777
-53.79908197689191,3.169175374040358
-53.78900357993849,2.995552947316906
-53.77892518298508,2.825404328768579
-53.76884678603167,2.659199860516642
-53.75876838907825,2.497365416581562
-53.74868999212483,2.34028105663928
-53.73861159517142,2.188280170286678
-53.728533198218,2.041649107648909
-53.71845480126458,1.900627284998098
-53.70837640431117,1.765407747235555
-53.69829800735776,1.636138162764455
-53.68821961040435,1.512922220576659
-53.67814121345093,1.395821394405775
-53.66806281649751,1.284857034645849
-53.65798441954409,1.180012745464101
-53.64790602259068,1.081237002184549
-53.63782762563727,0.9884459625997785
-53.62774922868385,0.9015264253686568
-53.61767083173044,0.8203388890441009
-53.60759243477702,0.7447206664919134
-53.59751403782361,0.6744890114365479
-53.58743564087019,0.6094442165149682
-53.57735724391677,0.5493726454368799
-53.56727884696336,0.4940496655321629
-53.55720045000994,0.4432424510036486
-53.54712205305653,0.3967126314840642
-53.53704365610312,0.3542187649107993
-53.5269652591497,0.3155186181771079
-53.51688686219628,0.2803712433970104
-53.50680846524287,0.2485388418465954
-53.49673006828946,0.2197884116409169
-53.48665167133604,0.1938931789096467
-53.47657327438262,0.1706338155953491
-53.46649487742921,0.149799449977862
-53.4564164804758,0.131188478601752
-53.44633808352238,0.1146091904381961
-53.43625968656897,0.09988021584626533
-53.42618128961555,0.08683081421983872
-53.41610289266213,0.07530101513252517
-53.40602449570872,0.06514162834862192
-53.3959460987553,0.05621413828386133
-53.38586770180189,0.04839049841045739
-53.37578930484847,0.04155284074477485
-53.36571090789506,0.0355931149724337
-53.35563251094165,0.03041267099491799
-53.34555411398823,0.02592179776316296
-53.33547571703481,0.02203923023495853
-53.32539732008139,0.01869163518974385
-53.31531892312798,0.01581308548893218
-53.30524052617456,0.01334453121134528
-53.29516212922115,0.01123327494700547
-53.28508373226774,0.009432457419975742
-53.27500533531432,0.007794037825527347
-53.26492693836091,0.006516482488948413
-53.25484854140749,0.005434519223924292
-53.24477014445407,0.004520705328831602
-53.23469174750066,0.003751011909862937
-53.22461335054724,0.003104472806551866
-53.21453495359383,0.002562857447634668
-53.20445655664042,0.002110368102517306
-53.194378159687,0.001733361519878556
-53.18429976273358,0.001420094552888903
-53.17422136578017,0.001160493054145691
-53.16414296882676,0.0009459430760100791
-53.15406457187334,0.000769103226470195
-53.14398617491992,0.0006237368996844711
-53.13390777796651,0.0005045630167758595
-53.1238293810131,0.000407123869276191
-53.11375098405968,0.0003276686482491695
-53.10367258710626,0.0002630512603994264
-53.09359419015285,0.0002106410727836404
-53.08351579319943,0.0001682452850264519
-53.07343739624602,0.0001340416977456774
-53.0633589992926,0
-24.0678109643172,0.0001340416977456774
-24.05773256736379,0.0001682452850264519
-24.04765417041037,0.0002106410727836404
-24.03757577345696,0.0002630512603994264
-24.02749737650354,0.0003276686482491695
-24.01741897955013,0.000407123869276191
-24.00734058259671,0.0005045630167758595
-23.9972621856433,0.0006237368996844711
-23.98718378868988,0.000769103226470195
-23.97710539173647,0.0009459430760100791
-23.96702699478305,0.001160493054145691
-23.95694859782963,0.001420094552888903
-23.94687020087622,0.001733361519878556
-23.93679180392281,0.002110368102517306
-23.92671340696939,0.002562857447634668
-23.91663501001598,0.003104472806551866
-23.90655661306256,0.003751011909862937
-23.89647821610914,0.004520705328831602
-23.88639981915573,0.005434519223924292
-23.87632142220232,0.006516482488948413
-23.8662430252489,0.007794037825527347
-23.85616462829548,0.009298415722230067
-23.84608623134207,0.01106502966197902
-23.83600783438865,0.01313389013856164
-23.82592943743524,0.01555003422853275
-23.81585104048182,0.01836396654149468
-23.80577264352841,0.02163210636568234
-23.79569424657499,0.02541723474638709
-23.78561584962158,0.02978893409523353
-23.77553745266816,0.0348240117459635
-23.76545905571475,0.04060689766876478
-23.75538065876133,0.04723000535631171
-23.74530226180792,0.05479404373097242
-23.7352238648545,0.06340826682874336
-23.72514546790109,0.07319064703000788
-23.71506707094767,0.08426795677220404
-23.70498867399426,0.09677574303971345
-23.69491027704084,0.1108581785283331
-23.68483188008743,0.1266677732729203
-23.67475348313401,0.1443649307539377
-23.6646750861806,0.1641173331064007
-23.65459668922718,0.1860991410841194
-23.64451829227377,0.2104899959186868
-23.63443989532035,0.2374738121846164
-23.62436149836693,0.2672373532584488
-23.61428310141352,0.2999685839485752
-23.60420470446011,0.3358547983693046
-23.59412630750669,0.3750805251183819
-23.58404791055327,0.4178252162572615
-23.57396951359986,0.4642607314369293
-23.56389111664645,0.5145486336909164
-23.55381271969303,0.5688373188462034
-23.54373432273962,0.6272590060802362
-23.5336559257862,0.6899266227609409
-23.52357752883278,0.7569306222153575
-23.51349913187937,0.8283357783386489
-23.50342073492595,0.9041780058275743
-23.49334233797254,0.9844612591448355
-23.48326394101912,1.069154566935767
-23.47318554406571,1.158189261372929
-23.46310714711229,1.251456463651837
-23.45302875015888,1.348804887470259
-23.44295035320546,1.450039021680335
-23.43287195625205,1.554917751316869
-23.42279355929863,1.663153472813481
-23.41271516234522,1.774411754390461
-23.4026367653918,1.888311586338103
-23.39255836843839,2.004426258269976
-23.38247997148497,2.12228489146318
-23.37240157453156,2.24137464425938
-23.36232317757814,2.36114359733165
-23.35224478062473,2.48100431362599
-23.34216638367131,2.600338055194155
-23.3320879867179,2.718499626206795
-23.32200958976448,2.834822798456813
-23.31193119281107,2.948626262932545
-23.30185279585765,3.059220038868134
-23.29177439890423,3.16591226037377
-23.28169600195082,3.268016250612419
-23.27161760499741,3.364857784806206
-23.26153920804399,3.455782436382372
-23.25146081109057,3.540162895529135
-23.24138241413716,3.61740614650719
-23.23130401718375,3.686960389385948
-23.22122562023033,3.748321593524083
-23.21114722327691,3.80103957411316
-23.2010688263235,3.844723489413282
-23.19099042937008,3.879046664832976
-23.18091203241667,3.903750660585828
-23.17083363546325,3.918648512082501
-23.16075523850984,3.923627086227646
-23.15067684155642,3.923627086227646
-23.14059844460301,3.918648512082501
-23.13052004764959,3.903750660585828
-23.12044165069618,3.879046664832976
-23.11036325374276,3.844723489413282
-23.10028485678935,3.80103957411316
-23.09020645983593,3.748321593524083
-23.08012806288252,3.686960389385948
-23.0700496659291,3.61740614650719
-23.05997126897569,3.540162895529135
-23.04989287202227,3.455782436382372
-23.03981447506886,3.364857784806206
-23.02973607811544,3.268016250612419
-23.01965768116203,3.16591226037377
-23.00957928420861,3.059220038868134
-22.9995008872552,2.948626262932545
-22.98942249030178,2.834822798456813
-22.97934409334836,2.718499626206795
-22.96926569639495,2.600338055194155
-22.95918729944153,2.48100431362599
-22.94910890248812,2.36114359733165
-22.93903050553471,2.24137464425938
-22.92895210858129,2.12228489146318
-22.91887371162787,2.004426258269976
-22.90879531467446,1.888311586338103
-22.89871691772105,1.774411754390461
-22.88863852076763,1.663153472813481
-22.87856012381421,1.554917751316869
-22.8684817268608,1.450039021680335
-22.85840332990738,1.348804887470259
-22.84832493295397,1.251456463651837
-22.83824653600055,1.158189261372929
-22.82816813904714,1.069154566935767
-22.81808974209372,0.9844612591448355
-22.80801134514031,0.9041780058275743
-22.79793294818689,0.8283357783386489
-22.78785455123348,0.7569306222153575
-22.77777615428006,0.6899266227609409
-22.76769775732665,0.627393047777982
-22.75761936037323,0.5690055641312298
-22.74754096341982,0.5147592747637
-22.7374625664664,0.4645237826973287
-22.72738416951299,0.4181528849055107
-22.71730577255957,0.375487648987658
-22.70722737560616,0.3363593613860805
-22.69714897865274,0.3005923208482597
-22.68707058169933,0.268006456484919
-22.67699218474591,0.2384197552606264
-22.6669137877925,0.2116504889728325
-22.65683539083908,0.1875192356370083
-22.64675699388566,0.1658506946262792
-22.63667859693225,0.146475298856455
-22.62660019997884,0.129230630720555
-22.61652180302542,0.113962651334885
-22.606443406072,0.1005267549495764
-22.59636500911859,0.08878866210103566
-22.58628661216517,0.07862516625393216
-22.57620821521176,0.06992474931769177
-22.56612981825835,0.06258808155649977
-22.55605142130493,0.05652842107854177
-22.54597302435151,0.05167192733074379
-22.5358946273981,0.04795790188452514
-22.52581623044468,0.04533896832376628
-22.51573783349127,0.04378120128788178
-22.50565943653785,0.04326421273136467
-22.49558103958444,0.04378120128788178
-22.48550264263102,0.04533896832376628
-22.47542424567761,0.04795790188452514
-22.46534584872419,0.05167192733074379
-22.45526745177078,0.05652842107854177
-22.44518905481736,0.06258808155649977
-22.43511065786395,0.06992474931769177
-22.42503226091053,0.07862516625393216
-22.41495386395712,0.08878866210103566
-22.4048754670037,0.1005267549495764
-22.39479707005029,0.113962651334885
-22.38471867309687,0.129230630720555
-22.37464027614346,0.146475298856455
-22.36456187919004,0.1658506946262792
-22.35448348223663,0.1875192356370083
-22.34440508528321,0.2116504889728325
-22.3343266883298,0.2384197552606264
-22.32424829137638,0.268006456484919
-22.31416989442296,0.3005923208482597
-22.30409149746955,0.3363593613860805
-22.29401310051614,0.375487648987658
-22.28393470356272,0.4182869266032564
-22.2738563066093,0.4646920279823552
-22.26377790965589,0.5149699158364837
-22.25369951270248,0.5692686153916292
-22.24362111574906,0.6277207164262312
-22.23354271879564,0.6903337466302171
-22.22346432184223,0.7574351852321334
-22.21338592488882,0.8289595152383334
-22.2033075279354,0.9049471090540446
-22.19322913098198,0.9854072022208457
-22.18315073402857,1.070315059989913
-22.17307233707515,1.159609355925818
-22.16299394012174,1.253189825171716
-22.15291554316832,1.350915255572776
-22.14283714621491,1.45260187912797
-22.13275874926149,1.558022224123421
-22.12268035230808,1.666904484723345
-22.11260195535466,1.778932459719292
-22.10252355840124,1.893746105562027
-22.09244516144783,2.010942740758924
-22.08236676449442,2.130078929288708
-22.072288367541,2.25067305998161
-22.06220997058759,2.372208626993629
-22.05213157363417,2.494138203764551
-22.04205317668076,2.615888089422688
-22.03197477972734,2.73686359274829
-22.02189638277393,2.856454904822496
-22.01181798582051,2.974043497678932
-22.0017395888671,3.089008972963368
-21.99166119191368,3.200736272119734
-21.98158279496026,3.308623148281184
-21.97150439800685,3.412087790162518
-21.96142600105344,3.510576480113345
-21.95134760410002,3.603571162357879
-21.9412692071466,3.690596793537198
-21.93119081019319,3.771228346158151
-21.92111241323978,3.845097336563796
-21.91103401628636,3.911897752641493
-21.90095561933294,3.971391262686202
-21.89087722237953,4.023411595586914
-21.88079882542612,4.06786799369223
-21.8707204284727,4.10474765316662
-21.86064203151928,4.134117082146332
-21.85056363456587,4.161100898412262
-21.84048523761245,4.185885865340949
-21.83040684065904,4.203719244534404
-21.82032844370562,4.21490146320228
-21.81025004675221,4.219804014531665
-21.80017164979879,4.218864790370422
-21.79009325284538,4.212582324961012
-21.78001485589196,4.201509023076864
-21.76993645893855,4.186243465353393
-21.75985806198513,4.167421901609372
-21.74977966503172,4.145709059143313
-21.7397012680783,4.121788407021563
-21.72962287112489,4.096352028951068
-21.71954447417147,4.070090266201344
-21.70946607721806,4.04368129801297
-21.69938768026464,4.017780829868313
-21.68930928331123,3.993012059829742
-21.67923088635781,3.969956089858632
-21.6691524894044,3.949142942664414
-21.65907409245098,3.931043335306325
-21.64899569549756,3.916061348648518
-21.63891729854415,3.904528117072861
-21.62883890159073,3.896696645853641
-21.61876050463732,3.892737844608079
-21.6086821076839,3.892737844608079
-21.59860371073049,3.896696645853641
-21.58852531377708,3.904528117072861
-21.57844691682366,3.916061348648518
-21.56836851987024,3.931043335306325
-21.55829012291683,3.949142942664414
-21.54821172596342,3.969956089858632
-21.53813332901,3.993012059829742
-21.52805493205658,4.017780829868313
-21.51797653510317,4.04368129801297
-21.50789813814975,4.070090266201344
-21.49781974119634,4.096352028951068
-21.48774134424292,4.121788407021563
-21.47766294728951,4.145709059143313
-21.46758455033609,4.167421901609372
-21.45750615338268,4.186243465353393
-21.44742775642926,4.201509023076864
-21.43734935947585,4.212582324961012
-21.42727096252243,4.218864790370422
-21.41719256556902,4.219804014531665
-21.4071141686156,4.21490146320228
-21.39703577166219,4.203719244534404
-21.38695737470877,4.185885865340949
-21.37687897775536,4.161100898412262
-21.36680058080194,4.134117082146332
-21.35672218384853,4.10474765316662
-21.34664378689511,4.06786799369223
-21.3365653899417,4.023411595586914
-21.32648699298828,3.971391262686202
-21.31640859603487,3.911897752641493
-21.30633019908145,3.845097336563796
-21.29625180212803,3.771228346158151
-21.28617340517462,3.690730835234944
-21.2760950082212,3.603739407642906
-21.26601661126779,3.510787121186129
-21.25593821431437,3.412484883120663
-21.24585981736096,3.309119062214459
-21.23578142040754,3.201354037061794
-21.22570302345413,3.089776587240543
-21.21562462650072,2.974994903226866
-21.2055462295473,2.857631131918243
-21.19546783259388,2.738314098841076
-21.18538943564047,2.617672319376518
-21.17531103868705,2.49632740154391
-21.16523264173364,2.374887931589517
-21.15515424478022,2.253943921138273
-21.14507584782681,2.134061881289231
-21.13499745087339,2.015780575085354
-21.12491905391997,1.899607485574408
-21.11484065696656,1.786016022495758
-21.10476226001315,1.675443476753821
-21.09468386305973,1.568289718522232
-21.08460546610632,1.464916622282329
-21.0745270691529,1.36564819051893
-21.06444867219949,1.270771337322643
-21.05437027524607,1.180537283889907
-21.04429187829266,1.095163509940676
-21.03421348133924,1.014836198424319
-21.02413508438583,0.9397131055582886
-21.01405668743241,0.8699267842132532
-21.003978290479,0.8055880858688615
-20.99389989352558,0.7467898647418628
-20.98382149657217,0.6936108071436373
-20.97374309961875,0.6461193095581479
-20.96366470266533,0.6043773302406359
-20.95358630571192,0.568444141219464
-20.94350790875851,0.5383799103413267
-20.93342951180509,0.5141425256215583
-20.92335111485167,0.4960388082377614
-20.91327271789826,0.4840174095069162
-20.90319432094484,0.4781730833035732
-20.89311592399143,0.4786144859782676
-20.88303752703801,0.4854655075534207
-20.8729591300846,0.4988660554411591
-20.86288073313118,0.5189722597790252
-20.85280233617777,0.5459560760449548
-20.84272393922435,0.5800042676154885
-20.83264554227094,0.6213167583955951
-20.82256714531752,0.6701043535936343
-20.81248874836411,0.7265858351490347
-20.80241035141069,0.7909844472358445
-20.79233195445727,0.8635237966349774
-20.78225355750386,0.9444232025402707
-20.77217516055045,1.033892540459777
-20.76209676359703,1.13212663518593
-20.75201836664361,1.239299268197821
-20.7419399696902,1.355556875156794
-20.73186157273679,1.481012019165272
-20.72178317578337,1.615736734954197
-20.71170477882996,1.759755847901687
-20.70162638187654,1.913040379502949
-20.69154798492313,2.075501157339065
-20.68146958796971,2.246982752458651
-20.6713911910163,2.427257870128256
-20.66131279406288,2.616022320878792
-20.65123439710946,2.812890697457655
-20.64115600015605,3.017392879507664
-20.63107760320263,3.228971481399627
-20.62099920624922,3.446980349564834
-20.61092080929581,3.670684203890009
-20.60084241234239,3.899259503301276
-20.59076401538897,4.1317965987
-20.58068561843556,4.367303217121504
-20.57060722148215,4.604709299642059
-20.56052882452873,4.84287319250768
-20.55045042757531,5.080589166614455
-20.5403720306219,5.316596215309273
-20.53029363366848,5.549588055026385
-20.52021523671507,5.778224228091704
-20.51013683976165,6.001142182699859
-20.50005844280824,6.216970182193213
-20.48998004585482,6.424340874934739
-20.47990164890141,6.621905337828926
-20.46982325194799,6.80834739142658
-20.45974485499458,6.982397973011142
-20.44966645804116,7.142742825768319
-20.43958806108775,7.28848448905322
-20.42950966413433,7.418445720620351
-20.41943126718092,7.53168387879923
-20.4093528702275,7.62736825835706
-20.39927447327409,7.704790234698989
-20.38919607632067,7.763372001495783
-20.37911767936725,7.802673751060622
-20.36903928241384,7.827377746813474
-20.35896088546043,7.837297024165001
-20.34888248850701,7.827377746813474
-20.3388040915536,7.802673751060622
-20.32872569460018,7.763372001495783
-20.31864729764676,7.704790234698989
-20.30856890069335,7.62736825835706
-20.29849050373993,7.53168387879923
-20.28841210678652,7.418445720620351
-20.2783337098331,7.28848448905322
-20.26825531287969,7.142742825768319
-20.25817691592627,6.982263931313395
-20.24809851897286,6.808179146141555
-20.23802012201945,6.621694696756142
-20.22794172506603,6.42407782367434
-20.21786332811261,6.216642513544964
-20.2077849311592,6.000735058830583
-20.19770653420578,5.777719665074929
-20.18762813725237,5.548964318126699
-20.17754974029895,5.315827112082803
-20.16747134334554,5.079643223538445
-20.15739294639212,4.841712699453535
-20.14731454943871,4.60328920508917
-20.13723615248529,4.365569855601625
-20.12715775553188,4.129686230597483
-20.11707935857846,3.896696645853641
-20.10700096162505,3.667579731083457
-20.09692256467163,3.443229337654971
-20.08684416771822,3.224450776070795
-20.0767657707648,3.01195836028374
-20.06668737381139,2.806374214968706
-20.05660897685797,2.608228283053264
-20.04653057990456,2.417959454406026
-20.03645218295114,2.235917722796673
-20.02637378599773,2.062367267200503
-20.01629538904431,1.897490345274416
-20.00621699209089,1.741391881360193
-19.99613859513748,1.594104628588515
-19.98606019818406,1.455594784418885
-19.97598180123065,1.325767941061561
-19.96590340427723,1.204475256451857
-19.95582500732382,1.091519737517166
-19.9457466103704,0.9866625351034648
-19.93566821341699,0.8896291588092983
-19.92558981646357,0.8001155298062339
-19.91551141951016,0.7177938002058366
-19.90543302255674,0.6423178783768306
-19.89535462560333,0.5733286105539209
-19.88527622864991,0.5104585798672621
-19.8751978316965,0.4533364943425682
-19.86511943474308,0.401591145291017
-19.85504103778967,0.3548549266726246
-19.84496264083625,0.3127669143570397
-19.83488424388284,0.2749755116347338
-19.82480584692942,0.2411406737936512
-19.81472744997601,0.2109357300451244
-19.80464905302259,0.184048825558341
-19.79457065606918,0.1601840098684568
-19.78449225911576,0.1390620005031765
-19.77441386216234,0.1204206523863196
-19.76433546520893,0.1040151644975081
-19.75425706825552,0.08961805547693592
-19.7441786713021,0.07701893945154521
-19.73410027434869,0.06602413241515188
-19.72402187739527,0.05645611811164584
-19.71394348044186,0.04815290063672821
-19.70386508348844,0.04096726897491985
-19.69378668653503,0.03476599650424399
-19.68370828958161,0.0294289962034737
-19.6736298926282,0.02484844995076282
-19.66355149567478,0.02092792796408899
-19.65347309872136,0.01758151215092743
-19.64339470176795,0.01473293494615436
-19.63331630481454,0.01231474315435895
-19.62323790786112,0.01026749439881135
-19.6131595109077,0.008538992030476159
-19.60308111395429,0.00708356277646627
-19.59300271700087,0.005861380012380244
-19.58292432004746,0.004837834326430422
-19.57284592309404,0.003982952000523571
-19.56276752614063,0.003270861156662997
-19.55268912918721,0.002679304595888635
-19.5426107322338,0.002189197779359098
-19.53253233528038,0.001784229953830162
-19.52245393832697,0.001450506092785939
-19.51237554137355,0.001176227095746386
-19.50229714442014,0.0009514055479336407
-19.49221874746672,0.0007676142771752859
-19.48214035051331,0.0006177649420598314
-19.47206195355989,0.0004959139332756215
-19.46198355660648,0.0003970929581451038
-19.45190515965306,0.0002106410727836404
-19.44182676269964,0.0001682452850264519
-19.43174836574623,0.0001340416977456774
-19.42166996879282,0
-18.60531981556619,0.0001340416977456774
-18.59524141861277,0.0001682452850264519
-18.58516302165936,0.0002106410727836404
-18.57508462470594,0.0002630512603994264
-18.56500622775253,0.0003276686482491695
-18.55492783079911,0.000407123869276191
-18.5448494338457,0.0005045630167758595
-18.53477103689228,0.0006237368996844711
-18.52469263993887,0.000769103226470195
-18.51461424298545,0.0009459430760100791
-18.50453584603204,0.001160493054145691
-18.49445744907862,0.001420094552888903
-18.48437905212521,0.001867403217624233
-18.47430065517179,0.002278613387543758
-18.46422225821837,0.002773498520418308
-18.45414386126496,0.003367524066951292
-18.44406546431155,0.004078680558112106
-18.43398706735813,0.004927829198107792
-18.42390867040471,0.005939082240700152
-18.4138302734513,0.007140219388632885
-18.40375187649789,0.008563141051997543
-18.39367347954447,0.01024435879824014
-18.38359508259106,0.01222552271612471
-18.37351668563764,0.01455398469145055
-18.36343828868423,0.01741743744615699
-18.35335989173081,0.02064257992903844
-18.3432814947774,0.02440560488610065
-18.33320309782398,0.02878475881333838
-18.32312470087056,0.03386761465334563
-18.31304630391715,0.03975184094407128
-18.30296790696373,0.04654597990946492
-18.29288951001032,0.05437022474494459
-18.2828111130569,0.06335718478296998
-18.27273271610349,0.07365262562698351
-18.26265431915007,0.08541616974613259
-18.25257592219666,0.09882194146365458
-18.24249752524324,0.1140591387881248
-18.23241912828983,0.1313325131723451
-18.22234073133641,0.1508627370862373
-18.212262334383,0.1728866383068767
-18.20218393742958,0.1976572791114971
-18.19210554047617,0.2254438581589145
-18.18202714352275,0.2565314128113759
-18.17194874656934,0.2912203000298765
-18.16187034961592,0.3298254348149485
-18.15179195266251,0.3726752664995486
-18.14171355570909,0.4201104750612915
-18.13163515875567,0.4724823720291476
-18.12155676180226,0.5301509935255078
-18.11147836484885,0.5934828765067572
-18.10139996789543,0.662848513329519
-18.09132157094201,0.7387535260442738
-18.0812431739886,0.821333518566897
-18.07116477703519,0.9110604166638073
-18.06108638008177,1.008290567063209
-18.05100798312835,1.113367264527826
-18.04092958617494,1.226616526686272
-18.03085118922153,1.34834267293893
-18.02077279226811,1.478823749234764
-18.0106943953147,1.618306846489985
-18.00061599836128,1.767003366024822
-17.99053760140786,1.925084290489667
-17.98045920445445,2.092675523197061
-17.97038080750103,2.269987404134634
-17.96030241054762,2.456808425387663
-17.9502240135942,2.65321101675594
-17.94014561664079,2.859099728539098
-17.93006721968737,3.074314529351353
-17.91998882273396,3.298628079747311
-17.90991042578055,3.531743569593492
-17.89983202882713,3.773293182025354
-17.88975363187371,4.022837241169299
-17.8796752349203,4.279864093901494
-17.86959683796688,4.543790767830107
-17.85951844101347,4.814098480217262
-17.84944004406005,5.089832974129054
-17.83936164710664,5.370317493478647
-17.82928325015322,5.654708652598887
-17.81920485319981,5.942107835367067
-17.80912645624639,6.231566891289203
-17.79904805929297,6.522094613764696
-17.78896966233956,6.812663952725726
-17.77889126538614,7.102219901846337
-17.76881286843273,7.389822030715121
-17.75873447147931,7.67415153326022
-17.7486560745259,7.954230500107873
-17.73857767757249,8.228983569241475
-17.72849928061907,8.497488534799148
-17.71842088366565,8.758484543939208
-17.70834248671224,9.011092083381447
-17.69826408975883,9.254374888748439
-17.68818569280541,9.492434873709012
-17.67810729585199,9.724426578927345
-17.66802889889858,9.944566632521664
-17.65795050194516,10.15213809549084
-17.64787210499175,10.34652046988322
-17.63779370803833,10.52719741444922
-17.62771531108492,10.69376347988369
-17.6176369141315,10.8459297607346
-17.60755851717809,10.98352837354092
-17.59748012022467,11.10651568474539
-17.58740172327126,11.21497422722043
-17.57732332631784,11.30911326063714
-17.56724492936443,11.39424652231426
-17.55716653241101,11.47079499140353
-17.5470881354576,11.53428376735936
-17.53700973850418,11.58533308115446
-17.52693134155077,11.62467437522487
-17.51685294459735,11.65314366623118
-17.50677454764394,11.67180772263408
-17.49669615069052,11.68145309212622
-17.48661775373711,11.6832858765058
-17.47653935678369,11.67847262210231
-17.46646095983028,11.66836914043368
-17.45638256287686,11.65414018352805
-17.44630416592344,11.64193297035679
-17.43622576897003,11.63313060772439
-17.42614737201662,11.62399756083941
-17.4160689750632,11.61576876667151
-17.40599057810979,11.60965875750064
-17.39591218115637,11.60684962939016
-17.38583378420295,11.60847942370483
-17.37575538724954,11.61576509926993
-17.36567699029613,11.6296242177642
-17.35559859334271,11.65087321268517
-17.34552019638929,11.6804804021639
-17.33544179943588,11.71921673954291
-17.32536340248246,11.76775581726489
-17.31528500552905,11.82666849916664
-17.30520660857563,11.89641874979741
-17.29512821162222,11.97736069238945
-17.2850498146688,12.06973691085138
-17.27497141771539,12.17367799520536
-17.26489302076197,12.28920331452529
-17.25481462380856,12.41622298690768
-17.24473622685514,12.55454100253501
-17.23465782990173,12.70385944364803
-17.22457943294831,12.86378373435895
-17.2145010359949,13.0338288437895
-17.20442263904148,13.21342635803902
-17.19434424208807,13.40193232995681
-17.18426584513465,13.59863581054675
-17.17418744818124,13.80788057780778
-17.16410905122782,14.02857774612536
-17.15403065427441,14.2549260437515
-17.14395225732099,14.48596989971901
-17.13387386036758,14.72073877205009
-17.12379546341416,14.95825855441541
-17.11371706646074,15.19756288835703
-17.10363866950733,15.43770426349728
-17.09356027255392,15.67776479039498
-17.0834818756005,15.91686653320535
-17.07340347864708,16.1541812919985
-17.06332508169367,16.38893972748843
-17.05324668474026,16.62541829821119
-17.04316828778684,16.8629517420066
-17.03308989083343,17.09594009746216
-17.02301149388001,17.32385016477452
-17.0129330969266,17.54624221034759
-17.00285469997318,17.76277398646237
-16.99277630301976,17.9732034045707
-16.98269790606635,18.17738978570078
-16.97261950911293,18.37529362433429
-16.96254111215952,18.56697481718885
-16.9524627152061,18.75258932567557
-16.94238431825269,18.93736283453081
-16.93230592129927,19.12158924918966
-16.92222752434586,19.30062315800333
-16.91214912739244,19.47500035163747
-16.90207073043902,19.64494732970845
-16.89199233348561,19.81107985891921
-16.8819139365322,19.97407643121642
-16.87183553957878,20.13426937641003
-16.86175714262537,20.29234040260375
-16.85167874567195,20.45383612404926
-16.84160034871854,20.61926428907093
-16.83152195176512,20.78421288777634
-16.82144355481171,20.94882887723257
-16.81136515785829,21.11851407307737
-16.80128676090487,21.29346873770201
-16.79120836395146,21.46892034839468
-16.78112996699804,21.64460655458587
-16.77105157004463,21.82039127834058
-16.76097317309122,21.99625782120034
-16.7508947761378,22.1718346547841
-16.74081637918438,22.34639256694399
-16.73073798223097,22.51941983441039
-16.72065958527756,22.69017583624053
-16.71058118832414,22.857801783647
-16.70050279137072,23.0213273830617
-16.69042439441731,23.17981397378938
-16.6803459974639,23.33199806561838
-16.67026760051048,23.47651291100464
-16.66018920355706,23.61216600061715
-16.65011080660365,23.73750865183909
-16.64003240965023,23.8515441257875
-16.62995401269682,23.9525366020714
-16.6198756157434,24.03924475542713
-16.60979721878999,24.11036204259683
-16.59971882183657,24.16464602624867
-16.58964042488316,24.20591968131016
-16.57956202792974,24.23309865499811
-16.56948363097633,24.24021319433216
-16.55940523402291,24.22642436509465
-16.5493268370695,24.19604367802734
-16.53924844011608,24.15353435608846
-16.52917004316267,24.09342576461841
-16.51909164620925,24.01077102756813
-16.50901324925584,23.90546583882878
-16.49893485230242,23.77778107519721
-16.48885645534901,23.6282348415514
-16.47877805839559,23.45759530998269
-16.46869966144217,23.26688025371781
-16.45862126448876,23.06233184543495
-16.44854286753534,22.85039317354868
-16.43846447058193,22.62770349723015
-16.42838607362851,22.39108146555992
-16.4183076766751,22.14252736618371
-16.40822927972168,21.88436170694134
-16.39815088276827,21.6187038966759
-16.38807248581486,21.34816049823052
-16.37799408886144,21.07535357931083
-16.36791569190802,20.80300209622008
-16.35783729495461,20.53389540309272
-16.3477588980012,20.27086571759678
-16.33768050104778,20.01675985698249
-16.32760210409436,19.77441055787261
-16.31752370714095,19.54660768903562
-16.30744531018753,19.33606965902975
-16.29736691323412,19.14541531054216
-16.2872885162807,18.97713658095132
-16.27721011932729,18.83357219456458
-16.26713172237387,18.71688263653522
-16.25705332542046,18.63389869542037
-16.24697492846704,18.58655283270222
-16.23689653151363,18.57115002443154
-16.22681813456021,18.58884799267102
-16.2167397376068,18.64053008095805
-16.20666134065338,18.7267931160933
-16.19658294369997,18.84793775059953
-16.18650454674655,19.00396137802462
-16.17642614979314,19.19455369509959
-16.16634775283972,19.4190949662915
-16.15626935588631,19.67665702734433
-16.14619095893289,19.96600704482443
-16.13611256197947,20.28550750762119
-16.12603416502606,20.63370767706938
-16.11595576807265,21.00827779834689
-16.10587737111923,21.40686754393304
-16.09579897416581,21.8268828469196
-16.0857205772124,22.26537170883816
-16.07564218025898,22.71941429153789
-16.06556378330557,23.18580534131763
-16.05548538635215,23.66118671443159
-16.04540698939874,24.14220914485733
-16.03532859244532,24.62505949327607
-16.02525019549191,25.10622854109106
-16.0151717985385,25.58204047101114
-16.00509340158508,26.04892558249346
-15.99501500463166,26.50798325333649
-15.98493660767825,26.95570182930612
-15.97485821072483,27.38354330176428
-15.96477981377142,27.79305613631771
-15.954701416818,28.1809334395018
-15.94462301986459,28.53904390602014
-15.93454462291117,28.86435011558064
-15.92446622595776,29.15454000908534
-15.91438782900434,29.4118192848778
-15.90430943205093,29.63415123554502
-15.89423103509751,29.81472284168682
-15.8841526381441,29.95201075176586
-15.87407424119068,30.04979633540257
-15.86399584423727,30.10723617525391
-15.85391744728385,30.11884325019435
-15.84383905033044,30.08448757164847
-15.83376065337702,30.0093981959487
-15.82368225642361,29.89430066253093
-15.81360385947019,29.7349103831624
-15.80352546251677,29.53262987106557
-15.79344706556336,29.28911109543593
-15.78336866860994,29.00634793728428
-15.77329027165653,28.69163773537868
-15.76321187470311,28.35254507938939
-15.7531334777497,27.98688503152539
-15.74305508079629,27.59269513849477
-15.73297668384287,27.1732274101756
-15.72289828688946,26.73692218563387
-15.71281988993604,26.28738558976319
-15.70274149298263,25.82336137739275
-15.69266309602921,25.34869743161924
-15.68258469907579,24.86760615816016
-15.67250630212238,24.38352456904575
-15.66242790516896,23.9009525162483
-15.65234950821555,23.42381714961579
-15.64227111126213,22.95615882997736
-15.63219271430872,22.50186193383797
-15.6221143173553,22.06496848345235
-15.61203592040189,21.64938926285842
-15.60195752344847,21.25866964103695
-15.59187912649506,20.89660023823516
-15.58180072954164,20.56605468350777
-15.57172233258823,20.27038615161042
-15.56164393563481,20.01250922431194
-15.5515655386814,19.79509244132507
-15.54148714172798,19.62043267344765
-15.53140874477457,19.49077912209634
-15.52133034782115,19.40805558714295
-15.51125195086774,19.37363818746381
-15.50117355391432,19.38871057347833
-15.49109515696091,19.45909755566959
-15.48101676000749,19.58526109818309
-15.47093836305407,19.76229384782014
-15.46085996610066,19.98991031596554
-15.45078156914724,20.26746673422858
-15.44070317219383,20.594095907268
-15.43062477524041,20.96820855379704
-15.420546378287,21.38820904041141
-15.41046798133358,21.85205585680506
-15.40038958438017,22.35751359726077
-15.39031118742675,22.90166524754498
-15.38023279047334,23.48163912536582
-15.37015439351993,24.09418072474882
-15.36007599656651,24.73578206877857
-15.3499975996131,25.40270727844376
-15.33991920265968,26.09091423013176
-15.32984080570626,26.79653333682437
-15.31976240875285,27.51519058457217
-15.30968401179943,28.24254429911347
-15.29960561484602,28.97418752626069
-15.2895272178926,29.70568571188781
-15.27944882093919,30.43261523897705
-15.26937042398577,31.15060238612734
-15.25929202703236,31.85536224368212
-15.24921363007894,32.54273710295219
-15.23913523312553,33.20873382177641
-15.22905683617211,33.84955966656028
-15.2189784392187,34.46165613742283
-15.20890004226528,35.04670887352667
-15.19882164531187,35.60665959422061
-15.18874324835845,36.13871515950571
-15.17866485140504,36.64034886933589
-15.16858645445162,37.10434149065489
-15.15850805749821,37.52381387971241
-15.14842966054479,37.89725545126278
-15.13835126359137,38.22355281119426
-15.12827286663796,38.50697061361276
-15.11819446968454,38.74715387511069
-15.10811607273113,38.9442335108088
-15.09803767577771,39.09831300735394
-15.0879592788243,39.21016280671321
-15.07788088187088,39.28064640225933
-15.06780248491747,39.30627375799303
-15.05772408796405,39.28846074824801
-15.04764569101064,39.22891713002936
-15.03756729405722,39.12992910703028
-15.02748889710381,38.99361583214401
-15.01741050015039,38.8223961008384
-15.00733210319698,38.62379657684165
-14.99725370624356,38.40031348240073
-14.98717530929015,38.14982458326473
-14.97709691233673,37.87981794390662
-14.96701851538332,37.59288645327273
-14.9569401184299,37.28645554279792
-14.94686172147649,36.96319721137457
-14.93678332452307,36.62531495379617
-14.92670492756966,36.27502182881352
-14.91662653061624,35.91427903852557
-14.90654813366283,35.55020505512606
-14.89646973670941,35.18435658359012
-14.886391339756,34.81322027931527
-14.87631294280258,34.43806743279795
-14.86623454584917,34.05997251951166
-14.85615614889575,33.67970710809522
-14.84607775194234,33.29808507810186
-14.83599935498892,32.91570750153432
-14.82592095803551,32.53276403836121
-14.81584256108209,32.1494125094472
-14.80576416412867,31.76555206447839
-14.79568576717526,31.38128683062997
-14.78560737022184,30.99623301269504
-14.77552897326843,30.61003884218499
-14.76545057631501,30.23222637693664
-14.7553721793616,29.86222052203873
-14.74529378240818,29.48936908617738
-14.73521538545477,29.11295354446542
-14.72513698850135,28.73225199883144
-14.71505859154794,28.34655837280573
-14.70498019459452,27.95520042393487
-14.69490179764111,27.55755633793968
-14.68482340068769,27.15306970340511
-14.67474500373428,26.7512198500686
-14.66466660678086,26.35154308701376
-14.65458820982745,25.94364293323118
-14.64450981287403,25.527189267106
-14.63443141592062,25.10196815460563
-14.6243530189672,24.66802071121343
-14.61427462201379,24.22514381351574
-14.60419622506037,23.77360050170066
-14.59411782810696,23.31367039848455
-14.58403943115354,22.84575288783965
-14.57396103420013,22.37025544483237
-14.56388263724671,21.88803498965649
-14.5538042402933,21.39967978151441
-14.54372584333988,20.90600177519858
-14.53364744638647,20.40789183168439
-14.52356904943305,19.91128660453964
-14.51349065247964,19.41716110115978
-14.50341225552622,18.9215162237058
-14.49333385857281,18.42536149531235
-14.48325546161939,17.93470264938616
-14.47317706466597,17.45053427457709
-14.46309866771256,16.96882822045966
-14.45302027075914,16.49051793429975
-14.44294187380573,16.01650978845985
-14.43286347685231,15.54767370608903
-14.4227850798989,15.08483463764571
-14.41270668294548,14.62876499992112
-14.40262828599207,14.18017817272246
-14.39254988903865,13.73972313052382
-14.38247149208524,13.30798026736748
-14.37239309513182,12.88545845330725
-14.36231469817841,12.47259333997114
-14.35223630122499,12.06974691166393
-14.34215790427158,11.67720825714614
-14.33207950731816,11.29519551615983
-14.32200111036475,10.92385893429237
-14.31192271341133,10.56328494026151
-14.30184431645792,10.21350114155876
-14.2917659195045,9.874509638962325
-14.28168752255109,9.54613316734331
-14.27160912559767,9.228363758874309
-14.26153072864425,8.921055816843507
-14.25145233169084,8.624146595500315
-14.24137393473743,8.337322061099329
-14.23129553778401,8.060392444825327
-14.2212171408306,7.793165536440998
-14.21113874387718,7.535347053412371
-14.20106034692377,7.286995114020414
-14.19098194997035,7.052688095946225
-14.18090355301694,6.832484557704463
-14.17082515606352,6.620977257973946
-14.16074675911011,6.418242195303975
-14.15066836215669,6.224019023825142
-14.14058996520327,6.038214763327487
-14.13051156824986,5.860770372007621
-14.12043317129644,5.69166023704968
-14.11035477434303,5.530890574404357
-14.10027637738961,5.37849679456266
-14.0901979804362,5.234433392821288
-14.08011958348278,5.099017673352092
-14.07004118652937,4.972214779377971
-14.05996278957595,4.854027388015373
-14.04988439262254,4.744803626582141
-14.03980599566912,4.644520767286671
-14.02972759871571,4.553280565877547
-14.0196492017623,4.471168608945367
-14.00957080480888,4.398247879053397
-13.99949240785546,4.334552653114033
-13.98941401090205,4.279976361458728
-13.97933561394863,4.234714753059505
-13.96925721699522,4.198551841867587
-13.9591788200418,4.171358482825939
-13.94910042308839,4.152955861595031
-13.93902202613497,4.143114006507134
-13.92894362918156,4.141551319860185
-13.91886523222814,4.14793514352228
-13.90878683527473,4.161883349787773
-13.89870843832131,4.182966924746091
-13.88863004136789,4.210713488628287
-13.87855164441448,4.244611676199654
-13.86847324746107,4.284116280752801
-13.85839485050765,4.328654048068864
-13.84831645355424,4.377416950797683
-13.83823805660082,4.430265222726674
-13.82815965964741,4.486314713688144
-13.81808126269399,4.544947904054307
-13.80800286574057,4.605552827790642
-13.79792446878716,4.667529848197025
-13.78784607183374,4.730298059964409
-13.77776767488033,4.79330118411266
-13.76768927792691,4.85601283514165
-13.7576108809735,4.917728013964164
-13.74753248402008,4.978463158848987
-13.73745408706667,5.037539396302794
-13.72737569011325,5.094588438527965
-13.71729729315984,5.149285508058878
-13.70721889620642,5.206327960260627
-13.69714049925301,5.265439379285898
-13.68706210229959,5.32136828879664
-13.67698370534618,5.373881539128094
-13.66690530839276,5.422783351311824
-13.65682691143935,5.467912275833081
-13.64674851448593,5.509271639235108
-13.63667011753252,5.546523549923198
-13.6265917205791,5.579694390102388
-13.61651332362569,5.608722182234248
-13.60643492667227,5.633452091485173
-13.59635652971886,5.654080199363957
-13.58627813276544,5.670439553914636
-13.57619973581203,5.682498364343153
-13.56612133885861,5.690116131383993
-13.5560429419052,5.693489066961737
-13.54596454495178,5.692438196333454
-13.53588614799837,5.686909950233723
-13.52580775104495,5.676841489810701
-13.51572935409154,5.662160832240839
-13.50565095713812,5.642787735053682
-13.4955725601847,5.618635317594368
-13.48549416323129,5.589612377580943
-13.47541576627787,5.555626341616891
-13.46533736932446,5.516586771293142
-13.45525897237104,5.472409331594188
-13.44518057541763,5.423020116072954
-13.43510217846421,5.368360213958812
-13.4250237815108,5.308390398203231
-13.41494538455738,5.243095810544314
-13.40486698760397,5.172490519986077
-13.39478859065055,5.096621834549813
-13.38471019369714,5.015574252583241
-13.37463179674372,4.934451523194879
-13.36455339979031,4.853384555231779
-13.35447500283689,4.767534187570125
-13.34439660588348,4.677088747733874
-13.33431820893006,4.582287241399811
-13.32423981197665,4.483420292572619
-13.31416141502323,4.38083023045943
-13.30408301806982,4.274910311179656
-13.2940046211164,4.166103080001349
-13.28392622416299,4.054897896523856
-13.27384782720957,3.941721140029087
-13.26376943025616,3.827380356448431
-13.25369103330274,3.712349765314932
-13.24361263634933,3.59726694673862
-13.23353423939591,3.48279299213687
-13.2234558424425,3.369606254769919
-13.21337744548908,3.258395751725549
-13.20329904853567,3.149854312571644
-13.19322065158225,3.044671569896668
-13.18314225462884,2.943526885268215
-13.17306385767542,2.847082300978365
-13.162985460722,2.755975603556355
-13.15290706376859,2.670813579672314
-13.14282866681518,2.5921655389909
-13.13275026986176,2.52055717201305
-13.12267187290835,2.456464804201669
-13.11259347595493,2.400310100930734
-13.10251507900151,2.352455271200991
-13.0924366820481,2.313198811764948
-13.08235828509468,2.282771827393066
-13.07227988814127,2.26133495754306
-13.06220149118785,2.248975934674379
-13.05212309423444,2.245707794850191
-13.04204469728102,2.251467757025206
-13.03196630032761,2.266116783436395
-13.02188790337419,2.289439829680964
-13.01180950642078,2.321146789254456
-13.00173110946736,2.360874133399949
-12.99165271251395,2.408187242959645
-12.98157431556053,2.462583424408231
-12.97149591860712,2.523495597289724
-12.9614175216537,2.590296634809973
-12.95133912470029,2.662304333323193
-12.94126072774687,2.738786979897666
-12.93118233079346,2.818969480097812
-12.92110393384004,2.902040000662609
-12.91102553688663,2.987157074018133
-12.90094713993321,3.073457103695575
-12.8908687429798,3.160062201927242
-12.88079034602638,3.246088283178723
-12.87071194907297,3.330653330379855
-12.86063355211955,3.412885744383132
-12.85055515516614,3.491932681948402
-12.84047675821272,3.566968283558955
-12.8303983612593,3.637201689829249
-12.82031996430589,3.701884744352177
-12.81024156735247,3.760319281700982
-12.80016317039906,3.811863902050572
-12.79008477344564,3.855833617844133
-12.78000637649223,3.891953494769595
-12.76992797953881,3.919653562501741
-12.7598495825854,3.938574672331792
-12.74977118563198,3.948437446177735
-12.73969278867857,3.949044320974033
-12.72961439172515,3.945259192593328
-12.71953599477174,3.937012478623995
-12.70945759781832,3.919300694814361
-12.69937920086491,3.892180554971538
-12.68930080391149,3.855788519075261
-12.67922240695808,3.810337989835391
-12.66914401000466,3.75611563134961
-12.65906561305125,3.693476871874896
-12.64898721609783,3.622840665731115
-12.63890881914442,3.544817642555713
-12.628830422191,3.459701693577261
-12.61875202523759,3.368172898685541
-12.60867362828417,3.270842159320453
-12.59859523133076,3.168350297124537
-12.58851683437734,3.061360524257289
-12.57843843742393,2.95055092050221
-12.56836004047051,2.836607028410643
-12.55828164351709,2.720214672509275
-12.54820324656368,2.602053101496635
-12.53812484961026,2.48278854357982
-12.52804645265685,2.363068254901314
-12.51796805570344,2.243515129648535
-12.50788965875002,2.124722928213947
-12.4978112617966,2.007252166978009
-12.48773286484319,1.891626700217439
-12.47765446788977,1.77833101158535
-12.46757607093636,1.667808219840059
-12.45749767398294,1.560352270540793
-12.44741927702953,1.456555504169284
-12.43734088007611,1.356598925295786
-12.4272624831227,1.260754879374067
-12.41718408616928,1.169254291034908
-12.40710568921587,1.082288457074329
-12.39702729226245,1.000011293373368
-12.38694889530904,0.9225419723690689
-12.37687049835562,0.8499678847043312
-12.36679210140221,0.7823478569617446
-12.35671370444879,0.7197155568561744
-12.34663530749538,0.6620830178261998
-12.33655691054196,0.6094442165149682
-12.32647851358855,0.561778639047228
-12.31640011663513,0.5190547751679018
-12.30632171968172,0.4812334830860048
-12.2962433227283,0.4482711721483897
-12.28616492577489,0.4201227551415087
-12.27608652882147,0.3967443269882887
-12.26600813186806,0.3780955317867819
-12.25592973491464,0.3641415854575367
-12.24585133796123,0.3548549266726246
-12.23577294100781,0.3502164741905201
-12.2256945440544,0.3502164741905201
-12.21561614710098,0.3548549266726246
-12.20553775014757,0.3641415854575367
-12.19545935319415,0.3780955317867819
-12.18538095624073,0.3967443269882887
-12.17530255928732,0.4201227551415087
-12.1652241623339,0.4482711721483897
-12.15514576538049,0.4812334830860048
-12.14506736842707,0.5190547751679018
-12.13498897147366,0.561778639047228
-12.12491057452024,0.6094442165149682
-12.11483217756683,0.6620830178261998
-12.10475378061341,0.7197155568561744
-12.09467538366,0.7823478569617446
-12.08459698670658,0.8499678847043312
-12.07451858975317,0.9225419723690689
-12.06444019279975,1.000145335071114
-12.05436179584634,1.082456702359355
-12.04428339889292,1.169464932107692
-12.03420500193951,1.261017930634467
-12.02412660498609,1.356926593944035
-12.01404820803268,1.45696262803856
-12.00396981107926,1.560856833557569
-11.99389141412585,1.668297915041998
-11.98381301717243,1.778931869526794
-11.97373462021902,1.892362002220665
-11.9636562232656,2.008149608771756
-11.95357782631219,2.125815354118587
-11.94349942935877,2.244841367299137
-11.93342103240536,2.364674059987056
-11.92334263545194,2.48472766412777
-11.91326423849853,2.604388471076717
-11.90318584154511,2.723019741343128
-11.8931074445917,2.839967240685329
-11.88302904763828,2.954565345173245
-11.87295065068487,3.066143645226359
-11.86287225373145,3.174033966847547
-11.85279385677804,3.277577717595048
-11.84271545982462,3.376133455540969
-11.8326370628712,3.46908457180596
-11.82255866591779,3.555846971455414
-11.81248026896437,3.635770113048685
-11.80240187201096,3.708592495751629
-11.79232347505754,3.77373882827047
-11.78224507810413,3.830828508208394
-11.77216668115071,3.879547501159246
-11.7620882841973,3.919653562501741
-11.75200988724388,3.95098066594214
-11.74193149029047,3.973442555813473
-11.73185309333705,3.987035353056389
-11.72177469638364,3.996817733257653
-11.71169629943022,4.002916468854704
-11.70161790247681,4.000526403625542
-11.69153950552339,3.989904843361309
-11.68146110856998,3.971391262686202
-11.67138271161656,3.945404504867099
-11.66130431466315,3.912438926630484
-11.65122591770973,3.873059530470067
-11.64114752075632,3.827896142425877
-11.6310691238029,3.777636707713753
-11.62099072684949,3.723019789640821
-11.61091232989607,3.664826368754781
-11.60083393294266,3.603871048981724
-11.59075553598924,3.540992785492152
-11.58067713903583,3.477045255125395
-11.57059874208241,3.412886994369475
-11.56052034512899,3.349371432147729
-11.55044194817558,3.287336945052999
-11.54036355122217,3.227597061274391
-11.53028515426875,3.17093093638693
-11.52020675731534,3.118074219547007
-11.51012836036192,3.069710422598029
-11.5000499634085,3.026462897290755
-11.48997156645509,2.988887517414811
-11.47989316950167,2.95746615327387
-11.46981477254826,2.932601015763389
-11.45973637559484,2.914609936465319
-11.44965797864143,2.903722638787127
-11.43957958168801,2.90007804336067
-11.4295011847346,2.903722638787127
-11.41942278778118,2.914609936465319
-11.40934439082777,2.932601015763389
-11.39926599387435,2.95746615327387
-11.38918759692094,2.988887517414811
-11.37910919996752,3.026462897290755
-11.36903080301411,3.069710422598029
-11.35895240606069,3.118074219547007
-11.34887400910728,3.17093093638693
-11.33879561215386,3.227597061274391
-11.32871721520045,3.287336945052999
-11.31863881824703,3.349371432147729
-11.30856042129362,3.412886994369475
-11.2984820243402,3.477045255125395
-11.28840362738679,3.540992785492152
-11.27832523043337,3.603871048981724
-11.26824683347996,3.664826368754781
-11.25816843652654,3.723019789640821
-11.24809003957313,3.777636707713753
-11.23801164261971,3.827896142425877
-11.22793324566629,3.873059530470067
-11.21785484871288,3.912438926630484
-11.20777645175946,3.945538546564844
-11.19769805480605,3.971559507971229
-11.18761965785263,3.990115484434093
-11.17754126089922,4.000789454885942
-11.1674628639458,4.003244137502953
-11.15738446699239,3.99722485712693
-11.14730607003897,3.987539916073165
-11.13722767308556,3.974066292713157
-11.12714927613214,3.951749769168611
-11.11707087917873,3.920599505577751
-11.10699248222531,3.880707994213392
-11.0969140852719,3.832248602761284
-11.08683568831848,3.775472189790348
-11.07675729136507,3.710702863854146
-11.06667889441165,3.638332970496319
-11.05660049745824,3.55881740256422
-11.04652210050482,3.472667338430797
-11.03644370355141,3.380443519797016
-11.02636530659799,3.282749185558573
-11.01628690964458,3.180222780688246
-11.00620851269116,3.07353055918261
-10.99613011573775,2.9633591978787
-10.98605171878433,2.850408533447624
-10.97597332183092,2.735384528255219
-10.9658949248775,2.61899256222924
-10.95581652792409,2.501931137615119
-10.94573813097067,2.38488607179985
-10.93565973401726,2.268525240525646
-10.92558133706384,2.153493920111303
-10.91550294011043,2.040410763070085
-10.90542454315701,1.929864427082878
-10.89534614620359,1.822410862973243
-10.88526774925018,1.718571253444138
-10.87518935229676,1.618830581162388
-10.86511095534335,1.523636792579619
-10.85503255838993,1.433400512890712
-10.84495416143652,1.34849525795195
-10.8348757644831,1.269258080974046
-10.82479736752969,1.195990585493714
-10.81471897057627,1.129094273294265
-10.80464057362286,1.068463584219001
-10.79456217666944,1.014645560495552
-10.78448377971603,0.9676836693944438
-10.77440538276261,0.9277281035938063
-10.7643269858092,0.8949034832079612
-10.75424858885578,0.8693104658115544
-10.74417019190237,0.8510271689599055
-10.73409179494895,0.8401103597817814
-10.72401339799554,0.8365963755905331
-10.71393500104212,0.8405017496094568
-10.70385660408871,0.8518235266131099
-10.69377820713529,0.870539264314657
-10.68369981018188,0.8966067274412024
-10.67362141322846,0.9299632923931919
-10.66354301627505,0.9705250909405961
-10.65346461932163,1.018185931332631
-10.64338622236822,1.072816044262807
-10.6333078254148,1.134260709122698
-10.62322942846139,1.202338822697636
-10.61315103150797,1.276841477726789
-10.60307263455456,1.357530622413781
-10.59299423760114,1.444137873904442
-10.58291584064773,1.536363558848905
-10.57283744369431,1.633876052374145
-10.5627590467409,1.736311483085949
-10.55268064978748,1.843273866112455
-10.54260225283407,1.954335718753255
-10.53252385588065,2.069039204111172
-10.52244545892724,2.186897837304377
-10.51236706197382,2.307398776674532
-10.5022886650204,2.430139750751389
-10.49221026806699,2.554330569183484
-10.48213187111357,2.679506997324215
-10.47205347416016,2.805087214635764
-10.46197507720674,2.930483453539245
-10.45189668025333,3.055107545563765
-10.44181828329991,3.178376818238771
-10.4317398863465,3.299720253035323
-10.42166148939308,3.418584803816751
-10.41158309243967,3.534441766317448
-10.40150469548625,3.6467930824305
-10.39142629853284,3.755177458807264
-10.38134790157942,3.85917617765932
-10.37126950462601,3.958418478849431
-10.36119110767259,4.052586396440172
-10.35111271071918,4.141418939841906
-10.34103431376576,4.224715519495673
-10.33095591681235,4.30233852949508
-10.32087751985893,4.374215014473153
-10.31079912290551,4.440337365162049
-10.3007207259521,4.500763005916152
-10.29064232899869,4.560591631899388
-10.28056393204527,4.61996783315367
-10.27048553509186,4.674078224200146
-10.26040713813844,4.723143118472942
-10.25032874118503,4.767433707067378
-10.24025034423161,4.807266981321424
-10.23017194727819,4.842893395206238
-10.22009355032478,4.874938584854109
-10.21001515337136,4.90368662190499
-10.19993675641795,4.929574680668159
-10.18985835946454,4.953051463419019
-10.17977996251112,4.974569579854046
-10.1697015655577,4.994577990254643
-10.15962316860429,5.013514661794239
-10.14954477165087,5.031799581978441
-10.13946637469746,5.049828264242234
-10.12938797774404,5.067965868448326
-10.11930958079063,5.086542043739094
-10.10923118383721,5.105846583279742
-10.0991527868838,5.126125960358381
-10.08907438993038,5.147580793609924
-10.07899599297697,5.170364266384862
-10.06891759602355,5.19458150210461
-10.05883919907014,5.22028987446097
-10.04876080211672,5.247500209154813
-10.03868240516331,5.276178813133535
-10.02860400820989,5.306250248544282
-10.01852561125648,5.337600752380336
-10.00844721430306,5.370082189499636
-9.998368817349647,5.40351641669031
-9.988290420396231,5.43769992900523
-9.978212023442815,5.472408656839112
-9.968133626489401,5.507402783220791
-9.958055229535985,5.542431455473354
-9.947976832582571,5.577237273579505
-9.937898435629155,5.611560448999199
-9.92782003867574,5.645142541946022
-9.917741641722326,5.677863743476954
-9.907663244768909,5.709243598965837
-9.897584847815494,5.74413150979847
-9.88750645086208,5.782265084504075
-9.877428053908664,5.818378082351343
-9.86734965695525,5.852196756276382
-9.857271260001834,5.883462050361921
-9.847192863048418,5.911929863772611
-9.837114466095004,5.937370867037232
-9.827036069141588,5.959569943990382
-9.816957672188174,5.978325343209133
-9.806879275234758,5.993447630260092
-9.796800878281344,6.004758536318019
-9.786722481327928,6.012089799641114
-9.776644084374512,6.015282094008145
-9.766565687421098,6.014318174357784
-9.756487290467682,6.008820273048169
-9.746408893514268,5.998759615306419
-9.736330496560852,5.984008364581475
-9.726252099607438,5.96444668474777
-9.716173702654023,5.939963734330121
-9.706095305700606,5.910459120902174
-9.696016908747191,5.875844805631997
-9.685938511793776,5.836047430822312
-9.675860114840361,5.791011027020876
-9.665781717886947,5.740700041346797
-9.655703320933531,5.685102615527144
-9.645624923980115,5.624368072833315
-9.635546527026699,5.558308476251036
-9.625468130073285,5.487246002342506
-9.615389733119871,5.411066239425467
-9.605311336166455,5.330037756201947
-9.595232939213041,5.244366889791192
-9.585154542259625,5.159285403143795
-9.575076145306209,5.075191593492879
-9.564997748352795,4.987284386778338
-9.554919351399379,4.89576810108483
-9.544840954445965,4.801136776465905
-9.534762557492549,4.703833090084099
-9.524684160539135,4.604354685806679
-9.514605763585719,4.503253212758056
-9.504527366632303,4.401266634904793
-9.494448969678889,4.298814780758265
-9.484370572725473,4.19670596388606
-9.474292175772058,4.095684974669829
-9.464213778818644,3.996669189661429
-9.454135381865228,3.900241612413226
-9.444056984911812,3.807355245444248
-9.433978587958396,3.718879135067688
-9.423900191004982,3.635698827373028
-9.413821794051568,3.558710121371494
-9.403743397098152,3.488946778134848
-9.393665000144738,3.427072234596398
-9.383586603191322,3.37421725564116
-9.373508206237906,3.330917299827906
-9.363429809284492,3.298505377365796
-9.353351412331076,3.277446827872085
-9.343273015377662,3.268786837603666
-9.333194618424246,3.273061952755957
-9.323116221470832,3.291112649079206
-9.313037824517416,3.323631998141356
-9.302959427564,3.371269622430292
-9.292881030610586,3.43462974382923
-9.28280263365717,3.514269848586023
-9.272724236703755,3.610699959692449
-9.26264583975034,3.724516538101177
-9.252567442796925,3.8559009351511
-9.242489045843509,4.005330154690285
-9.232410648890093,4.17313012942425
-9.222332251936679,4.359584098729272
-9.212253854983263,4.564934812057455
-9.202175458029849,4.789387005459385
-9.192097061076435,5.033244113991856
-9.182018664123017,5.296409089936034
-9.171940267169603,5.579097039819964
-9.161861870216189,5.881389846940843
-9.151783473262773,6.203345337145644
-9.141705076309359,6.544999691523006
-9.131626679355943,6.906503584374482
-9.121548282402529,7.287621920245529
-9.111469885449113,7.688578937904451
-9.101391488495697,8.109108824157721
-9.091313091542283,8.549272227497282
-9.081234694588867,9.00900767272741
-9.071156297635453,9.488237011665012
-9.061077900682037,9.986863682504708
-9.050999503728622,10.50477029517761
-9.040921106775206,11.04181555456658
-9.03084270982179,11.59796459084794
-9.020764312868376,12.17278269377652
-9.01068591591496,12.76614030969601
-9.000607518961546,13.38273820485771
-8.990529122008132,14.02221336258912
-8.980450725054714,14.67902707859832
-8.9703723281013,15.35290308960144
-8.960293931147884,16.04313410311939
-8.95021553419447,16.74907875516984
-8.940137137241056,17.4700227419159
-8.93005874028764,18.2051742948686
-8.919980343334226,18.95366008148484
-8.909901946380808,19.71452165261711
-8.899823549427394,20.48684659521875
-8.88974515247398,21.26926445301936
-8.879666755520564,22.06065531427373
-8.86958835856715,22.85970140894421
-8.859509961613734,23.66499443466709
-8.849431564660318,24.48001603340082
-8.839353167706903,25.3031458113664
-8.829274770753488,26.12766601498913
-8.819196373800073,26.95176285492704
-8.809117976846657,27.77355534948396
-8.799039579893243,28.59110379903916
-8.788961182939829,29.40241924281147
-8.778882785986411,30.20547380601582
-8.768804389032997,30.9982118296525
-8.758725992079581,31.77856166124431
-8.748647595126167,32.54444797305244
-8.738569198172753,33.29380446485602
-8.728490801219337,34.02956537555403
-8.718412404265923,34.74981752346385
-8.708334007312505,35.45229033904008
-8.698255610359091,36.13507935827612
-8.688177213405677,36.79123326300692
-8.678098816452261,37.41886911089906
-8.668020419498847,38.01610018826926
-8.657942022545431,38.58647479901359
-8.647863625592015,39.133261031705
-8.637785228638601,39.64996404674976
-8.627706831685185,40.13019705791194
-8.61762843473177,40.5727068466482
-8.607550037778354,40.97640273953544
-8.59747164082494,41.34036256155071
-8.587393243871524,41.66894954997569
-8.577314846918108,41.96131798225726
-8.567236449964694,42.21212440198341
-8.557158053011278,42.42120874812551
-8.547079656057864,42.59319749340973
-8.537001259104448,42.72821543065038
-8.526922862151034,42.82143347272139
-8.51684446519762,42.87316519750266
-8.506766068244202,42.88401597492005
-8.496687671290788,42.85437343357868
-8.486609274337374,42.79008719926082
-8.476530877383958,42.69201614006802
-8.466452480430544,42.56123763207638
-8.456374083477128,42.39853558251228
-8.446295686523712,42.20510026361578
-8.436217289570298,41.98220440796247
-8.426138892616882,41.73079831170862
-8.416060495663467,41.45234471496757
-8.405982098710052,41.14288173950624
-8.395903701756637,40.80396064981999
-8.385825304803221,40.43670986518364
-8.375746907849805,40.04264444267866
-8.365668510896391,39.62321157800995
-8.355590113942975,39.17989135432248
-8.345511716989561,38.71917015379604
-8.335433320036145,38.24267516255528
-8.325354923082731,37.74680307677113
-8.315276526129315,37.2329207594502
-8.305198129175899,36.7026467830029
-8.295119732222485,36.15750888468794
-8.285041335269069,35.59905014261311
-8.274962938315655,35.03380769050182
-8.264884541362241,34.46331824602188
-8.254806144408825,33.88411945700018
-8.244727747455409,33.29774696126331
-8.234649350501993,32.70575794942804
-8.224570953548579,32.10973327666362
-8.214492556595165,31.5162580012557
-8.204414159641749,30.92692806204739
-8.194335762688334,30.34346468662867
-8.184257365734918,29.76721419766516
-8.174178968781503,29.19488089860534
-8.164100571828088,28.62807534525528
-8.154022174874672,28.06844287140308
-8.143943777921258,27.51766323006883
-8.133865380967842,26.97744921679174
-8.123786984014428,26.44954421226966
-8.113708587061012,25.94069717410916
-8.103630190107596,25.45266288451645
-8.093551793154182,24.9821965394198
-8.083473396200766,24.53093616152575
-8.073394999247352,24.10086496740418
-8.063316602293938,23.69359324099824
-8.053238205340522,23.31085093279403
-8.043159808387106,22.95434324978523
-8.03308141143369,22.62573936286539
-8.023003014480276,22.32666028403948
-8.012924617526862,22.05866602040739
-8.002846220573446,21.82324212349828
-7.992767823620031,21.62178576290223
-7.982689426666615,21.46057003639985
-7.9726110297132,21.34073449498802
-7.962532632759785,21.25827112767939
-7.952454235806369,21.2140059555554
-7.942375838852954,21.20860728815262
-7.93229744189954,21.24246643799247
-7.922219044946125,21.31613368038342
-7.912140647992708,21.42973100802087
-7.902062251039293,21.58294153387886
-7.891983854085879,21.77557569747882
-7.881905457132464,22.00711472996489
-7.871827060179049,22.27681013362859
-7.861748663225634,22.58367811345281
-7.851670266272219,22.92662966394806
-7.841591869318803,23.30396639739834
-7.831513472365388,23.71409003574665
-7.821435075411973,24.15518997320389
-7.811356678458558,24.62474508438459
-7.801278281505143,25.12566623113199
-7.791199884551728,25.65517901160243
-7.781121487598312,26.20552347908631
-7.771043090644897,26.77332693631034
-7.760964693691482,27.35540505427982
-7.750886296738067,27.94830449102241
-7.740807899784651,28.54832331926168
-7.730729502831236,29.15187511354508
-7.720651105877822,29.75525164441106
-7.710572708924405,30.35444111367019
-7.70049431197099,30.9455236835499
-7.690415915017575,31.52456632713769
-7.680337518064161,32.08765276004505
-7.670259121110746,32.63592023839738
-7.660180724157331,33.16554192958318
-7.650102327203914,33.66789283732152
-7.640023930250499,34.14410748080385
-7.629945533297085,34.59071384815744
-7.61986713634367,34.99966483608866
-7.609788739390255,35.36789476490146
-7.59971034243684,35.69237000554276
-7.589631945483425,35.97567063220119
-7.579553548530009,36.21557232797711
-7.569475151576594,36.40506940889231
-7.559396754623179,36.5428386735305
-7.549318357669764,36.63244064397342
-7.539239960716348,36.67328891793962
-7.529161563762933,36.65984503024428
-7.519083166809519,36.59704819060877
-7.509004769856102,36.48510530412378
-7.498926372902687,36.32497228578983
-7.488847975949272,36.11761404691264
-7.478769578995857,35.86450031013003
-7.468691182042443,35.56746197202479
-7.458612785089028,35.2236995634782
-7.448534388135611,34.83589608969626
-7.438455991182196,34.40671668611423
-7.428377594228781,33.93938872703583
-7.418299197275367,33.44265408031237
-7.408220800321952,32.92512017893496
-7.398142403368537,32.38573566571237
-7.388064006415122,31.82361873882191
-7.377985609461705,31.24303947256925
-7.367907212508291,30.64840547704026
-7.357828815554876,30.04411831424663
-7.347750418601461,29.43498366195406
-7.337672021648046,28.82559698395459
-7.32759362469463,28.22030477191659
-7.317515227741215,27.62374172539081
-7.307436830787799,27.0403445344901
-7.297358433834384,26.47431470490232
-7.287280036880969,25.93003077110174
-7.277201639927554,25.41617615856427
-7.267123242974139,24.93666179881797
-7.257044846020725,24.48975244235933
-7.246966449067308,24.0785367299787
-7.236888052113893,23.70579032591672
-7.226809655160478,23.37395453879268
-7.216731258207063,23.085117999305
-7.206652861253649,22.84113559276816
-7.196574464300234,22.64300820568457
-7.186496067346819,22.49203239101688
-7.176417670393402,22.38863762493658
-7.166339273439988,22.33312761931954
-7.156260876486573,22.32504663243588
-7.146182479533158,22.36389510886775
-7.136104082579743,22.44882483344007
-7.126025685626328,22.57839013611059
-7.115947288672912,22.75077155359095
-7.105868891719497,22.96405635252813
-7.095790494766081,23.2159186135854
-7.085712097812666,23.50375008187036
-7.075633700859251,23.82468683622813
-7.065555303905836,24.17553149344645
-7.055476906952421,24.55323185072489
-7.045398509999005,24.95420299573668
-7.03532011304559,25.37499633185957
-7.025241716092175,25.81183136440808
-7.01516331913876,26.26083769180867
-7.005084922185346,26.71835085769475
-6.995006525231931,27.18558318600613
-6.984928128278514,27.65876852375695
-6.974849731325099,28.12919496373783
-6.964771334371684,28.59336578713199
-6.95469293741827,29.04754917791621
-6.944614540464855,29.4885163930112
-6.93453614351144,29.91823243151246
-6.924457746558025,30.33348941470125
-6.914379349604608,30.72663817462585
-6.904300952651194,31.10013324512148
-6.894222555697779,31.45168251553655
-6.884144158744363,31.77415498990245
-6.874065761790948,32.0710143250239
-6.863987364837533,32.34562278865563
-6.853908967884118,32.591754485023
-6.843830570930702,32.80346060255318
-6.833752173977287,32.98008768985829
-6.823673777023872,33.12129806662729
-6.813595380070457,33.22706606315208
-6.803516983117042,33.29767163882597
-6.793438586163627,33.33369152490971
-6.783360189210212,33.33598805418445
-6.773281792256797,33.30569585388285
-6.763203395303381,33.24420658853646
-6.753124998349966,33.1580239996471
-6.743046601396552,33.04919848129613
-6.732968204443136,32.91957641022713
-6.722889807489721,32.77117547529433
-6.712811410536306,32.60149959209532
-6.702733013582891,32.41280313338183
-6.692654616629476,32.21257123458723
-6.682576219676061,32.00336851717811
-6.672497822722645,31.78271041032356
-6.66241942576923,31.55348436119186
-6.652341028815814,31.31837334706311
-6.6422626318624,31.0798336624461
-6.632184234908984,30.84054199244445
-6.622105837955569,30.60337339002397
-6.612027441002154,30.37575479853228
-6.601949044048738,30.16004407939782
-6.591870647095324,29.95382368509632
-6.581792250141909,29.75905997144164
-6.571713853188494,29.57805608175108
-6.561635456235078,29.41248372302214
-6.551557059281663,29.26431638717943
-6.541478662328248,29.13496966281278
-6.531400265374833,29.03076714184497
-6.521321868421418,28.95279805529026
-6.511243471468003,28.89690592251916
-6.501165074514587,28.86356778885014
-6.491086677561173,28.85324977459602
-6.481008280607758,28.86613978895585
-6.470929883654343,28.90193604939463
-6.460851486700927,28.96034749985963
-6.450773089747512,29.04045842163405
-6.440694692794096,29.14157516054565
-6.430616295840681,29.26228119588637
-6.420537898887266,29.40623960825312
-6.410459501933851,29.57175983790011
-6.400381104980435,29.75191698031092
-6.39030270802702,29.94456236068925
-6.380224311073606,30.14736272914419
-6.370145914120191,30.35782012767411
-6.360067517166775,30.57318718792818
-6.34998912021336,30.79093889395335
-6.339910723259945,31.00808796084616
-6.32983232630653,31.22184738705009
-6.319753929353115,31.42902208119977
-6.3096755323997,31.62674713567855
-6.299597135446284,31.81206866814471
-6.289518738492869,31.98705814500426
-6.279440341539455,32.14898053496422
-6.26936194458604,32.2899555779151
-6.259283547632624,32.40718958895854
-6.249205150679209,32.50326499546374
-6.239126753725794,32.57583017810335
-6.229048356772378,32.61773125401785
-6.218969959818963,32.63200938036088
-6.208891562865548,32.62192712012194
-6.198813165912132,32.5809926965541
-6.188734768958717,32.5029724112576
-6.178656372005302,32.38692190877734
-6.168577975051887,32.23221916867307
-6.158499578098472,32.03870670830575
-6.148421181145057,31.80632831049427
-6.138342784191642,31.5354720109624
-6.128264387238227,31.22672734206471
-6.118185990284812,30.88622614500927
-6.108107593331397,30.52040917640882
-6.098029196377981,30.12562347760502
-6.087950799424566,29.69881287894152
-6.077872402471151,29.24209703696685
-6.067794005517736,28.75782611252468
-6.057715608564321,28.24882696974689
-6.047637211610906,27.72254165547792
-6.037558814657491,27.18189670762798
-6.027480417704075,26.62508987003525
-6.01740202075066,26.06032868140791
-6.007323623797245,25.49101545874058
-5.997245226843829,24.91521722758908
-5.987166829890414,24.33629016937799
-5.977088432936999,23.75784613494677
-5.967010035983584,23.18325659100344
-5.956931639030169,22.61552017761567
-5.946853242076754,22.05815537131537
-5.936774845123339,21.51460142194512
-5.926696448169923,20.98759345463035
-5.916618051216509,20.48035451898852
-5.906539654263094,19.99549373397183
-5.896461257309678,19.53580711695415
-5.886382860356263,19.10395024507296
-5.876304463402848,18.70203193543932
-5.866226066449433,18.33244960649509
-5.856147669496018,17.99693304465198
-5.846069272542603,17.69749102471542
-5.835990875589187,17.4353531912565
-5.825912478635772,17.21223527594096
-5.815834081682357,17.02921144329785
-5.805755684728942,16.88727368758142
-5.795677287775526,16.7872042522403
-5.785598890822111,16.72963744863526
-5.775520493868696,16.71506899458975
-5.765442096915281,16.74394669814444
-5.755363699961866,16.81617984839528
-5.745285303008451,16.9319148847715
-5.735206906055035,17.09605079121435
-5.72512850910162,17.30849734567906
-5.715050112148205,17.56368631789225
-5.704971715194791,17.86128971197349
-5.694893318241375,18.20069947342324
-5.68481492128796,18.5817285153737
-5.674736524334545,19.00341039299913
-5.664658127381129,19.46522151376518
-5.654579730427715,19.96650818014479
-5.6445013334743,20.50660101942425
-5.634422936520884,21.08482143336553
-5.624344539567469,21.70048649543537
-5.614266142614054,22.35280570597975
-5.604187745660639,23.04146481264969
-5.594109348707224,23.76541398548602
-5.584030951753808,24.52407789999865
-5.573952554800393,25.31677021912899
-5.563874157846977,26.14279522921197
-5.553795760893563,27.00157550940774
-5.543717363940148,27.8971207975677
-5.533638966986732,28.82873382430922
-5.523560570033317,29.79553120030333
-5.513482173079902,30.79654001283004
-5.503403776126487,31.82560259097642
-5.493325379173072,32.88180953660308
-5.483246982219657,33.9638009156883
-5.473168585266242,35.07025774351323
-5.463090188312826,36.19989166316017
-5.453011791359411,37.35106709764652
-5.442933394405997,38.52199982891269
-5.432854997452581,39.71101029949911
-5.422776600499166,40.91617477438982
-5.412698203545751,42.14040460086019
-5.402619806592336,43.38144692283049
-5.392541409638921,44.63201669799409
-5.382463012685506,45.88929013233304
-5.37238461573209,47.15053184351982
-5.362306218778675,48.41821209479945
-5.352227821825259,49.69389194524789
-5.342149424871845,50.96958364204097
-5.332071027918429,52.23656773327521
-5.321992630965014,53.49168943265601
-5.311914234011599,54.73123954441574
-5.301835837058183,55.95147577194585
-5.291757440104769,57.14885132036461
-5.281679043151354,58.31977569719104
-5.271600646197939,59.46043051456903
-5.261522249244523,60.56716196180108
-5.251443852291108,61.63637190046678
-5.241365455337694,62.66952185365832
-5.231287058384278,63.66827598128323
-5.221208661430863,64.62900817785066
-5.211130264477448,65.54353769745745
-5.201051867524032,66.40361671427402
-5.190973470570618,67.2113984766431
-5.180895073617203,67.96422543065235
-5.170816676663788,68.65444333542121
-5.160738279710372,69.28476305689325
-5.150659882756957,69.85317079690078
-5.140581485803541,70.36290097990576
-5.130503088850126,70.81732674265298
-5.120424691896711,71.20544603839188
-5.110346294943296,71.52117187368727
-5.10026789798988,71.76875163998223
-5.090189501036466,71.95322459787073
-5.080111104083051,72.06921681096303
-5.070032707129635,72.11214758068095
-5.05995431017622,72.08279483701367
-5.049875913222805,71.98689385669677
-5.03979751626939,71.82584339018736
-5.029719119315975,71.59624662578611
-5.01964072236256,71.30511240259021
-5.009562325409145,70.95436431772532
-4.999483928455729,70.54651206012238
-4.989405531502314,70.08431870866347
-4.9793271345489,69.56540677915275
-4.969248737595484,68.99792053672994
-4.959170340642069,68.38521573980411
-4.949091943688654,67.73041943681528
-4.939013546735239,67.03711584789149
-4.928935149781823,66.30900790169373
-4.918856752828408,65.549497200948
-4.908778355874993,64.75739060237456
-4.898699958921577,63.94140109432389
-4.888621561968162,63.10538998906635
-4.878543165014748,62.2478406032633
-4.868464768061332,61.37253934126858
-4.858386371107917,60.48810408588285
-4.848307974154502,59.60305129298895
-4.838229577201087,58.71591315732489
-4.828151180247672,57.82471059893052
-4.818072783294257,56.93255442906815
-4.807994386340842,56.04762797800019
-4.797915989387426,55.17257278244008
-4.787837592434011,54.30497655923186
-4.777759195480596,53.44722234808356
-4.767680798527181,52.60661254053427
-4.757602401573766,51.78486384400257
-4.747524004620351,50.97894566377904
-4.737445607666935,50.1901222083864
-4.727367210713521,49.41978973864937
-4.717288813760105,48.66903021521792
-4.70721041680669,47.93885599180601
-4.697132019853274,47.22971427897538
-4.687053622899859,46.54718421913873
-4.676975225946444,45.89154456985338
-4.666896828993029,45.25789360581355
-4.656818432039614,44.64615985557898
-4.646740035086199,44.05627492272006
-4.636661638132783,43.49266883053306
-4.626583241179368,42.95489813918851
-4.616504844225954,42.43766707529226
-4.606426447272539,41.94013480458138
-4.596348050319123,41.46190912598147
-4.586269653365708,41.00222444425303
-4.576191256412293,40.56046484976208
-4.566112859458878,40.13605007894672
-4.556034462505463,39.72845402863478
-4.545956065552048,39.34233404447225
-4.535877668598632,38.98202701700191
-4.525799271645217,38.64227671832939
-4.515720874691802,38.31779146874249
-4.505642477738387,38.00837546070049
-4.495564080784971,37.71384890476027
-4.485485683831556,37.43449819975497
-4.475407286878141,37.17534342300235
-4.465328889924726,36.93664072544478
-4.455250492971311,36.71374099815477
-4.445172096017896,36.51194704111675
-4.43509369906448,36.33200284929442
-4.425015302111065,36.17429361368178
-4.41493690515765,36.03933088927263
-4.404858508204235,35.92267546779321
-4.39478011125082,35.82488538882195
-4.384701714297405,35.74665066071434
-4.37462331734399,35.68826971963797
-4.364544920390575,35.65033729926243
-4.35446652343716,35.63327442252556
-4.344388126483745,35.63754765951217
-4.334309729530329,35.66314684166937
-4.324231332576914,35.71016945868558
-4.314152935623499,35.78367565407788
-4.304074538670084,35.88355074405654
-4.293996141716669,36.00423172216802
-4.283917744763253,36.14506162844842
-4.273839347809838,36.30525265382501
-4.263760950856422,36.48380229741621
-4.253682553903008,36.67949402614008
-4.243604156949593,36.89084840732493
-4.233525759996177,37.11655072116329
-4.223447363042762,37.35467213588531
-4.213368966089347,37.6034723567488
-4.203290569135932,37.86101945045326
-4.193212172182517,38.12518777138264
-4.183133775229102,38.39340987292619
-4.173055378275687,38.66859421912538
-4.162976981322271,38.94844347587584
-4.152898584368857,39.22537780598834
-4.142820187415442,39.5019020905581
-4.132741790462026,39.77541766760284
-4.122663393508611,40.03883071550787
-4.112584996555196,40.28936159132364
-4.102506599601781,40.52967526233558
-4.092428202648366,40.75777615734996
-4.082349805694951,40.96645521957824
-4.072271408741535,41.1588671599819
-4.06219301178812,41.33294023895642
-4.052114614834704,41.48205096566844
-4.04203621788129,41.60998582514661
-4.031957820927874,41.71527096782599
-4.021879423974459,41.79213326826441
-4.011801027021044,41.8446663061111
-4.001722630067629,41.87231095281432
-3.991644233114214,41.86985920399787
-3.981565836160799,41.83689621408915
-3.971487439207383,41.77892990178284
-3.961409042253969,41.69623467144776
-3.951330645300553,41.58445475981254
-3.941252248347138,41.44435180825119
-3.931173851393723,41.27715895955671
-3.921095454440308,41.08928688795805
-3.911017057486893,40.88210827255349
-3.900938660533477,40.6523119095466
-3.890860263580062,40.40164234100772
-3.880781866626648,40.1323532657626
-3.870703469673232,39.84661439724162
-3.860625072719817,39.54649303544102
-3.850546675766402,39.23951659040645
-3.840468278812987,38.92815549620654
-3.830389881859571,38.61488808251038
-3.820311484906156,38.30223416252073
-3.810233087952741,37.98772883398208
-3.800154690999326,37.67389762219582
-3.790076294045911,37.36823647166565
-3.779997897092496,37.07333075328275
-3.76991950013908,36.786227369261
-3.759841103185665,36.50956909449572
-3.74976270623225,36.24543979924881
-3.739684309278835,35.99595524744024
-3.72960591232542,35.76809060358034
-3.719527515372005,35.56369671618566
-3.70944911841859,35.37943154137112
-3.699370721465174,35.21674200313171
-3.689292324511759,35.0769273315254
-3.679213927558344,34.96110102280202
-3.669135530604929,34.87018180811248
-3.659057133651514,34.80488622380494
-3.648978736698099,34.76572288461961
-3.638900339744683,34.75298854551816
-3.628821942791268,34.77163807298415
-3.618743545837853,34.82176493537794
-3.608665148884438,34.89783984550709
-3.598586751931023,34.99921244565667
-3.588508354977608,35.12519314324848
-3.578429958024193,35.27466608619468
-3.568351561070777,35.44630716088911
-3.558273164117362,35.63875091056921
-3.548194767163947,35.85071034749949
-3.538116370210532,36.08052233470073
-3.528037973257117,36.32605685267826
-3.517959576303702,36.59073626779092
-3.507881179350287,36.87229337119834
-3.497802782396871,37.16398067608636
-3.487724385443456,37.46323905457957
-3.477645988490041,37.76795050932888
-3.467567591536626,38.08085401501459
-3.457489194583211,38.39967616917359
-3.447410797629796,38.71715029378801
-3.43733240067638,39.03103031498427
-3.427254003722965,39.34410871850499
-3.41717560676955,39.65437245875881
-3.407097209816135,39.95451715135588
-3.397018812862719,40.24256070151387
-3.386940415909305,40.52185720427742
-3.376862018955889,40.79051103172649
-3.366783622002474,41.04189010140713
-3.356705225049059,41.27947557743958
-3.346626828095644,41.50189676173786
-3.336548431142229,41.70307242736972
-3.326470034188814,41.88184401844589
-3.316391637235399,42.03720939015199
-3.306313240281983,42.17369995608467
-3.296234843328568,42.29054339935424
-3.286156446375153,42.38248033217915
-3.276078049421738,42.45428910217919
-3.265999652468323,42.50591670978906
-3.255921255514908,42.53236943031337
-3.245842858561492,42.53428639847068
-3.235764461608077,42.51174442582875
-3.225686064654662,42.46535730122091
-3.215607667701247,42.39613472619053
-3.205529270747832,42.30984957020879
-3.195450873794417,42.20766988007653
-3.185372476841001,42.0854069579993
-3.175294079887586,41.94479266773256
-3.165215682934171,41.79180902748907
-3.155137285980756,41.633006435449
-3.145058889027341,41.46486135161307
-3.134980492073926,41.28386695616727
-3.124902095120511,41.09148596983243
-3.114823698167095,40.88971537750916
-3.104745301213681,40.6798628484019
-3.094666904260265,40.46861841913204
-3.08458850730685,40.25791300939853
-3.074510110353435,40.04941560636279
-3.064431713400019,39.84452147937225
-3.054353316446604,39.63983150690173
-3.044274919493189,39.43713637582064
-3.034196522539774,39.23782402582321
-3.024118125586359,39.04337113046441
-3.014039728632944,38.85519885622416
-3.003961331679529,38.67455652467951
-2.993882934726114,38.50296044792928
-2.983804537772698,38.34160943690675
-2.973726140819283,38.19137678476667
-2.963647743865868,38.05337882668623
-2.953569346912453,37.93363309016507
-2.943490949959038,37.83266251580069
-2.933412553005623,37.75107356491074
-2.923334156052208,37.6895540920199
-2.913255759098792,37.6431845000853
-2.903177362145377,37.61238410620351
-2.893098965191962,37.59722515845282
-2.883020568238547,37.59743638962177
-2.872942171285132,37.61287692660547
-2.862863774331716,37.6485205779826
-2.852785377378301,37.70386421027056
-2.842706980424886,37.77357178507825
-2.832628583471471,37.85684260929871
-2.822550186518056,37.95315240636035
-2.812471789564641,38.06170890984949
-2.802393392611226,38.18712970777543
-2.792314995657811,38.32824609162448
-2.782236598704396,38.47932588759318
-2.77215820175098,38.63949753577984
-2.762079804797565,38.80788882265158
-2.75200140784415,38.98363699506191
-2.741923010890735,39.16589802517073
-2.731844613937319,39.35385486388674
-2.721766216983904,39.54672453914124
-2.711687820030489,39.74365745681889
-2.701609423077074,39.94916859194152
-2.691531026123659,40.16243568881465
-2.681452629170244,40.37780327028244
-2.671374232216829,40.59962321670915
-2.661295835263414,40.83225928579736
-2.651217438309998,41.07009066695319
-2.641139041356583,41.3075051554043
-2.631060644403168,41.54391293515783
-2.620982247449753,41.78374272295041
-2.610903850496338,42.02644182966481
-2.600825453542923,42.26636429223566
-2.590747056589507,42.50334249568429
-2.580668659636092,42.74146925201536
-2.570590262682677,42.9803080716558
-2.560511865729262,43.2143048006664
-2.550433468775847,43.4427769905198
-2.540355071822431,43.66537805126141
-2.530276674869016,43.88151645042532
-2.520198277915601,44.09035124949425
-2.510119880962186,44.29125760920592
-2.500041484008771,44.48880248141819
-2.489963087055356,44.68214438805661
-2.479884690101941,44.86553499907707
-2.469806293148526,45.03807475712751
-2.45972789619511,45.19918472186921
-2.449649499241696,45.34790009323263
-2.43957110228828,45.48327001429497
-2.429492705334865,45.60467698648741
-2.41941430838145,45.71624581100628
-2.409335911428034,45.82196803653833
-2.399257514474619,45.91578864765308
-2.389179117521204,45.99674407376037
-2.379100720567789,46.06410013377612
-2.369022323614374,46.11191470978574
-2.358943926660959,46.13893701840376
-2.348865529707544,46.14466332829522
-2.338787132754129,46.12818874443332
-2.328708735800713,46.0938032243286
-2.318630338847298,46.04087048831114
-2.308551941893883,45.96383534882524
-2.298473544940468,45.86222530361204
-2.288395147987053,45.73557069012069
-2.278316751033637,45.58883529677254
-2.268238354080223,45.42171402287051
-2.258159957126807,45.23411501296742
-2.248081560173392,45.02591981693551
-2.238003163219977,44.79732494689519
-2.227924766266562,44.5485794342104
-2.217846369313147,44.27493105122119
-2.207767972359731,43.97648537481262
-2.197689575406316,43.65877876498256
-2.187611178452901,43.32246569082255
-2.177532781499486,42.96281309715121
-2.167454384546071,42.5808497432321
-2.157375987592656,42.18209772532996
-2.147297590639241,41.76762989834087
-2.137219193685826,41.33322216383641
-2.12714079673241,40.87984701858828
-2.117062399778995,40.40855748603458
-2.10698400282558,39.92048368182072
-2.096905605872164,39.41682941427142
-2.08682720891875,38.89900285753499
-2.076748811965334,38.36811122663449
-2.06667041501192,37.830779826848
-2.056592018058504,37.28820345844282
-2.046513621105089,36.73695964106518
-2.036435224151674,36.18342466390068
-2.026356827198259,35.62935147000889
-2.016278430244844,35.07105014826978
-2.006200033291428,34.5103298178236
-1.996121636338013,33.9488062914108
-1.986043239384598,33.38789732528388
-1.975964842431183,32.8343713261407
-1.965886445477768,32.2898975826526
-1.955808048524353,31.75114567700711
-1.945729651570937,31.21966632471385
-1.935651254617522,30.69735228099281
-1.925572857664107,30.19069744224904
-1.915494460710692,29.70129321223435
-1.905416063757277,29.22581756651124
-1.895337666803862,28.76551693757226
-1.885259269850447,28.32679778312094
-1.875180872897031,27.91121947247132
-1.865102475943616,27.51487920352424
-1.855024078990201,27.13889769102738
-1.844945682036786,26.78442950740083
-1.834867285083371,26.45215046328261
-1.824788888129956,26.14295743448449
-1.81471049117654,25.85751111087191
-1.804632094223125,25.59633452573376
-1.79455369726971,25.35980635482995
-1.784475300316295,25.14804916427333
-1.77439690336288,24.96137397133204
-1.764318506409465,24.7997026395824
-1.75424010945605,24.6625954210741
-1.744161712502634,24.54966834534661
-1.734083315549219,24.46059714022036
-1.724004918595804,24.39457362488172
-1.713926521642389,24.35092194283827
-1.703848124688974,24.32836553137642
-1.693769727735559,24.32633027288132
-1.683691330782144,24.34329718360648
-1.673612933828728,24.38311320956324
-1.663534536875313,24.44432246591527
-1.653456139921898,24.52073719245445
-1.643377742968483,24.61087430252789
-1.633299346015068,24.712994366485
-1.623220949061652,24.82582894923387
-1.613142552108237,24.95262626981657
-1.603064155154822,25.09198914146608
-1.592985758201407,25.23744306714446
-1.582907361247992,25.38744688609854
-1.572828964294577,25.54087664610826
-1.562750567341161,25.69632854144924
-1.552672170387746,25.85263192021303
-1.542593773434331,26.00872443200548
-1.532515376480916,26.1636592731778
-1.522436979527501,26.31661043939367
-1.512358582574086,26.46687597809213
-1.502280185620671,26.61875132697238
-1.492201788667256,26.77685390484476
-1.48212339171384,26.93586454969598
-1.472044994760425,27.09020560494243
-1.46196659780701,27.23986985784347
-1.451888200853595,27.38957173674022
-1.44180980390018,27.53938215962236
-1.431731406946765,27.68408585256885
-1.42165300999335,27.82387917202342
-1.411574613039934,27.95882921318257
-1.401496216086519,28.08942040770307
-1.391417819133104,28.21583635474991
-1.381339422179689,28.33845331392418
-1.371261025226274,28.45769770826776
-1.361182628272859,28.57393129262973
-1.351104231319443,28.68802530512441
-1.341025834366028,28.80003447367431
-1.330947437412613,28.91084969331631
-1.320869040459198,29.02079270039485
-1.310790643505783,29.1306664049649
-1.300712246552368,29.24588375057401
-1.290633849598952,29.36696921760948
-1.280555452645537,29.48931365372972
-1.270477055692122,29.6185921914111
-1.260398658738707,29.75507721547904
-1.250320261785292,29.89413728975986
-1.240241864831877,30.03598904254044
-1.230163467878462,30.1811640636251
-1.220085070925046,30.32979619041155
-1.210006673971631,30.48212026515409
-1.199928277018216,30.6383344930508
-1.189849880064801,30.79859639881812
-1.179771483111386,30.96301831608484
-1.16969308615797,31.13664098721136
-1.159614689204555,31.31956718017417
-1.14953629225114,31.51132648373134
-1.139457895297725,31.71202820535938
-1.12937949834431,31.91622008375388
-1.119301101390895,32.12338097486283
-1.10922270443748,32.33325218166143
-1.099144307484065,32.54512367288006
-1.089065910530649,32.75833249212399
-1.078987513577234,32.97710431487873
-1.068909116623819,33.20055622054023
-1.058830719670404,33.42258939651666
-1.048752322716989,33.64233315549748
-1.038673925763574,33.85845867783178
-1.028595528810158,34.06968452352511
-1.018517131856743,34.27464764817989
-1.008438734903328,34.47180352798539
-0.998360337949913,34.65988260758375
-0.9882819409964977,34.84216900852736
-0.9782035440430825,35.01715308828467
-0.9681251470896675,35.17780250535394
-0.9580467501362523,35.32273072683842
-0.9479683531828372,35.45007728560135
-0.937889956229422,35.55813414034477
-0.9278115592760068,35.65020888980937
-0.9177331623225917,35.72464897074739
-0.9076547653691766,35.77499563653625
-0.8975763684157615,35.79949734665806
-0.8874979714623461,35.79686093049946
-0.877419574508931,35.76582259970785
-0.8673411775555159,35.70527253642907
-0.8572627806021008,35.61427151494369
-0.8471843836486856,35.49704433780086
-0.8371059866952705,35.35797620603997
-0.8270275897418553,35.19162869496092
-0.8169491927884401,34.99274420582732
-0.806870795835025,34.76126960762346
-0.7967923988816098,34.50236056633288
-0.7867140019281946,34.21638788968222
-0.7766356049747795,33.90391493818886
-0.7665572080213644,33.56569394251236
-0.7564788110679492,33.19757476276512
-0.7464004141145341,32.80093957067747
-0.7363220171611189,32.3770032911786
-0.7262436202077037,31.93228048930991
-0.7161652232542887,31.4684404055497
-0.7060868263008734,30.98726813611012
-0.6960084293474583,30.49053953550451
-0.685930032394043,29.97547137458878
-0.675851635440628,29.44398660838682
-0.6657732384872128,28.89821716664947
-0.6556948415337976,28.340348971773
-0.6456164445803826,27.77260098805625
-0.6355380476269673,27.197204579725
-0.6254596506735522,26.6163834778709
-0.615381253720137,26.03233463156368
-0.6053028567667219,25.44721018840985
-0.5952244598133066,24.86310081567459
-0.5851460628598916,24.28191401504142
-0.5750676659064764,23.70570225416304
-0.5649892689530612,23.13638957263739
-0.5549108719996462,22.57555381576433
-0.5448324750462309,22.02478645706305
-0.5347540780928158,21.48544571433634
-0.5246756811394007,20.96407869200989
-0.5145972841859855,20.46171360813083
-0.5045188872325703,19.97436083087895
-0.4944404902791552,19.50287478242356
-0.48436209332574,19.04797749696905
-0.4742836963723248,18.61026178052062
-0.4642052994189097,18.19019521470314
-0.4541269024654946,17.78812482133817
-0.4440485055120794,17.40428220985547
-0.4339701085586642,17.0437676138303
-0.4238917116052491,16.7065604954824
-0.413813314651834,16.38752567451643
-0.4037349176984188,16.08641485732935
-0.3936565207450036,15.80289436445779
-0.3835781237915885,15.53644461753273
-0.3734997268381733,15.28681396064068
-0.3634213298847582,15.05331413492209
-0.353342932931343,14.83522062027226
-0.3432645359779278,14.63209126665604
-0.3331861390245127,14.44306064935247
-0.3231077420710975,14.26734590372833
-0.3130293451176824,14.10411630746956
-0.3029509481642672,13.95249673618164
-0.2928725512108521,13.81157103799532
-0.2827941542574369,13.68038541877531
-0.2727157573040218,13.55795193001667
-0.2626373603506066,13.44325214831098
-0.2525589633971915,13.33513460783528
-0.2424805664437763,13.23774584175089
-0.2324021694903612,13.14972375790994
-0.222323772536946,13.06515344050244
-0.2122453755835308,12.98272495147697
-0.2021669786301157,12.90126382400509
-0.1920885816767005,12.8196045483782
-0.1820101847232854,12.73659847817645
-0.1719317877698702,12.65112205213918
-0.1618533908164551,12.56197873106208
-0.1517749938630399,12.46835576385842
-0.1416965969096247,12.36912302832022
-0.1316181999562096,12.26334357271801
-0.1215398030027945,12.1501479318969
-0.1114614060493793,12.02874213284791
-0.1013830090959641,11.89841521464832
-0.09130461214254898,11.75854613087445
-0.08122621518913382,11.60860990739526
-0.07114781823571867,11.44807641574108
-0.06106942128230352,11.28184143764791
-0.05099102432888836,11.10952511323351
-0.0409126273754732,10.92597653280136
-0.03083423042205805,10.73113660533384
-0.0207558334686429,10.52506010240242
-0.01067743651522774,10.30780844878168
-0.0005990395618125874,10.07989588410245
0.009479357391602567,9.846554936179547
0.01955775434501772,9.608238819671673
0.02963615129843288,9.360482111787134
0.03971454825184804,9.103889823776683
0.04979294520526319,8.8391518179473
0.05987134215867835,8.567034839911756
0.0699497391120935,8.288267189751672
0.08002813606550865,8.003870853316251
0.09010653301892381,7.714889800953387
0.100184929972339,7.422171705263131
0.1102633269257541,7.126725181460141
0.1203417238791693,6.829468436881876
0.1304201208325844,6.531666703037558
0.1404985177859996,6.234105396507957
0.1505769147394147,5.938030110972927
0.1606553116928299,5.644293132825965
0.170733708646245,5.353846398100139
0.1808121055996602,5.06759916114418
0.1908905025530754,4.786303996572206
0.2009688995064905,4.510998380476833
0.2110472964599057,4.242182744291608
0.2211256934133208,3.980765997649522
0.231204090366736,3.72721809815314
0.2412824873201511,3.482069465426696
0.2513608842735663,3.245775386559647
0.2614392812269815,3.018715431674738
0.2715176781803966,2.801193795090671
0.2815960751338117,2.593440505960457
0.2916744720872269,2.395613440847252
0.3017528690406421,2.207801061280631
0.3118312659940572,2.030025791994529
0.3219096629474724,1.862247950306501
0.3319880599008875,1.704370133927625
0.3420664568543027,1.556241973317491
0.3521448538077178,1.417665155401094
0.362223250761133,1.288398627890348
0.3723016477145482,1.168163897418875
0.3823800446679633,1.056650339999235
0.3924584416213784,0.9534139280016689
0.4025368385747936,0.858330515370019
0.4126152355282087,0.7708909754338032
0.4226936324816239,0.6907078854534251
0.4327720294350391,0.6173859161281917
0.4428504263884542,0.550525939147161
0.4529288233418693,0.4897287859182561
0.4630072202952846,0.4345986403320493
0.4730856172486997,0.384746055973476
0.4831640142021149,0.3396840744482541
0.49324241115553,0.2992786580197225
0.5033208081089452,0.2630408000239902
0.5133992050623604,0.2306300727416959
0.5234776020157754,0.2017218319325448
0.5335559989691906,0.1760081467317494
0.5436343959226058,0.1531984377169765
0.5537127928760209,0.1330198493385659
0.5637911898294361,0.1152173839215833
0.5738695867828512,0.09955382485240505
0.5839479837362664,0.08580947642089588
0.5940263806896815,0.07378174717215159
0.6041047776430968,0.06328460260162032
0.6141831745965118,0.05414791167660261
0.624261571549927,0.04621671005619169
0.6343399685033422,0.03935040107786301
0.6444183654567572,0.03342191364469808
0.6544967624101725,0.0283168341396572
0.6645751593635876,0.02393252746316465
0.6746535563170029,0.02007073955736435
0.6847319532704179,0.01688490204842458
0.6948103502238332,0.01416950246853088
0.7048887471772483,0.01186127316986474
0.7149671441306634,0.01003844762579033
0.7250455410840786,0.008418089293853421
0.7351239380374937,0.007065254849596836
0.7452023349909089,0.005944249643376719
0.755280731944324,0.005024623634122187
0.7653591288977392,0.004280699902298252
0.7754375258511543,0.003691157364094999
0.7855159228045695,0.003238668018977636
0.7955943197579847,0.002909588615624941
0.8056727167113998,0.002693706277148152
0.815751113664815,0.002584037368690809
0.8258295106182301,0.002576678701682623
0.8359079075716452,0.002670710031375203
0.8459863045250604,0.002868146699947455
0.8560647014784756,0.003067420464410527
0.8661430984318906,0.003511596675828057
0.8762214953853059,0.004078680558112106
0.8862998923387211,0.004783756589231028
0.8963782892921363,0.005645160296707932
0.9064566862455513,0.006684727773974865
0.9165350831989665,0.007928079523273025
0.9266134801523818,0.009298415722230067
0.9366918771057968,0.01106502966197902
0.946770274059212,0.01313389013856164
0.9568486710126271,0.01555003422853275
0.9669270679660422,0.01836396654149468
0.9770054649194575,0.02163210636568234
0.9870838618728726,0.02541723474638709
0.9971622588262877,0.02978893409523353
1.007240655779703,0.0348240117459635
1.017319052733118,0.04060689766876478
1.027397449686533,0.04723000535631171
1.037475846639948,0.05479404373097242
1.047554243593364,0.06340826682874336
1.057632640546779,0.07319064703000788
1.067711037500194,0.08426795677220404
1.077789434453609,0.09677574303971345
1.087867831407024,0.1108581785283331
1.097946228360439,0.1266677732729203
1.108024625313854,0.1443649307539377
1.11810302226727,0.1641173331064007
1.128181419220685,0.1860991410841194
1.1382598161741,0.2104899959186868
1.148338213127515,0.2374738121846164
1.15841661008093,0.2672373532584488
1.168495007034345,0.2999685839485752
1.17857340398776,0.3358547983693046
1.188651800941176,0.3750805251183819
1.198730197894591,0.4178252162572615
1.208808594848006,0.4642607314369293
1.218886991801421,0.5145486336909164
1.228965388754836,0.5688373188462034
1.239043785708251,0.6272590060802362
1.249122182661667,0.6899266227609409
1.259200579615082,0.7569306222153575
1.269278976568497,0.8283357783386489
1.279357373521912,0.9041780058275743
1.289435770475327,0.9844612591448355
1.299514167428742,1.069154566935767
1.309592564382158,1.158189261372929
1.319670961335573,1.251456463651837
1.329749358288988,1.348804887470259
1.339827755242403,1.450039021680335
1.349906152195818,1.554917751316869
1.359984549149233,1.663287514511227
1.370062946102649,1.774579999675487
1.380141343056064,1.888522227410886
1.390219740009479,2.004689309530375
1.400298136962894,2.122746601809175
1.410376533916309,2.241950013413683
1.420454930869724,2.361858801421209
1.430533327823139,2.481891101786074
1.440611724776554,2.601434827068874
1.45069012172997,2.719852693152081
1.460768518683385,2.836487854527735
1.4708469156368,2.950670094385118
1.480925312590215,3.061722503614483
1.49100370954363,3.168968571552298
1.501082106497046,3.271739601114199
1.511160503450461,3.369382352165646
1.521238900403876,3.461266809812114
1.531317297357291,3.546793968960484
1.541395694310706,3.62540352317875
1.551474091264121,3.696581344681447
1.561552488217536,3.759866643259473
1.571630885170952,3.814858695164222
1.581709282124367,3.861223038299186
1.591787679077782,3.898697037460486
1.601866076031197,3.927094732639889
1.611944472984612,3.946310894346226
1.622022869938027,3.956324222255307
1.632101266891443,3.962178211112594
1.642179663844858,3.963987480406267
1.652258060798273,3.956938638873287
1.662336457751688,3.941285668867423
1.672414854705103,3.917370729515981
1.682493251658518,3.885622551939367
1.692571648611934,3.84655387209879
1.702650045565349,3.80075793408472
1.712728442518764,3.748904108635706
1.722806839472179,3.691732682299822
1.732885236425594,3.630048881739449
1.742963633379009,3.564716205109134
1.753042030332424,3.496649138138561
1.76312042728584,3.426805336519884
1.773198824239255,3.356177358480586
1.78327722119267,3.285784032124152
1.793355618146085,3.216661541395367
1.8034340150995,3.149854312571644
1.813512412052915,3.08640578022685
1.82359080900633,3.027349107913982
1.833669205959746,2.973697934634648
1.843747602913161,2.926571255472836
1.853825999866576,2.886682452133711
1.863904396819991,2.85504033140298
1.873982793773406,2.832492481563087
1.884061190726821,2.819823645376208
1.894139587680236,2.817747950880628
1.904217984633652,2.826901570239918
1.914296381587067,2.847835855764872
1.924374778540482,2.88101100260454
1.934453175493897,2.926790288633624
1.944531572447312,2.9854349435782
1.954609969400728,3.057099701200234
1.964688366354143,3.141829090144125
1.974766763307558,3.239554520545186
1.984845160260973,3.350092224402386
1.994923557214388,3.473142107711706
2.005001954167803,3.608287571136123
2.015080351121219,3.754996353269787
2.025158748074634,3.912622446088566
2.035237145028049,4.080409125766709
2.045315541981464,4.257493133539119
2.055393938934879,4.442910030629331
2.065472335888294,4.635600738450114
2.075550732841709,4.834419260403831
2.085629129795124,5.038141564834443
2.09570752674854,5.245475590266119
2.105785923701955,5.455072314338761
2.11586432065537,5.665537807223609
2.125942717608785,5.875446169241642
2.1360211145622,6.083353231432929
2.146099511515616,6.287810877491935
2.156177908469031,6.487381826367982
2.166256305422446,6.680654697509811
2.176334702375861,6.866259165771361
2.186413099329276,7.042881000921819
2.196491496282691,7.209276777994364
2.206569893236106,7.364288039774912
2.216648290189521,7.506854691901603
2.226726687142937,7.636027414549706
2.236805084096352,7.750978882641625
2.246883481049767,7.851013598962275
2.256961878003182,7.935576161375013
2.267040274956597,8.004257806306001
2.277118671910012,8.061779669610921
2.287197068863427,8.108000492468273
2.297275465816843,8.137917790845437
2.307353862770258,8.151662439568486
2.317432259723673,8.154496130421288
2.327510656677088,8.146811718175154
2.337589053630504,8.124127023372369
2.347667450583919,8.087072170398789
2.357745847537334,8.036401473990603
2.367824244490749,7.972982181051364
2.377902641444164,7.897781664577258
2.387981038397579,7.811853269214061
2.398059435350994,7.716321032905894
2.408137832304409,7.612363529832996
2.418216229257824,7.501197095915221
2.42829462621124,7.384058709227406
2.438373023164655,7.262188803496308
2.44845142011807,7.136814293308413
2.458529817071485,7.009132084759019
2.4686082140249,6.880293335138554
2.478686610978316,6.751388710122106
2.488765007931731,6.623434867148932
2.498843404885146,6.497362369696045
2.508921801838561,6.374005209494467
2.519000198791976,6.254092083012512
2.529078595745391,6.138239535398047
2.539156992698806,6.026947050233788
2.549235389652222,5.920487606918494
2.559313786605637,5.819354921644428
2.569392183559052,5.723554697054875
2.579470580512467,5.633109562672113
2.589548977465882,5.54792981114661
2.599627374419297,5.467819851548647
2.609705771372712,5.392486185483228
2.619784168326128,5.321546729853182
2.629862565279543,5.254541290323997
2.639940962232958,5.191077015655076
2.650019359186373,5.130338563573175
2.660097756139788,5.07181054850973
2.670176153093204,5.014842294952442
2.680254550046619,4.958767313940471
2.690332947000034,4.902916071591229
2.700411343953449,4.846628359467435
2.710489740906864,4.789265070277552
2.720568137860279,4.730219200119667
2.730646534813694,4.668925919047344
2.740724931767109,4.604871574652357
2.750803328720525,4.537601518083532
2.76088172567394,4.471705242035515
2.770960122627355,4.406826605217712
2.78103851958077,4.337668204398312
2.791116916534185,4.263989880578083
2.801195313487601,4.185632270514753
2.811273710441016,4.102517599054445
2.821352107394431,4.014649188894122
2.831430504347846,3.922109759401037
2.841508901301261,3.825058604635645
2.851587298254676,3.723727756608442
2.861665695208091,3.618417252815037
2.871744092161507,3.509489637073283
2.881822489114922,3.397363829539724
2.891900886068337,3.282508505489971
2.901979283021752,3.165435123060023
2.912057679975167,3.046690737781631
2.922136076928582,2.926850736586494
2.932214473881998,2.806511616240217
2.942292870835412,2.686283921186686
2.952371267788828,2.56678544386725
2.962449664742243,2.448634777090283
2.972528061695658,2.332445293351848
2.982606458649073,2.218819610547249
2.992684855602488,2.10834458766969
3.002763252555904,2.001586878263719
3.012841649509319,1.899089053969856
3.022920046462734,1.801366295821792
3.032998443416149,1.708903637366307
3.043076840369564,1.622153731458295
3.053155237322979,1.541535101985727
3.063233634276395,1.467430833000265
3.073312031229809,1.400187640916986
3.083390428183225,1.340115270695996
3.09346882513664,1.287486154271938
3.103547222090055,1.242535268943228
3.113625619043471,1.205460134909604
3.123704015996885,1.176420894543541
3.133782412950301,1.155540421143157
3.143860809903716,1.142904411645872
3.153939206857131,1.138695467550236
3.164017603810546,1.142691089145739
3.174096000763961,1.154973364424956
3.184174397717376,1.175480600079013
3.194252794670791,1.204007023365679
3.204331191624207,1.240650569138939
3.214409588577622,1.285102651395213
3.224487985531037,1.337149698791646
3.234566382484452,1.396432176784016
3.244644779437867,1.462892402646534
3.254723176391282,1.536064521608524
3.264801573344698,1.615576449339625
3.274879970298112,1.701016043590685
3.284958367251528,1.791931614188919
3.295036764204943,1.887832790366428
3.305115161158358,1.988191802184368
3.315193558111774,2.092445226952043
3.325271955065189,2.19999624382202
3.335350352018604,2.310217430312048
3.345428748972019,2.42245412355157
3.355507145925434,2.536028356807829
3.365585542878849,2.65024336858515
3.375663939832264,2.764388667614737
3.385742336785679,2.877745622690608
3.395820733739095,2.98972757360521
3.405899130692509,3.099384357060338
3.415977527645925,3.206118974353731
3.42605592459934,3.309246570847738
3.436134321552755,3.40810827768825
3.44621271850617,3.502212643357337
3.456291115459586,3.590741017221933
3.466369512413001,3.673264567661497
3.476447909366416,3.749303070092738
3.486526306319831,3.81843799130101
3.496604703273246,3.880318543395422
3.506683100226661,3.934667115665015
3.516761497180076,3.98141802079655
3.526839894133492,4.02021941317581
3.536918291086907,4.051146095054367
3.546996688040322,4.074253395622558
3.557075084993737,4.094797330695682
3.567153481947152,4.112737582223779
3.577231878900567,4.123446690996528
3.587310275853983,4.127255708340729
3.597388672807398,4.124579862078214
3.607467069760813,4.115915215655892
3.617545466714227,4.101968348522142
3.627623863667643,4.083149069252664
3.637702260621058,4.060274036561465
3.647780657574473,4.034245676542545
3.657859054527889,4.005649101881282
3.667937451481304,3.975453742060022
3.678015848434719,3.944450068633367
3.688094245388134,3.913795408088489
3.698172642341549,3.884295129061057
3.708251039294964,3.856895614381475
3.71832943624838,3.832541362450968
3.728407833201795,3.812166405106028
3.73848623015521,3.796686134387687
3.748564627108625,3.78698966322406
3.758643024062041,3.783932833434096
3.768721421015455,3.788331970579099
3.77879981796887,3.800958469285221
3.788878214922286,3.822534275032205
3.798956611875701,3.853728309384431
3.809035008829116,3.895153865591024
3.819113405782531,3.94736698078741
3.829191802735946,4.010865770093234
3.839270199689361,4.086090687133036
3.849348596642776,4.173425655323411
3.859426993596192,4.273199995086446
3.869505390549607,4.385691054367978
3.879583787503022,4.51112743384673
3.889662184456438,4.649692684379004
3.899740581409852,4.801529342863536
3.909818978363267,4.966743164124489
3.919897375316683,5.145407400843375
3.929975772270098,5.337566981216911
3.940054169223513,5.543242435013486
3.950132566176928,5.762433423118037
3.960210963130343,5.995121733498237
3.970289360083759,6.241273617727008
3.980367757037173,6.500841356617609
3.990446153990589,6.773763960953953
4.000524550944004,7.059966933444707
4.010602947897419,7.359361040538726
4.020681344850835,7.671840067191857
4.03075974180425,7.997277553591854
4.040838138757664,8.335522539701048
4.050916535711079,8.686394370697807
4.060994932664495,9.049676643391249
4.07107332961791,9.430088973984011
4.081151726571325,9.8272845505972
4.09123012352474,10.23584271646963
4.101308520478155,10.65525674895176
4.11138691743157,11.08494791566739
4.121465314384986,11.52425816289601
4.131543711338401,11.97244305974136
4.141622108291816,12.42866520196638
4.151700505245231,12.89198828126935
4.161778902198646,13.3613720232189
4.171857299152061,13.83566818997587
4.181935696105477,14.3136178323276
4.192014093058892,14.79384995956886
4.202092490012307,15.27488177560545
4.212170886965722,15.75512060565724
4.222249283919138,16.23286761050846
4.232327680872553,16.70632335489573
4.242406077825968,17.17359526390966
4.252484474779383,17.6327069668468
4.262562871732798,18.08160949246614
4.272641268686213,18.5181942437901
4.282719665639628,18.94030764517234
4.292798062593044,19.34576732006262
4.302876459546458,19.73237962544352
4.312954856499873,20.10293691312182
4.323033253453289,20.4552421196057
4.333111650406704,20.78212952307974
4.343190047360119,21.08148138632537
4.353268444313534,21.35127108960475
4.363346841266949,21.59456318285447
4.373425238220364,21.80953930010343
4.38350363517378,21.98951871556658
4.393582032127195,22.13297322822513
4.40366042908061,22.2385669747589
4.413738826034025,22.30517305006238
4.423817222987441,22.33188809771425
4.433895619940856,22.3230232106763
4.443974016894271,22.27811877469641
4.454052413847686,22.19195218419918
4.464130810801101,22.06453829997271
4.474209207754516,21.90102551321521
4.484287604707932,21.70214857325103
4.494366001661347,21.46351604429216
4.504444398614762,21.18610216653042
4.514522795568176,20.87112629604976
4.524601192521592,20.52004224736769
4.534679589475007,20.13950364764835
4.544757986428422,19.7313533240059
4.554836383381837,19.29260603981586
4.564914780335252,18.83040339976976
4.574993177288667,18.34701992692555
4.585071574242083,17.83984185597172
4.595149971195498,17.31134036064952
4.605228368148913,16.76407041771649
4.615306765102328,16.20064777576465
4.625385162055744,15.62372575657037
4.635463559009159,15.03597218683942
4.645541955962574,14.44004674943348
4.65562035291599,13.8385790298277
4.665698749869404,13.2341475159989
4.675777146822819,12.62925978860114
4.685855543776235,12.02633411363748
4.69593394072965,11.42768262242755
4.706012337683065,10.83549623408194
4.716090734636479,10.25183144454038
4.726169131589895,9.678599074137304
4.73624752854331,9.117555033250499
4.746325925496725,8.570293133480513
4.756404322450141,8.038239940582761
4.766482719403555,7.522651635578442
4.77656111635697,7.0246128225978
4.786639513310386,6.545037196496045
4.796717910263801,6.084669960495575
4.806796307217216,5.644091864343004
4.816874704170631,5.223724716943445
4.826953101124047,4.82383821428753
4.837031498077462,4.444557913780151
4.847109895030877,4.085874179800673
4.857188291984293,3.747651922387236
4.867266688937707,3.429640951192751
4.877345085891122,3.131486770098816
4.887423482844538,2.852741643837594
4.897501879797953,2.592875776361679
4.907580276751368,2.351288451187223
4.917658673704783,2.127318996164621
4.927737070658198,1.920257448739503
4.937815467611613,1.729354812388933
4.947893864565028,1.553832810193478
4.957972261518444,1.39289305708985
4.968050658471859,1.245725587917037
4.978129055425273,1.11151669362459
4.988207452378689,0.9893495119657735
4.998285849332104,0.878658563088125
5.008364246285519,0.7785255779989098
5.018442643238935,0.6881863710049699
5.028521040192349,0.6069009731885651
5.038599437145765,0.5339570993522755
5.04867783409918,0.468672940238142
5.058756231052596,0.4103993198153387
5.068834628006011,0.3585212623695118
5.078913024959425,0.3124590177646813
5.088991421912841,0.2716685956590242
5.099069818866256,0.2356418607308175
5.109148215819671,0.2039062412161574
5.119226612773087,0.1760241023915354
5.129305009726501,0.151591835173689
5.139383406679916,0.1302387078805557
5.149461803633331,0.111625526524009
5.159540200586747,0.09544314590711329
5.169618597540162,0.08141087038963542
5.179696994493577,0.06927477957129538
5.189775391446992,0.0588060104190981
5.199853788400407,0.04979902361894691
5.209932185353822,0.0420698782373952
5.220010582307238,0.03545453520023707
5.230088979260652,0.02970068595845276
5.240167376214067,0.02491432972626878
5.250245773167483,0.02084846440223845
5.260324170120898,0.01740364497752956
5.270402567074314,0.014492616304678
5.280480964027729,0.0119325504697329
5.290559360981144,0.009892058975762428
5.300637757934559,0.008180334651185634
5.310716154887974,0.006748168172464141
5.32079455184139,0.005553038415989922
5.330872948794805,0.004558321154826214
5.340951345748219,0.003732571502657844
5.351029742701635,0.002942355856288061
5.36110813965505,0.002399838852142739
5.371186536608465,0.001952475238856614
5.38126493356188,0.001584547790531616
5.391343330515295,0.001176227095746386
5.40142172746871,0.0009514055479336407
5.411500124422125,0.0007676142771752859
5.421578521375541,0.0006177649420598314
5.431656918328956,0.0004959139332756215
5.44173531528237,0.0003970929581451038
5.451813712235786,0.0002106410727836404
5.461892109189201,0.0001682452850264519
5.471970506142616,0.0001340416977456774
5.482048903096032,0
6.560437377111453,0
