-377.4411711592692,0
-377.4310654749806,0
-376.3598629403912,0.0001263868566749324
-376.3497572561026,0.0001588327651947306
-376.339651571814,0.0001990991813408456
-376.3295458875255,0.0002489373403654077
-376.3194402032368,0.0003104572524779581
-376.3093345189483,0.0005125801856624996
-376.2992288346597,0.0006380130253717804
-376.2891231503711,0.000918526415917641
-376.2790174660825,0.001519014484975799
-376.2689117817939,0.002140251233148232
-376.2588060975054,0.002657195295018294
-376.2487004132167,0.003417277966677209
-376.2385947289282,0.004224528042679643
-376.2284890446396,0.005209671826026627
-376.2183833603511,0.006535187420106372
-376.2082776760624,0.008149831669678807
-376.1981719917738,0.009985396704003079
-376.1880663074853,0.01233099188319577
-376.1779606231967,0.0150395504779099
-376.1678549389081,0.01829856623173611
-376.1577492546195,0.02220980351590702
-376.147643570331,0.02701806457168734
-376.1375378860424,0.03264037792697665
-376.1274322017538,0.03933732497828663
-376.1173265174652,0.04729370452438424
-376.1072208331767,0.05672191306343826
-376.0971151488881,0.06786527155522352
-376.0870094645995,0.08138077125550962
-376.0769037803109,0.0970499945020739
-376.0667980960224,0.1154428925393722
-376.0566924117338,0.1374834291504629
-376.0465867274452,0.1626363894989126
-376.0364810431566,0.192187311040099
-376.0263753588681,0.226291240047989
-376.0162696745794,0.2658174535412035
-376.0061639902909,0.3117636986897662
-375.9960583060023,0.3650219903232477
-375.9859526217137,0.4260824096969315
-375.9758469374251,0.4959236538162959
-375.9657412531365,0.5758685370971273
-375.955635568848,0.6675258263897833
-375.9455298845594,0.7715769504683934
-375.9354242002708,0.889787351315579
-375.9253185159822,1.023744548439717
-375.9152128316937,1.175162896867782
-375.9051071474051,1.345886581951269
-375.8950014631164,1.537891646018262
-375.8848957788279,1.753286902376957
-375.8747900945393,1.994313592479645
-375.8646844102508,2.263343645049856
-375.8545787259621,2.562876401887651
-375.8444730416736,2.895533684077252
-375.834367357385,3.264053084544758
-375.8242616730964,3.671279388397614
-375.8141559888078,4.120154041187019
-375.8040503045193,4.613702607047732
-375.7939446202307,5.155020183370865
-375.7838389359421,5.747254765943806
-375.7737332516535,6.393588587940597
-375.7636275673649,7.097217487269331
-375.7535218830764,7.861328388997769
-375.7434161987878,8.689075022231084
-375.7333105144992,9.583552023193068
-375.7232048302106,10.54776760761192
-375.7130991459221,11.58461502506202
-375.7029934616335,12.69684303489804
-375.6928877773449,13.88702566710084
-375.6827820930563,15.15753155105816
-375.6726764087678,16.51049311043398
-375.6625707244791,17.94777593235296
-375.6524650401906,19.47094862379487
-375.642359355902,21.08125346715903
-375.6322536716135,22.77957818040061
-375.6221479873248,24.56642907511255
-375.6120423030363,26.44190588877377
-375.6019366187477,28.4056785456306
-375.5918309344591,30.45696607502098
-375.5817252501705,32.59451788724439
-375.5716195658819,34.81659757630332
-375.5615138815934,37.12096938707142
-375.5514081973048,39.50488745281962
-375.5413025130162,41.96508787869177
-375.5311968287276,44.49778371879053
-375.521091144439,47.0986628700347
-375.5109854601505,49.76288888578109
-375.5008797758618,52.48510469708386
-375.4907740915733,55.25943921988832
-375.4806684072847,58.07951682265922
-375.4705627229961,60.93846963088216
-375.4604570387075,63.82895265220024
-375.450351354419,66.74316171800342
-375.4402456701304,69.67784462183479
-375.4301399858418,72.62430584364526
-375.4200343015532,75.56843357143258
-375.4099286172647,78.5007490800822
-375.3998229329761,81.41144987336646
-375.3897172486875,84.29543667978089
-375.3796115643989,87.1423343808049
-375.3695058801104,89.94152599058833
-375.3594001958218,92.69717122283546
-375.3492945115332,95.40319150218916
-375.3391888272446,98.03330776943238
-375.3290831429561,100.5711596710138
-375.3189774586675,103.0054199802862
-375.3088717743788,105.3198838976701
-375.2987660900903,107.5085514511771
-375.2886604058017,109.5656839175617
-375.2785547215132,111.4758624370057
-375.2684490372245,113.229076901645
-375.258343352936,114.8158161317198
-375.2482376686474,116.2221582071375
-375.2381319843588,117.4398693694052
-375.2280263000702,118.4664818995131
-375.2179206157816,119.2953499851443
-375.2078149314931,119.9157208446661
-375.1977092472044,120.322820051775
-375.1876035629159,120.512921332334
-375.1774978786273,120.4833994281894
-375.1673921943387,120.2477457624867
-375.1572865100501,119.8105374162699
-375.1471808257616,119.1624352848099
-375.137075141473,118.3251915204495
-375.1269694571844,117.2966100759132
-375.1168637728958,116.0655541382148
-375.1067580886073,114.6370006477819
-375.0966524043187,113.00706493943
-375.0865467200301,111.1929840145498
-375.0764410357415,109.2230115991925
-375.0663353514529,107.1062641121605
-375.0562296671644,104.8326527133895
-375.0461239828758,102.4029021310425
-375.0360182985872,99.84351285288888
-375.0259126142986,97.16662927517926
-375.0158069300101,94.36993878370563
-375.0057012457215,91.46662233130671
-374.9955955614329,88.47027192289889
-374.9854898771443,85.39477542237854
-374.9753841928558,82.25419913139714
-374.9652785085672,79.06266973014793
-374.9551728242786,75.83425717283824
-374.94506713999,72.58286010176087
-374.9349614557014,69.32209528480497
-374.9248557714129,66.06519249361315
-374.9147500871242,62.8248961258369
-374.9046444028357,59.61337473813047
-374.8945387185471,56.44213950022483
-374.8844330342585,53.3219724086013
-374.8743273499699,50.26286491518341
-374.8642216656813,47.27396743647814
-374.8541159813928,44.36355001612546
-374.8440102971041,41.53897422317594
-374.8339046128156,38.80667618369596
-374.823798928527,36.1721604682776
-374.8136932442385,33.64000439607057
-374.8035875599498,31.2138721699484
-374.7934818756613,28.89653812972496
-374.7833761913727,26.68991830274193
-374.7732705070841,24.59510934485403
-374.7631648227955,22.612433900473
-374.753059138507,20.74149136794554
-374.7429534542184,18.98121303566695
-374.7328477699298,17.32992055400972
-374.7227420856412,15.78538672699701
-374.7126364013527,14.34489764393134
-374.7025307170641,13.00531522287096
-374.6924250327755,11.76313930269089
-374.6823193484869,10.61456849609102
-374.6722136641984,9.555559099878881
-374.6621079799098,8.581881448719709
-374.6520022956212,7.689173191939561
-374.6418966113326,6.872989067639569
-374.631790927044,6.128846842252692
-374.6216852427555,5.452269174877684
-374.6115795584668,4.838821252625543
-374.6014738741783,4.284144124434057
-374.5913681898897,3.783983735236059
-374.5812625056011,3.334215729164097
-374.5711568213125,2.930866149058437
-374.5610511370239,2.570128209586362
-374.5509454527354,2.248375362679208
-374.5408397684468,1.962170906859215
-374.5307340841582,1.70827441665287
-374.5206283998696,1.483544972648157
-374.5105227155811,1.285364267741703
-374.5004170312925,1.110966524361021
-374.4903113470039,0.9579083353171609
-374.4802056627153,0.8239373303914028
-374.4700999784267,0.7068855151989423
-374.4599942941382,0.6050839365717187
-374.4498886098496,0.5165852409909369
-374.439782925561,0.4397490009557158
-374.4296772412724,0.3735029472712008
-374.4195715569838,0.31664441192333
-374.4094658726953,0.26768574072208
-374.3993601884067,0.225833906996701
-374.3892545041181,0.1900595316301001
-374.3791488198295,0.1594605007177605
-374.3690431355409,0.1334485591622951
-374.3589374512524,0.1114942247303022
-374.3488317669638,0.09282281288628853
-374.3387260826752,0.07717579807755319
-374.3286203983866,0.06400864650836803
-374.3185147140981,0.05295743154261902
-374.3084090298095,0.04360614259915763
-374.2983033455209,0.03590333136003893
-374.2881976612323,0.02948832636710578
-374.2780919769437,0.02415980910113504
-374.2679862926552,0.01974533766176462
-374.2578806083665,0.01609767000883016
-374.247774924078,0.01279053700498011
-374.2376692397894,0.01028184465483074
-374.2275635555009,0.008226625754303376
-374.2174578712122,0.006145982242835859
-374.2073521869237,0.004961115490140237
-374.1972465026351,0.003793983362804827
-374.1871408183465,0.003049477717014808
-374.1770351340579,0.00244488312377318
-374.1669294497693,0.001754584714523065
-374.1568237654808,0.0009995857344460878
-374.1467180811922,0.0005972975440225368
-374.1366123969036,0.0004764982955841919
-374.126506712615,0.0003791605700247971
-374.1164010283264,0
-173.9733236930039,0.0003791605700247971
-173.9632180087153,0.0006028851522591243
-173.9531123244267,0.001008904022567132
-173.9430066401382,0.001769124159526259
-173.9329009558496,0.002340225377934828
-173.922795271561,0.003301301980754385
-173.9126895872724,0.00462154287956103
-173.9025839029838,0.005880469863611405
-173.8924782186953,0.007431311263186045
-173.8823725344067,0.009210400371507551
-173.8722668501181,0.01151306920997728
-173.8621611658295,0.01420059384273696
-173.8520554815409,0.01747145862156089
-173.8419497972524,0.02156808353056092
-173.8318441129638,0.02653323772355523
-173.8217384286752,0.03240891314599281
-173.8116327443866,0.03948658342738769
-173.801527060098,0.0479894376269633
-173.7914213758094,0.05817721335778699
-173.7813156915209,0.07035119250544196
-173.7712100072323,0.08485969164847953
-173.7611043229437,0.102104061506848
-173.7509986386551,0.1225452029981826
-173.7408929543666,0.146710599166317
-173.730787270078,0.1752018522421602
-173.7206815857894,0.2087027033063508
-173.7105759015008,0.2479874983769158
-173.7004702172122,0.2939300492114193
-173.6903645329237,0.3475128197046539
-173.6802588486351,0.4098363495460102
-173.6701531643465,0.4821288059030599
-173.6600474800579,0.5657555315166888
-173.6499417957693,0.6622284340017434
-173.6398361114807,0.773215036701142
-173.6297304271922,0.9005469865824357
-173.6196247429036,1.046227789924114
-173.609519058615,1.212439522532567
-173.5994133743264,1.401548238662505
-173.5893076900379,1.616107782464893
-173.5792020057493,1.858861688506145
-173.5690963214607,2.132742844593927
-173.5589906371721,2.440870581747606
-173.5488849528835,2.786671240475777
-173.538779268595,3.173648778423089
-173.5286735843064,3.605473901872179
-173.5185679000178,4.085590160133021
-173.5084622157292,4.618235565800363
-173.4983565314406,5.207074698085631
-173.488250847152,5.856385971889836
-173.4781451628635,6.570284018306155
-173.4680394785749,7.352882042244087
-173.4579337942863,8.208375351349828
-173.4478281099977,9.140520937133232
-173.4377224257092,10.15338111893728
-173.4276167414206,11.25037290226685
-173.417511057132,12.43497826355092
-173.4074053728434,13.71026034093084
-173.3972996885549,15.07889989151808
-173.3871940042663,16.54313003222602
-173.3770883199777,18.10479686168613
-173.3669826356891,19.76482108652466
-173.3568769514005,21.52380313361774
-173.3467712671119,23.38154010233356
-173.3366655828234,25.33706914913547
-173.3265598985348,27.38861579041252
-173.3164542142462,29.53354870890242
-173.3063485299576,31.76834232511663
-173.2962428456691,34.08854835611833
-173.2861371613805,36.48877751595544
-173.2760314770919,38.96269241421945
-173.2659257928033,41.50301258150433
-173.2558201085147,44.10153239365517
-173.2457144242262,46.74915248210637
-173.2356087399376,49.43592500761572
-173.225503055649,52.15111294242215
-173.2153973713604,54.88326325519522
-173.2052916870718,57.62029362873394
-173.1951860027832,60.34959206749158
-173.1850803184947,63.058128476472
-173.1749746342061,65.73257702109198
-173.1648689499175,68.35944781572989
-173.1547632656289,70.92522624347599
-173.1446575813404,73.41651798758232
-173.1345518970518,75.8201976625362
-173.1244462127632,78.12355877536272
-173.1143405284746,80.31446263089326
-173.104234844186,82.38148372271277
-173.0941291598974,84.31404912777981
-173.0840234756089,86.10256944968435
-173.0739177913203,87.73855893436921
-173.0638121070317,89.2147425128607
-173.0537064227431,90.54011881291237
-173.0436007384546,91.7149687501183
-173.033495054166,92.73087521892577
-173.0233893698774,93.60074346249526
-173.0132836855888,94.31878429903892
-173.0031780013003,94.88051596034821
-172.9930723170117,95.30274668908322
-172.9829666327231,95.57851023405995
-172.9728609484345,95.69704924155062
-172.9627552641459,95.65882854580576
-172.9526495798573,95.4704924476181
-172.9425438955687,95.13976664322944
-172.9324382112802,94.67034481304577
-172.9223325269916,94.07676165414313
-172.912226842703,93.37422645290731
-172.9021211584144,92.56844847489405
-172.8920154741259,91.66549523299338
-172.8819097898373,90.67665782584761
-172.8718041055487,89.61329721445325
-172.8616984212601,88.48668358126463
-172.8515927369716,87.30784119827402
-172.841487052683,86.08740146454035
-172.8313813683944,84.83546658446112
-172.8212756841058,83.56148611914161
-172.8111699998172,82.2741483603772
-172.8010643155286,80.9812881568765
-172.7909586312401,79.68981247307146
-172.7808529469515,78.40564459044427
-172.7707472626629,77.13368747838348
-172.7606415783743,75.87780647495428
-172.7505358940857,74.64083103635333
-172.7404302097972,73.42457494565055
-172.7303245255086,72.22987402463498
-172.72021884122,71.056640074434
-172.7101131569314,69.90392948747051
-172.7000074726429,68.77002473067046
-172.6899017883543,67.65252670195056
-172.6797961040657,66.54845581203386
-172.6696904197771,65.45435954347317
-172.6595847354885,64.3664241890817
-172.6494790511999,63.280588472241
-172.6393733669114,62.19265680007577
-172.6292676826228,61.10340036318298
-172.6191619983342,60.01862515899233
-172.6090563140456,58.94420557833119
-172.598950629757,57.87113067428761
-172.5888449454685,56.79060008803086
-172.5787392611799,55.69414009088484
-172.5686335768913,54.5687189880732
-172.5585278926027,53.41185065163171
-172.5484222083142,52.22165689911122
-172.5383165240256,51.00188778258386
-172.528210839737,49.75191946035742
-172.5181051554484,48.4717489874427
-172.5079994711598,47.16198691615569
-172.4978937868713,45.81884844349211
-172.4877881025827,44.44414366103603
-172.4776824182941,43.04024894089039
-172.4675767340055,41.61006029057052
-172.4574710497169,40.16192996502049
-172.4473653654283,38.69958804731012
-172.4372596811398,37.22207904561269
-172.4271539968512,35.73371488617384
-172.4170483125626,34.23901698578607
-172.406942628274,32.74264833895953
-172.3968369439854,31.24934647087323
-172.3867312596969,29.76385838160934
-172.3766255754083,28.29087849633962
-172.3665198911197,26.83499051229216
-172.3564142068311,25.40061390006806
-172.3463085225426,23.99195567776001
-172.336202838254,22.61296793478769
-172.3260971539654,21.26731144165078
-172.3159914696768,19.95832554489256
-172.3058857853882,18.6890044161307
-172.2957801010996,17.46197960235654
-172.2856744168111,16.27950871375131
-172.2755687325225,15.14346998653548
-172.2654630482339,14.055362372966
-172.2553573639453,13.01631073923291
-172.2452516796567,12.02707569500416
-172.2351459953682,11.08806753568785
-172.2250403110796,10.19936374975893
-172.214934626791,9.360729528078481
-172.2048289425024,8.57164070911767
-172.1947232582139,7.831308602283539
-172.1846175739253,7.138706149873572
-172.1745118896367,6.492594915195821
-172.1644062053481,5.891552418652122
-172.1543005210595,5.333999383641846
-172.1441948367709,4.81822649856726
-172.1340891524824,4.342119411213717
-172.1239834681938,3.904349664521152
-172.1138777839052,3.502613361297247
-172.1037720996166,3.134846713311737
-172.093666415328,2.799590991380669
-172.0835607310395,2.49427697614609
-172.0734550467509,2.217077713144845
-172.0633493624623,1.966472817502462
-172.0532436781737,1.740201082935857
-172.0431379938852,1.536538229484524
-172.0330323095966,1.353504655209431
-172.022926625308,1.189641817555648
-172.0128209410194,1.043222920981562
-172.0027152567308,0.9126300221851681
-171.9926095724423,0.7965523676727478
-171.9825038881537,0.6937413808784534
-171.9723982038651,0.6028154927004558
-171.9622925195765,0.5226063732769467
-171.9521868352879,0.4520311859094042
-171.9420811509993,0.3900904857278359
-171.9319754667108,0.3358655035878672
-171.9218697824222,0.288514934420903
-171.9117640981336,0.2472713402099945
-171.901658413845,0.2114372680949381
-171.8915527295565,0.1803811740937681
-171.8814470452679,0.1535332328057702
-171.8713413609793,0.1303811034423741
-171.8612356766907,0.1104657127928542
-171.8511299924021,0.09337710641578242
-171.8410243081136,0.07875041056814958
-171.830918623825,0.06626193922696899
-171.8208129395364,0.0556254730818154
-171.8107072552478,0.04658873061653171
-171.8006015709592,0.03893004536906406
-171.7904958866706,0.03245525815723251
-171.7803902023821,0.0269948284676235
-171.7702845180935,0.02240116529516359
-171.7601788338049,0.01854617445343587
-171.7500731495163,0.01531901670468207
-171.7399674652278,0.01262406893324667
-171.7298617809392,0.01037907895376047
-171.7197560966506,0.008513503351358566
-171.709650412362,0.006866704472188797
-171.6995447280734,0.005408142646825767
-171.6894390437849,0.004110789072894821
-171.6793333594963,0.003251821503438546
-171.6692276752077,0.002446852645085799
-171.6591219909191,0.001991373882922328
-171.6490163066305,0.001616657985072126
-171.638910622342,0.00130919289595551
-171.6288049380534,0.001057569847406642
-171.6186992537648,0.0007518731430965936
-171.6085935694762,0.0006055671168519821
-171.5984878851877,0.0003861933289875672
-171.5883822008991,0.0003104572524779581
-171.5782765166105,0.0002489373403654077
-171.5681708323219,0.0001990991813408456
-171.5580651480333,0.0001588327651947306
-171.5479594637447,0.0001263868566749324
-171.5378537794562,0
-89.24726661755102,0.0001263868566749324
-89.23716093326244,0.0001588327651947306
-89.22705524897385,0.0001990991813408456
-89.21694956468527,0.0002489373403654077
-89.20684388039669,0.0003104572524779581
-89.19673819610811,0.0003861933289875672
-89.18663251181952,0.0004791802601770497
-89.17652682753095,0.0005930403779018629
-89.16642114324237,0.0007320838093908635
-89.1563154589538,0.0009014227903953716
-89.14620977466521,0.001107101551253322
-89.13610409037663,0.001356243213569353
-89.12599840608806,0.001657215132430792
-89.11589272179947,0.002019814083199251
-89.10578703751089,0.002455472616262515
-89.09568135322232,0.002977487780627313
-89.08557566893374,0.003601273240538894
-89.07546998464515,0.004344635570985586
-89.06536430035658,0.005228075210650622
-89.055258616068,0.006275112167630863
-89.04515293177943,0.007512636107723969
-89.03504724749084,0.008971279901941473
-89.02494156320226,0.01068581506513332
-89.01483587891369,0.01269556677895522
-89.0047301946251,0.01504484535978126
-88.99462451033652,0.0177833901080751
-88.98451882604795,0.02096682046571775
-88.97441314175937,0.02465708832083438
-88.96430745747078,0.02892292414856587
-88.95420177318221,0.03384026847793094
-88.94409608889362,0.03949267895075155
-88.93399040460504,0.0459717020144032
-88.92388472031645,0.05337719709630082
-88.91377903602788,0.06181759997931995
-88.9036733517393,0.07141011107269818
-88.89356766745071,0.0822807933948804
-88.88346198316214,0.09456456439873008
-88.87335629887356,0.1084050653230442
-88.86325061458498,0.1239543915958096
-88.85314493029639,0.1413726679922146
-88.84303924600782,0.1608274528102757
-88.83293356171924,0.1824929563116955
-88.82282787743067,0.2065490601225859
-88.81272219314208,0.2331801262280105
-88.8026165088535,0.2625735866468913
-88.79251082456493,0.2949183078495471
-88.78240514027634,0.3304027274760226
-88.77229945598776,0.3692127649120258
-88.76219377169919,0.4115295117474392
-88.75208808741061,0.4575267130299244
-88.74198240312202,0.507368055465544
-88.73187671883345,0.5612042842244107
-88.72177103454487,0.6191701756799054
-88.71166535025628,0.6813813991264983
-88.70155966596771,0.7479313061509497
-88.69145398167913,0.8188876917295628
-88.68134829739056,0.8942895761362354
-88.67124261310197,0.9741440612125655
-88.66113692881338,1.058423318311101
-88.6510312445248,1.147061768117959
-88.64092556023623,1.239953514441542
-88.63081987594764,1.336950094783117
-88.62071419165906,1.437858609964218
-88.61060850737049,1.542440293180168
-88.60050282308191,1.650409575511682
-88.59039713879332,1.761433700123169
-88.58029145450475,1.875132931108594
-88.57018577021617,1.991081395254057
-88.56008008592758,2.108808585951258
-88.54997440163901,2.227801548239705
-88.53986871735043,2.347507752639705
-88.52976303306185,2.467338653263212
-88.51965734877326,2.586673912890552
-88.50955166448469,2.704866264543246
-88.49944598019611,2.821246965856049
-88.48934029590752,2.935131789562097
-88.47923461161895,3.045827480969879
-88.46912892733037,3.152638601746917
-88.4590232430418,3.254874668941618
-88.44891755875321,3.351857489263347
-88.43881187446463,3.442928581466675
-88.42870619017606,3.527456574479148
-88.41860050588748,3.604844465860321
-88.40849482159889,3.674536624420918
-88.39838913731032,3.736025422447722
-88.38828345302173,3.788857386995923
-88.37817776873315,3.832638766088872
-88.36807208444456,3.86704041430671
-88.35796640015599,3.891801912991328
-88.34786071586741,3.906734852930168
-88.33775503157882,3.911725221638756
-88.32764934729025,3.911725221638756
-88.31754366300167,3.906734852930168
-88.3074379787131,3.891801912991328
-88.29733229442451,3.86704041430671
-88.28722661013593,3.832638766088872
-88.27712092584736,3.788857386995923
-88.26701524155878,3.736025422447722
-88.25690955727019,3.674536624420918
-88.24680387298162,3.604844465860321
-88.23669818869304,3.527456574479148
-88.22659250440445,3.442928581466675
-88.21648682011588,3.351857489263347
-88.2063811358273,3.254874668941618
-88.19627545153872,3.152638601746917
-88.18616976725014,3.045827480969879
-88.17606408296156,2.935131789562097
-88.16595839867298,2.821246965856049
-88.15585271438439,2.704866264543246
-88.14574703009582,2.586673912890552
-88.13564134580724,2.467338653263212
-88.12553566151867,2.347507752639705
-88.11542997723008,2.227801548239705
-88.10532429294149,2.108808585951258
-88.09521860865291,1.991081395254057
-88.08511292436434,1.875132931108594
-88.07500724007575,1.761433700123169
-88.06490155578717,1.650409575511682
-88.0547958714986,1.542440293180168
-88.04469018721002,1.437858609964218
-88.03458450292143,1.336950094783117
-88.02447881863286,1.239953514441542
-88.01437313434428,1.147061768117959
-88.00426745005569,1.058423318311101
-87.99416176576712,0.9741440612125655
-87.98405608147854,0.8942895761362354
-87.97395039718997,0.8188876917295628
-87.96384471290138,0.7479313061509497
-87.9537390286128,0.6813813991264983
-87.94363334432423,0.6191701756799054
-87.93352766003564,0.5612042842244107
-87.92342197574706,0.507368055465544
-87.91331629145849,0.4575267130299244
-87.90321060716991,0.4115295117474392
-87.89310492288132,0.3692127649120258
-87.88299923859275,0.3304027274760226
-87.87289355430417,0.2949183078495471
-87.86278787001559,0.2625735866468913
-87.85268218572701,0.2331801262280105
-87.84257650143843,0.2065490601225859
-87.83247081714985,0.1824929563116955
-87.82236513286126,0.1608274528102757
-87.81225944857268,0.1413726679922146
-87.8021537642841,0.1239543915958096
-87.79204807999552,0.1084050653230442
-87.78194239570693,0.09456456439873008
-87.77183671141836,0.0822807933948804
-87.76173102712978,0.07141011107269818
-87.75162534284121,0.06181759997931995
-87.74151965855262,0.05337719709630082
-87.73141397426404,0.0459717020144032
-87.72130828997547,0.03949267895075155
-87.71120260568689,0.03384026847793094
-87.7010969213983,0.02892292414856587
-87.69099123710973,0.02465708832083438
-87.68088555282115,0.02096682046571775
-87.67077986853256,0.0177833901080751
-87.66067418424399,0.01504484535978126
-87.65056849995541,0.01269556677895522
-87.64046281566684,0.01068581506513332
-87.63035713137825,0.008971279901941473
-87.62025144708967,0.007512636107723969
-87.6101457628011,0.006275112167630863
-87.60004007851251,0.005228075210650622
-87.58993439422393,0.004344635570985586
-87.57982870993536,0.003601273240538894
-87.56972302564678,0.002977487780627313
-87.55961734135819,0.002455472616262515
-87.5495116570696,0.002019814083199251
-87.53940597278103,0.001657215132430792
-87.52930028849245,0.001356243213569353
-87.51919460420386,0.001107101551253322
-87.50908891991529,0.0009014227903953716
-87.49898323562671,0.0007320838093908635
-87.48887755133813,0.0005930403779018629
-87.47877186704955,0.0004791802601770497
-87.46866618276097,0.0003861933289875672
-87.45856049847239,0.0003104572524779581
-87.4484548141838,0.0002489373403654077
-87.43834912989523,0.0001990991813408456
-87.42824344560665,0.0001588327651947306
-87.41813776131808,0.0001263868566749324
-87.40803207702949,0
-54.97889119497697,0.0001263868566749324
-54.9687855106884,0.0001588327651947306
-54.95867982639982,0.0001990991813408456
-54.94857414211124,0.0002489373403654077
-54.93846845782266,0.0003104572524779581
-54.92836277353408,0.0003861933289875672
-54.9182570892455,0.0004791802601770497
-54.90815140495693,0.0005930403779018629
-54.89804572066834,0.0007320838093908635
-54.88794003637976,0.0009014227903953716
-54.87783435209118,0.001107101551253322
-54.8677286678026,0.001356243213569353
-54.85762298351403,0.001657215132430792
-54.84751729922544,0.002019814083199251
-54.83741161493687,0.002455472616262515
-54.82730593064827,0.002977487780627313
-54.8172002463597,0.003601273240538894
-54.80709456207111,0.004344635570985586
-54.79698887778254,0.005228075210650622
-54.78688319349396,0.006275112167630863
-54.77677750920538,0.007512636107723969
-54.7666718249168,0.008971279901941473
-54.75656614062822,0.01081220192180826
-54.74646045633964,0.01285439954414995
-54.73635477205106,0.01524394454112211
-54.72624908776248,0.01803232744844051
-54.7161434034739,0.0212772777181957
-54.70603771918532,0.02516966850649688
-54.69593203489674,0.02956093717393765
-54.68582635060817,0.03463240803717365
-54.67572066631958,0.04047370010050782
-54.665614982031,0.04718358205727653
-54.65550929774243,0.05487049197654171
-54.64540361345384,0.06365302345306634
-54.63529792916527,0.07366036658303084
-54.62519224487669,0.08503269128747051
-54.61508656058811,0.09792145980538794
-54.60498087629953,0.1124896546549249
-54.59487519201095,0.1289119080499178
-54.58476950772237,0.147374518695631
-54.57466382343379,0.1680753421041256
-54.56455813914521,0.1912235410955889
-54.55445245485663,0.2170391840109372
-54.54434677056804,0.2457526793704909
-54.53424108627947,0.2776040372830102
-54.52413540199088,0.312841949839153
-54.5140297177023,0.3517226850034347
-54.50392403341372,0.3945087911278248
-54.49381834912514,0.4414676121150984
-54.48371266483657,0.4928696164158921
-54.47360698054798,0.5489865463930651
-54.46350129625941,0.6100893980621229
-54.45339561197083,0.676446244738732
-54.44328992768225,0.7483199216066193
-54.43318424339367,0.8259655915680851
-54.42307855910509,0.9096282158574487
-54.41297287481651,0.9995399556868645
-54.40286719052793,1.095917533558197
-54.39276150623935,1.198959584724234
-54.38265582195077,1.308844030537304
-54.37255013766219,1.425725506016672
-54.36244445337361,1.54973287384803
-54.35233876908504,1.680966856169374
-54.34223308479645,1.819497813890594
-54.33212740050787,1.965363700957312
-54.32202171621929,2.118568217946988
-54.31191603193071,2.2790791857477
-54.30181034764213,2.446827155913879
-54.29170466335355,2.621704269738976
-54.28159897906497,2.803563373274316
-54.27149329477639,2.992217390615155
-54.26138761048782,3.187438952940028
-54.25128192619923,3.388960276205643
-54.24117624191066,3.59647327624368
-54.23107055762208,3.809629906447981
-54.22096487333349,4.028042700436035
-54.21085918904492,4.251285500150753
-54.20075350475634,4.478894348942024
-54.19064782046775,4.710368529302264
-54.18054213617917,4.945171726155818
-54.17043645189059,5.182733298904274
-54.16033076760201,5.422449648748057
-54.15022508331344,5.663685672031427
-54.14011939902485,5.905776295340271
-54.13001371473628,6.148028093624506
-54.1199080304477,6.389720998487192
-54.10980234615911,6.630110109718513
-54.09969666187054,6.86842762887142
-54.08959097758196,7.103884938883041
-54.07948529329338,7.335674858148442
-54.0693796090048,7.562974100770182
-54.05927392471622,7.789936345390142
-54.04916824042763,8.015676305693042
-54.03906255613906,8.234273497363134
-54.02895687185048,8.444795722451317
-54.0188511875619,8.646313616583376
-54.00874550327332,8.837905901091677
-53.99863981898474,9.018664964649524
-53.98853413469616,9.187702758654009
-53.97842845040758,9.344156980497791
-53.968322766119,9.487197507964011
-53.95821708183042,9.616033036586071
-53.94811139754184,9.729917860292121
-53.93800571325326,9.828158724390645
-53.92790002896469,9.910121669354155
-53.9177943446761,9.975238774332414
-53.90768866038752,10.02301470127317
-53.89758297609894,10.05303293431865
-53.88747729181036,10.06496160511127
-53.87737160752178,10.05855879305758
-53.8672659232332,10.03367719067546
-53.85716023894462,9.990268028017596
-53.84705455465604,9.928384156874385
-53.83694887036746,9.853172573678885
-53.82684318607888,9.764856662490935
-53.81673750179031,9.658736757091251
-53.80663181750172,9.535208967360047
-53.79652613321315,9.39477356323931
-53.78642044892457,9.243022901814848
-53.77631476463598,9.080618885342108
-53.7662090803474,8.903288632195364
-53.75610339605882,8.711838394608572
-53.74599771177024,8.507157108685979
-53.73589202748166,8.290209286773699
-53.72578634319309,8.062026972923634
-53.7156806589045,7.823700869498772
-53.70557497461593,7.576370759336801
-53.69546929032735,7.321215361599977
-53.68536360603877,7.059441770155271
-53.67525792175019,6.792274630799302
-53.66515223746161,6.520945217709274
-53.65504655317303,6.246680570103013
-53.64494086888445,5.970692847263014
-53.63483518459586,5.694169053949242
-53.62472950030728,5.41826127900778
-53.61462381601871,5.144077577970526
-53.60451813173012,4.872673615994155
-53.59441244744155,4.605045171018697
-53.58430676315297,4.342121578990884
-53.57420107886439,4.084760183873972
-53.56409539457581,3.833741835443121
-53.55398971028723,3.58976745802855
-53.54388402599865,3.353455693883926
-53.53377834171007,3.12534160616052
-53.52367265742149,2.905876408952685
-53.51356697313291,2.695428175889999
-53.50346128884433,2.494283464571664
-53.49335560455575,2.30264978199205
-53.48324992026717,2.120658806150425
-53.47314423597859,1.94837027136521
-53.46303855169001,1.785776419452003
-53.45293286740143,1.632806915843222
-53.44282718311285,1.489334128838577
-53.43272149882427,1.355178671343672
-53.42261581453569,1.230115107501709
-53.41251013024711,1.113877731339655
-53.40240444595853,1.006166330700006
-53.39229876166996,0.9066518570602147
-53.38219307738137,0.8149819300940464
-53.3720873930928,0.7307861147419491
-53.36198170880422,0.6536809178773911
-53.35187602451563,0.5832744611423357
-53.34177034022705,0.5191707959553489
-53.33166465593848,0.4609738358704736
-53.32155897164989,0.4082908902100915
-53.31145328736131,0.360735791064359
-53.30134760307273,0.3179316132262575
-53.29124191878415,0.2795129933266881
-53.28113623449558,0.2451280602883554
-53.27103055020699,0.2144399941973436
-53.26092486591842,0.1871282347886989
-53.25081918162984,0.1628893639705984
-53.24071349734126,0.1414376892035287
-53.23060781305268,0.1225055561550228
-53.2205021287641,0.105843419928531
-53.21039644447551,0.09121970438806286
-53.20029076018693,0.07842047874612276
-53.19018507589836,0.06724897973259891
-53.18007939160977,0.05752500639919206
-53.1699737073212,0.04908421301905305
-53.15986802303262,0.04177732369271582
-53.14976233874404,0.03546929024264264
-53.13965665445546,0.02993810036765922
-53.12955097016688,0.02529602621579908
-53.1194452858783,0.02131995752741212
-53.10933960158972,0.01792364198960584
-53.09923391730114,0.01503045063611891
-53.08912823301256,0.01257255314248037
-53.07902254872398,0.01049012388835128
-53.06891686443539,0.008730584783893377
-53.05881118014682,0.007247889293849874
-53.04870549585824,0.006001850703416379
-53.03859981156966,0.004957516454108248
-53.02849412728108,0.004084589331880635
-53.0183884429925,0.003356895406657887
-53.00828275870392,0.002751897892590114
-52.99817707441534,0.002250255510332655
-52.98807139012676,0.001835423473746403
-52.97796570583818,0.001493294880240889
-52.9678600215496,0.001211880042873329
-52.95775433726102,0.0009810211497562711
-52.94764865297245,0.0007921395592427086
-52.93754296868386,0.0006380130253717804
-52.92743728439528,0.0005125801856624996
-52.9173316001067,0.0003104572524779581
-52.90722591581812,0.0002489373403654077
-52.89712023152954,0.0001990991813408456
-52.88701454724096,0.0001588327651947306
-52.87690886295238,0.0001263868566749324
-52.8668031786638,0
-19.29571997200177,0.0001263868566749324
-19.28561428771319,0.0001588327651947306
-19.27550860342462,0.0001990991813408456
-19.26540291913603,0.0002489373403654077
-19.25529723484745,0.0003104572524779581
-19.24519155055888,0.0003861933289875672
-19.23508586627029,0.0004791802601770497
-19.22498018198171,0.0005930403779018629
-19.21487449769313,0.0007320838093908635
-19.20476881340456,0.0009014227903953716
-19.19466312911597,0.001107101551253322
-19.18455744482739,0.001356243213569353
-19.17445176053882,0.001657215132430792
-19.16434607625024,0.002146200939874183
-19.15424039196166,0.002614305381457245
-19.14413470767308,0.003176586961968158
-19.1340290233845,0.003850210580904302
-19.12392333909592,0.004655092823463544
-19.11381765480733,0.00561426853963819
-19.10371197051876,0.006754292427807913
-19.09360628623018,0.008105676485625832
-19.0835006019416,0.009703363711332336
-19.07339491765302,0.01158723785552869
-19.06328923336444,0.01380266833020854
-19.05318354907586,0.01640108857335061
-19.04307786478728,0.0194406052405059
-19.0329721804987,0.022986634548917
-19.02286649621012,0.0271125609370969
-19.01276081192154,0.03202679878586812
-19.00265512763296,0.03760037448366457
-18.99254944334438,0.04403641370307798
-18.9824437590558,0.05144871456541924
-18.97233807476722,0.05996276651640964
-18.96223239047864,0.06971642941603147
-18.95212670619006,0.08086057123481671
-18.94202102190148,0.09355964883791558
-18.9319153376129,0.1079922149870761
-18.92180965332432,0.1243513334732208
-18.91170396903574,0.142844883255138
-18.90159828474716,0.1636957316715017
-18.89149260045858,0.1871417562635409
-18.88138691617,0.2134356945434606
-18.87128123188142,0.2428448012167794
-18.86117554759284,0.2756502929593894
-18.85106986330426,0.3121465619018334
-18.84096417901568,0.3526401405168336
-18.8308584947271,0.3974484026659931
-18.82075281043852,0.4468979881523548
-18.81064712614995,0.5013229412500435
-18.80054144186136,0.5610625573305961
-18.79043575757278,0.6264589358537215
-18.7803300732842,0.6978542425991755
-18.77022438899562,0.7755876890319012
-18.76011870470704,0.8599922420448491
-18.75001302041846,0.9513910829283631
-18.73990733612989,1.050220227029658
-18.72980165184131,1.156551459278007
-18.71969596755273,1.270757015518729
-18.70959028326414,1.393083242451765
-18.69948459897557,1.523746654860863
-18.68937891468699,1.662929669778857
-18.6792732303984,1.810776386770053
-18.66916754610983,1.967388474444743
-18.65906186182125,2.132821225849983
-18.64895617753267,2.307079846925218
-18.63885049324409,2.490116042677371
-18.62874480895551,2.681824965044472
-18.61863912466693,2.882168971386327
-18.60853344037835,3.09070237733949
-18.59842775608977,3.307238652485238
-18.58832207180119,3.53142729909585
-18.57821638751261,3.76285382829534
-18.56811070322403,4.001040096555377
-18.55800501893545,4.245445342305163
-18.54789933464687,4.495594327517397
-18.53779365035829,4.750606717120651
-18.52768796606971,5.009869087771164
-18.51758228178113,5.272616744245275
-18.50747659749255,5.538038691775333
-18.49737091320397,5.805282958417552
-18.48726522891539,6.073462536852088
-18.47715954462681,6.341661893016786
-18.46705386033823,6.608943980161827
-18.45694817604965,6.874357688969686
-18.44684249176107,7.136945657447338
-18.43673680747249,7.395878745330688
-18.42663112318391,7.649991211022876
-18.41652543889533,7.898457894749281
-18.40641975460675,8.140380506832855
-18.39631407031817,8.3748962998541
-18.38620838602959,8.601186260093254
-18.37610270174102,8.823473409350216
-18.36599701745244,9.041137875581544
-18.35589133316385,9.248251435384914
-18.34578564887527,9.444272834286959
-18.33567996458669,9.628642322955653
-18.32557428029811,9.800888337688907
-18.31546859600953,9.960633107448858
-18.30536291172096,10.10759743200212
-18.29525722743238,10.24160457205784
-18.28515154314379,10.36258320156101
-18.27504585885521,10.47056938190174
-18.26494017456664,10.56570752762727
-18.25483449027806,10.64825034319079
-18.24472880598947,10.72354808895933
-18.2346231217009,10.79202753491364
-18.22451743741231,10.84918927332617
-18.21441175312373,10.89562340074137
-18.20430606883516,10.93201491862918
-18.19420038454658,10.95913851496481
-18.184094700258,10.97785238924628
-18.17398901596942,10.98921754907774
-18.16388333168084,10.99401675439942
-18.15377764739226,10.99341456443751
-18.14367196310368,10.98852574953329
-18.1335662788151,10.98050552016151
-18.12346059452652,10.97066527755159
-18.11335491023794,10.96011480893296
-18.10324922594936,10.94994655260975
-18.09314354166078,10.94646099993084
-18.0830378573722,10.95081427522171
-18.07293217308362,10.95910727915706
-18.06282648879504,10.97239405512281
-18.05272080450646,10.99168114216132
-18.04261512021788,11.01791766912501
-18.0325094359293,11.05198593400452
-18.02240375164072,11.09469257866948
-18.01229806735214,11.14688685210342
-18.00219238306356,11.20898018750047
-17.99208669877498,11.28160858039714
-17.9819810144864,11.36520504353075
-17.97187533019782,11.46009558450678
-17.96176964590924,11.56649599689664
-17.95166396162066,11.68450982786457
-17.94155827733208,11.81412755896562
-17.9314525930435,11.95522702189209
-17.92134690875492,12.10757505543209
-17.91124122446634,12.27083039398629
-17.90113554017776,12.44454776192727
-17.89102985588918,12.62818313214136
-17.8809241716006,12.82110009152698
-17.87081848731202,13.02257724128804
-17.86071280302344,13.23181654579317
-17.85060711873486,13.44795253078863
-17.84050143444628,13.67006222004612
-17.83039575015771,13.89717568926181
-17.82029006586913,14.13327747604041
-17.81018438158055,14.37729906805442
-17.80007869729197,14.62313098921708
-17.78997301300338,14.86965432957733
-17.7798673287148,15.11576289251638
-17.76976164442623,15.36037543654461
-17.75965596013765,15.60244748210733
-17.74955027584907,15.84098252741409
-17.73944459156049,16.075042524166
-17.72933890727191,16.30375747276187
-17.71923322298333,16.52633400699241
-17.70912753869475,16.74206285024822
-17.69902185440617,16.95531540744274
-17.68891617011759,17.16552976190301
-17.67881048582901,17.36721466545214
-17.66870480154043,17.55997145625426
-17.65859911725185,17.74350518644369
-17.64849343296327,17.91762456384193
-17.63838774867469,18.08224032261123
-17.62828206438611,18.24235239622229
-17.61817638009753,18.39802627813984
-17.60807069580895,18.54438728082875
-17.59796501152037,18.68163275540463
-17.58785932723179,18.81003368609179
-17.57775364294321,18.93005178602933
-17.56764795865463,19.04185597133019
-17.55754227436605,19.14597974953424
-17.54743659007747,19.24301326316921
-17.53733090578889,19.33321766660394
-17.52722522150031,19.4173070434084
-17.51711953721173,19.50053007527921
-17.50701385292315,19.58340681277916
-17.49690816863457,19.66129386307778
-17.48680248434599,19.73449191002689
-17.47669680005741,19.80324435590537
-17.46659111576883,19.86785364641952
-17.45648543148025,19.928098936633
-17.44637974719167,19.9893098358938
-17.43627406290309,20.05125059782634
-17.42616837861451,20.10868976573984
-17.41606269432593,20.16141762931363
-17.40595701003735,20.20878324221895
-17.39585132574878,20.25036571686022
-17.38574564146019,20.28555665328376
-17.37563995717161,20.31366707306622
-17.36553427288304,20.3339360481771
-17.35542858859445,20.34566764931928
-17.34532290430587,20.34789661285269
-17.3352172200173,20.33959809547984
-17.32511153572872,20.31984960451407
-17.31500585144013,20.28794822211495
-17.30490016715155,20.24286010532547
-17.29479448286298,20.18383872709508
-17.2846887985744,20.10984461031424
-17.27458311428582,20.02023351619221
-17.26447742999724,19.91435357267661
-17.25437174570866,19.79665475974533
-17.24426606142008,19.66668801569302
-17.2341603771315,19.51912262369761
-17.22405469284292,19.35378156742751
-17.21394900855434,19.17066589217747
-17.20384332426576,18.97495780373206
-17.19373763997718,18.77200261549453
-17.1836319556886,18.55729834998899
-17.17352627140002,18.32642115808674
-17.16342058711144,18.08048050392079
-17.15331490282286,17.82046159527756
-17.14320921853428,17.54769705850185
-17.1331035342457,17.26373605965066
-17.12299784995712,16.97033675799464
-17.11289216566854,16.66945576182462
-17.10278648137996,16.3632346878208
-17.09268079709138,16.05897433611214
-17.0825751128028,15.75909702260546
-17.07246942851422,15.46112594878348
-17.06236374422564,15.16768185004881
-17.05225805993706,14.8814685203139
-17.04215237564848,14.60524713649325
-17.0320466913599,14.3419357021196
-17.02194100707132,14.09410804978695
-17.01183532278274,13.86463412046819
-17.00172963849416,13.65622903993139
-16.99162395420558,13.47152469373969
-16.981518269917,13.31304135506142
-16.97141258562842,13.18315999765261
-16.96130690133984,13.0840956031607
-16.95120121705126,13.01787175797931
-16.94109553276268,12.98629681812262
-16.93098984847411,12.99094190131802
-16.92088416418553,13.03312094406354
-16.91077847989694,13.11387303807478
-16.90067279560837,13.23384692318077
-16.89056711131978,13.39371057291502
-16.8804614270312,13.59347263799768
-16.87035574274262,13.83294866549832
-16.86025005845405,14.11163078009634
-16.85014437416547,14.42868675381417
-16.84003868987689,14.78296209924285
-16.82993300558831,15.17298517888398
-16.81982732129973,15.59697529418309
-16.80972163701115,16.0529800760326
-16.79961595272257,16.53854259522705
-16.78951026843399,17.0509135910401
-16.77940458414541,17.58721694373797
-16.76929889985683,18.14457155523084
-16.75919321556825,18.7196730584786
-16.74908753127967,19.30881961458642
-16.73898184699109,19.90848187581587
-16.72887616270251,20.51490992873362
-16.71877047841393,21.12426393472333
-16.70866479412535,21.73267148945246
-16.69855910983677,22.33620862114236
-16.68845342554819,22.93118492634099
-16.67834774125961,23.51328079097949
-16.66824205697103,24.07889115884003
-16.65813637268245,24.62930339950939
-16.64803068839387,25.16091000728927
-16.63792500410529,25.66523895991346
-16.62781931981671,26.1439924453246
-16.61771363552813,26.59406537310822
-16.60760795123955,27.01256207872133
-16.59750226695097,27.39672064582814
-16.58739658266239,27.73949376804411
-16.57729089837381,28.03844632338517
-16.56718521408523,28.29192463228828
-16.55707952979665,28.49852266723428
-16.54697384550807,28.66231071053592
-16.53686816121949,28.78235168258155
-16.52676247693091,28.85327513063515
-16.51665679264233,28.87529880461035
-16.50655110835375,28.84866914961975
-16.49644542406518,28.77912079092663
-16.4863397397766,28.66772398690097
-16.47623405548801,28.510874689554
-16.46612837119943,28.3103009535752
-16.45602268691085,28.06805718317189
-16.44591700262227,27.78663242583227
-16.43581131833369,27.47344704626999
-16.42570563404512,27.13647013464731
-16.41559994975654,26.77375411437743
-16.40549426546795,26.38352884461269
-16.39538858117938,25.96920404030409
-16.3852828968908,25.53435155966007
-16.37517721260222,25.08766746394501
-16.36507152831363,24.63292410574514
-16.35496584402506,24.16894117187607
-16.34486015973648,23.69982870499298
-16.33475447544789,23.22892161238405
-16.32464879115932,22.7605110859943
-16.31454310687074,22.29830378562901
-16.30443742258216,21.84606853290946
-16.29433173829358,21.40748375668685
-16.284226054005,20.98601204033717
-16.27412036971642,20.58519798905804
-16.26401468542784,20.20839894544552
-16.25390900113926,19.85869448742752
-16.24380331685068,19.53874034138685
-16.2336976325621,19.25129266275266
-16.22359194827352,18.99876942622445
-16.21348626398494,18.78333596070786
-16.20338057969636,18.60689189661139
-16.19327489540778,18.47105987016102
-16.1831692111192,18.37730239748103
-16.17306352683062,18.32634075229518
-16.16295784254204,18.31924003292808
-16.15285215825346,18.35631425663482
-16.14274647396488,18.43769768049195
-16.1326407896763,18.56321820201931
-16.12253510538772,18.73239904758888
-16.11242942109914,18.94945275079123
-16.10232373681056,19.21326779897833
-16.09221805252198,19.51741662655938
-16.0821123682334,19.8601849582554
-16.07200668394482,20.23959382785743
-16.06190099965625,20.65341389161124
-16.05179531536766,21.09918163351468
-16.04168963107908,21.57421741361817
-16.03158394679051,22.07577167957256
-16.02147826250192,22.60057337921213
-16.01137257821334,23.14552185824532
-16.00126689392476,23.7072892997149
-15.99116120963619,24.28257330326093
-15.9810555253476,24.86765076938541
-15.97094984105902,25.45907458133938
-15.96084415677045,26.05328003585856
-15.95073847248186,26.64671413002494
-15.94063278819329,27.23586464560654
-15.93052710390471,27.81728903882763
-15.92042141961613,28.3876428164217
-15.91031573532755,28.94370706908037
-15.90021005103897,29.48241482920517
-15.89010436675039,30.00586629041726
-15.87999868246181,30.51632329350534
-15.86989299817323,31.00621179162711
-15.85978731388465,31.4681606614108
-15.84968162959607,31.90004791341522
-15.83957594530749,32.30501539127771
-15.82947026101891,32.68146137355703
-15.81936457673033,33.02304920097104
-15.80925889244175,33.32873180114158
-15.79915320815317,33.59776336745173
-15.78904752386459,33.8346881782874
-15.77894183957601,34.03931658292994
-15.76883615528743,34.21669764912689
-15.75873047099885,34.3670893356711
-15.74862478671027,34.480955044753
-15.73851910242169,34.55888611068259
-15.72841341813311,34.6020255642249
-15.71830773384453,34.61137938599806
-15.70820204955595,34.58816734835467
-15.69809636526737,34.53409519561827
-15.68799068097879,34.4505607480808
-15.67788499669021,34.33952353383719
-15.66777931240163,34.20767396797061
-15.65767362811305,34.05686153651121
-15.64756794382447,33.88394327047832
-15.63746225953589,33.69077876227077
-15.62735657524731,33.48410707468677
-15.61725089095873,33.26592862660354
-15.60714520667015,33.03281725159786
-15.59703952238157,32.78639546277548
-15.58693383809299,32.52820303874467
-15.57682815380442,32.25958425832363
-15.56672246951583,31.98209987741926
-15.55661678522725,31.69685050590225
-15.54651110093867,31.40494417701983
-15.53640541665009,31.10736665569491
-15.52629973236152,30.80997062969458
-15.51619404807294,30.51335730747966
-15.50608836378436,30.21320137837807
-15.49598267949577,29.91002853616439
-15.48587699520719,29.60403611388663
-15.47577131091862,29.29544764575621
-15.46566562663004,28.98439522199831
-15.45555994234146,28.67082856557542
-15.44545425805288,28.35494697576512
-15.4353485737643,28.03654053818141
-15.42524288947572,27.72545393550759
-15.41513720518714,27.42143199198294
-15.40503152089856,27.11412998420932
-15.39492583660998,26.80316217458557
-15.3848201523214,26.4881310985334
-15.37471446803282,26.16863677363901
-15.36460878374424,25.8442850109831
-15.35450309945566,25.51469477770186
-15.34439741516708,25.17950459002976
-15.3342917308785,24.84336831302723
-15.32418604658992,24.50594075901639
-15.31408036230134,24.16188180199989
-15.30397467801276,23.81087907311806
-15.29386899372418,23.45266064601765
-15.2837633094356,23.08699743451121
-15.27365762514702,22.71370502160801
-15.26355194085844,22.33763537884273
-15.25344625656986,21.9586589237059
-15.24334057228128,21.57166566108459
-15.2332348879927,21.17658547595068
-15.22312920370412,20.77339896344858
-15.21302351941554,20.36213847346202
-15.20291783512696,19.94288902386782
-15.19281215083838,19.51568877934162
-15.1827064665498,19.08095186454994
-15.17260078226122,18.63880012408929
-15.16249509797264,18.1895366107979
-15.15238941368406,17.73351937171206
-15.14228372939548,17.27116136244693
-15.1321780451069,16.80293005361673
-15.12207236081832,16.32934667735058
-15.11196667652974,15.85597543101698
-15.10186099224116,15.38340294864106
-15.09175530795259,14.90723665925925
-15.08164962366401,14.42812198898615
-15.07154393937542,13.9517400721499
-15.06143825508684,13.47878594282729
-15.05133257079826,13.0049654858072
-15.04122688650969,12.53101113970275
-15.03112120222111,12.05768769080356
-15.02101551793253,11.58578781632866
-15.01090983364395,11.11612704303342
-15.00080414935536,10.64953817227211
-14.99069846506679,10.18686523795191
-14.98059278077821,9.728957077568445
-14.97048709648963,9.2765602958013
-14.96038141220105,8.830634182479734
-14.95027572791247,8.392097095117492
-14.94017004362389,7.961623857087085
-14.93006435933531,7.539985701590727
-14.91995867504673,7.127817043683867
-14.90985299075815,6.726031450381715
-14.89974730646957,6.335147152699322
-14.88964162218099,5.955755001511364
-14.87953593789241,5.588387554902225
-14.86943025360383,5.233414928042023
-14.85932456931525,4.891463845442471
-14.84921888502667,4.56254593822664
-14.83911320073809,4.247373664692916
-14.82900751644951,3.945895726317333
-14.81890183216093,3.65824346619518
-14.80879614787235,3.384479054641456
-14.79869046358377,3.124597177837714
-14.78858477929519,2.878527408832981
-14.77847909500661,2.646137203126641
-14.76837341071803,2.427235452053131
-14.75826772642945,2.221576520082096
-14.74816204214087,2.028764374532041
-14.73805635785229,1.848679498393315
-14.72795067356371,1.680815131872584
-14.71784498927513,1.524755569454011
-14.70773930498655,1.379954726285597
-14.69763362069797,1.246163545780648
-14.68752793640939,1.122766419392255
-14.67742225212081,1.009259363082067
-14.66731656783223,0.9051284992059934
-14.65721088354365,0.8098546690941812
-14.64710519925507,0.7229177474441588
-14.63699951496649,0.6438006246367461
-14.62689383067791,0.5719928312195003
-14.61678814638933,0.5069937867537728
-14.60668246210076,0.4482153503566835
-14.59657677781218,0.3954064427697738
-14.58647109352359,0.3479863724936933
-14.57636540923501,0.3055196850008545
-14.56625972494643,0.2675911563851849
-14.55615404065786,0.2338068260829741
-14.54604835636928,0.2037947046493002
-14.5359426720807,0.1772051820892658
-14.52583698779212,0.1537111641476593
-14.51573130350354,0.1330079651535677
-14.50562561921496,0.1146123616134679
-14.49551993492638,0.09870638145141526
-14.4854142506378,0.08479911558824298
-14.47530856634922,0.07267219879665594
-14.46520288206064,0.0621261998825166
-14.45509719777206,0.05297969747762479
-14.44499151348348,0.04506829148008335
-14.4348858291949,0.03824357167437519
-14.42478014490632,0.03237206276542786
-14.41467446061774,0.02723385027019363
-14.40456877632916,0.0229436747964928
-14.39446309204058,0.01928113619906404
-14.384357407752,0.01616282761614935
-14.37425172346342,0.0135150146542679
-14.36414603917484,0.01127274211345759
-14.35404035488626,0.009378986804933109
-14.34393467059768,0.007683547826913138
-14.3338289863091,0.006364449654184838
-14.32372330202052,0.005258488372969687
-14.31361761773194,0.004333730994196666
-14.30351193344336,0.003562574167515836
-14.29340624915478,0.002921236873594622
-14.2833005648662,0.002389298941821655
-14.27319488057762,0.001949283591471216
-14.26308919628904,0.001586281811430371
-14.25298351200046,0.001287616119382939
-14.24287782771188,0.001042541061868822
-14.2327721434233,0.0008419777182672706
-14.22266645913472,0.0006782794415178953
-14.21256077484614,0.0005450260941822979
-14.20245509055756,0.0004368441091528905
-14.19234940626898,0.0002489373403654077
-14.1822437219804,0.0001990991813408456
-14.17213803769183,0.0001588327651947306
-14.16203235340324,0.0001263868566749324
-14.15192666911466,0
-10.43303485091731,0.0001263868566749324
-10.42292916662872,0.0001588327651947306
-10.41282348234015,0.0001990991813408456
-10.40271779805157,0.0002489373403654077
-10.39261211376299,0.0003104572524779581
-10.38250642947441,0.0003861933289875672
-10.37240074518583,0.0004791802601770497
-10.36229506089725,0.0005930403779018629
-10.35218937660867,0.0007320838093908635
-10.34208369232009,0.0009014227903953716
-10.33197800803151,0.001107101551253322
-10.32187232374293,0.001609016926919218
-10.31176663945435,0.001974880662820253
-10.30166095516577,0.002418012445880942
-10.29155527087719,0.00295334729699333
-10.28144958658861,0.003598402285583229
-10.27134390230003,0.004373659898514028
-10.26123821801145,0.005302996091339685
-10.25113253372287,0.006414155966454348
-10.24102684943429,0.007865666643087521
-10.23092116514571,0.009600701310384376
-10.22081548085713,0.01154341495098369
-10.21070979656855,0.01384633801397828
-10.20060411227997,0.01656939163666017
-10.19049842799139,0.01978112410764529
-10.18039274370281,0.02355970892976475
-10.17028705941423,0.02812040352172622
-10.16018137512565,0.03334359175439962
-10.15007569083707,0.03944480107166413
-10.13997000654849,0.04668026743792122
-10.12986432225991,0.05497553806850863
-10.11975863797133,0.06459572508617969
-10.10965295368275,0.07572490371635623
-10.09954726939417,0.08856801443942817
-10.08944158510559,0.1033524821658769
-10.07933590081701,0.1203298481861816
-10.06923021652843,0.13977739535556
-10.05912453223985,0.1621261309157511
-10.04901884795127,0.1874892263037807
-10.03891316366269,0.2164586662371695
-10.02880747937411,0.24933777856787
-10.01870179508553,0.286438501292345
-10.00859611079695,0.3283291631699128
-9.998490426508376,0.3755136155996172
-9.988384742219795,0.4285322760240328
-9.978279057931214,0.4879625833754617
-9.968173373642635,0.5544191381595193
-9.958067689354056,0.6285534870300243
-9.947962005065476,0.7110535120661441
-9.937856320776897,0.8026423860109847
-9.927750636488316,0.9040770565248724
-9.917644952199735,1.016272611947812
-9.907539267911156,1.139826622385042
-9.897433583622577,1.275684823225645
-9.887327899333998,1.424715310639431
-9.877222215045418,1.5878046052449
-9.867116530756837,1.765852803136833
-9.857010846468258,1.95976812639597
-9.846905162179677,2.170460880955533
-9.836799477891098,2.398836838495278
-9.826693793602519,2.64579006828948
-9.816588109313939,2.912195254517777
-9.806482425025358,3.19889954430742
-9.796376740736779,3.506713981547508
-9.7862710564482,3.836404591123697
-9.776165372159619,4.18880957433688
-9.76605968787104,4.564483209756069
-9.75595400358246,4.963882068700724
-9.745848319293879,5.387602228002145
-9.7357426350053,5.836048146724139
-9.725636950716721,6.309523915217737
-9.715531266428142,6.808224529903039
-9.705425582139561,7.332227621977744
-9.695319897850981,7.881485756011221
-9.685214213562402,8.455819412863249
-9.675108529273821,9.054910768048057
-9.665002844985242,9.678298371529474
-9.654897160696663,10.32537282800047
-9.644791476408082,10.9953735680248
-9.634685792119502,11.68738679009051
-9.624580107830923,12.40034464177091
-9.614474423542344,13.13302569496845
-9.604368739253763,13.88405675581994
-9.594263054965182,14.65191603448625
-9.584157370676603,15.43493768397579
-9.574051686388025,16.23131770061504
-9.563946002099444,17.03912116205234
-9.553840317810865,17.85641714889349
-9.543734633522286,18.6808154176924
-9.533628949233703,19.51014614640578
-9.523523264945124,20.34204985598006
-9.513417580656546,21.17908114750507
-9.503311896367967,22.01870372857423
-9.493206212079386,22.85330558014285
-9.483100527790805,23.6802341229666
-9.472994843502226,24.49682256492645
-9.462889159213645,25.30040690867018
-9.452783474925067,26.08834308663166
-9.442677790636488,26.85802405878295
-9.432572106347907,27.60689671021155
-9.422466422059326,28.33247838939009
-9.412360737770747,29.03237293367073
-9.402255053482168,29.71426677332958
-9.392149369193588,30.3759056949133
-9.382043684905009,31.00523584770802
-9.371938000616428,31.59998298501363
-9.361832316327847,32.15835387215188
-9.351726632039268,32.67862621043032
-9.341620947750689,33.15925960265561
-9.33151526346211,33.59890469553899
-9.32140957917353,34.00140110528794
-9.311303894884949,34.37075479653778
-9.30119821059637,34.70112389568887
-9.291092526307789,34.98684156977939
-9.28098684201921,35.2274472785148
-9.270881157730631,35.42269735754914
-9.260775473442051,35.57256420285566
-9.25066978915347,35.68235045919334
-9.240564104864891,35.75219273117428
-9.230458420576312,35.77772492589758
-9.220352736287731,35.76465884950269
-9.210247051999152,35.71399358476256
-9.200141367710572,35.62153339417848
-9.190035683421993,35.48869197046976
-9.179929999133412,35.31659579297856
-9.169824314844833,35.1068411162652
-9.159718630556254,34.86105877492137
-9.149612946267672,34.58100063599132
-9.139507261979093,34.27351545375082
-9.129401577690514,33.94064135303666
-9.119295893401935,33.58410827114682
-9.109190209113354,33.21098264984445
-9.099084524824775,32.81822209058292
-9.088978840536194,32.40278180128188
-9.078873156247614,31.9666311649247
-9.068767471959035,31.51200461511312
-9.058661787670456,31.04044445314492
-9.048556103381877,30.5541281291527
-9.038450419093294,30.05501446231476
-9.028344734804715,29.54503562397814
-9.018239050516137,29.02608940594002
-9.008133366227556,28.50003245161951
-8.998027681938977,27.9736648552992
-8.987921997650396,27.44895928152981
-8.977816313361815,26.92211151814101
-8.967710629073236,26.39489522618992
-8.957604944784658,25.86882655714998
-8.947499260496079,25.34536495609512
-8.937393576207498,24.82591415782947
-8.927287891918917,24.31182390961884
-8.917182207630338,23.80439231841505
-8.907076523341757,23.30486871178194
-8.896970839053179,22.81445689533787
-8.8868651547646,22.33431868551373
-8.876759470476019,21.86557759480753
-8.866653786187438,21.40932254746113
-8.856548101898859,20.97160187520094
-8.84644241761028,20.55839820678174
-8.8363367333217,20.16561316538913
-8.826231049033121,19.7892168158818
-8.81612536474454,19.42980721077645
-8.806019680455961,19.08829229731701
-8.79591399616738,18.76547055222606
-8.785808311878801,18.46213326534033
-8.775702627590222,18.17906563414997
-8.765596943301642,17.9170469331661
-8.755491259013061,17.67684972637577
-8.745385574724482,17.45923810783044
-8.735279890435903,17.26496497191599
-8.725174206147322,17.09476833083671
-8.715068521858743,16.94936671211537
-8.704962837570163,16.82945368331267
-8.694857153281582,16.73569156458035
-8.684751468993003,16.6687044020026
-8.674645784704424,16.62907028589695
-8.664540100415845,16.61731310831324
-8.654434416127264,16.63389386288299
-8.644328731838684,16.6792015979375
-8.634223047550105,16.75853450915739
-8.624117363261524,16.87207165380442
-8.614011678972945,17.01486407601508
-8.603905994684366,17.18684546529118
-8.593800310395785,17.38773348959325
-8.583694626107205,17.61744433447834
-8.573588941818626,17.87554321387057
-8.563483257530047,18.1612379052531
-8.553377573241466,18.47391542732679
-8.543271888952885,18.81271504233326
-8.533166204664306,19.17662468041097
-8.523060520375726,19.56447812166453
-8.512954836087147,19.9749533507997
-8.502849151798568,20.40657217891363
-8.492743467509987,20.85782760442417
-8.482637783221406,21.32651248690734
-8.472532098932827,21.81123653449393
-8.462426414644248,22.31478885611339
-8.452320730355668,22.8348259706255
-8.442215046067089,23.36382390784159
-8.432109361778508,23.89935503643051
-8.422003677489929,24.43878870434057
-8.411897993201348,24.97940587051182
-8.40179230891277,25.51831450545442
-8.391686624624191,26.05278843238759
-8.38158094033561,26.58003888980187
-8.371475256047029,27.09703811402231
-8.36136957175845,27.60088620029656
-8.351263887469871,28.08870555070116
-8.341158203181291,28.5577885961765
-8.331052518892712,29.01003638623312
-8.320946834604131,29.44305236111897
-8.31084115031555,29.84907357006869
-8.300735466026971,30.22548497256512
-8.290629781738392,30.57513689469
-8.280524097449813,30.8956782181039
-8.270418413161233,31.18516653907614
-8.260312728872652,31.44148815361808
-8.250207044584073,31.65805490683018
-8.240101360295492,31.83341812720603
-8.229995676006913,31.96639377220672
-8.219889991718334,32.05597514854921
-8.209784307429754,32.10675612492719
-8.199678623141173,32.11815137203902
-8.189572938852594,32.08519745020691
-8.179467254564015,32.00820266328884
-8.169361570275434,31.88756226403382
-8.159255885986855,31.72410364681462
-8.149150201698275,31.52893637659406
-8.139044517409694,31.30340729085184
-8.128938833121115,31.03909167283321
-8.118833148832536,30.73782056957588
-8.108727464543957,30.40181340195272
-8.098621780255375,30.03318938484308
-8.088516095966796,29.63461855043785
-8.078410411678217,29.20877941335683
-8.068304727389636,28.7688403410027
-8.058199043101057,28.31772940444981
-8.048093358812476,27.8485833736861
-8.037987674523897,27.36463467840674
-8.027881990235317,26.8692050949004
-8.017776305946738,26.36567927328937
-8.007670621658159,25.85760398161032
-7.997564937369577,25.34818742473915
-7.987459253080998,24.84094026964401
-7.977353568792418,24.33922580850277
-7.967247884503839,23.8463328729571
-7.957142200215259,23.36544896838286
-7.947036515926679,22.89963418018185
-7.9369308316381,22.45169577521824
-7.926825147349519,22.02448618877892
-7.916719463060939,21.6206340215952
-7.90661377877236,21.24731806777934
-7.896508094483781,20.90657635161084
-7.8864024101952,20.59516350733275
-7.876296725906621,20.31455615726373
-7.866191041618041,20.06595138065482
-7.85608535732946,19.85025803692576
-7.845979673040882,19.66809067682635
-7.835873988752302,19.51989250858265
-7.825768304463723,19.40546160028963
-7.815662620175142,19.32462174356527
-7.805556935886562,19.27680517406815
-7.795451251597983,19.26116049716335
-7.785345567309403,19.27668938105819
-7.775239883020823,19.32178637325277
-7.765134198732244,19.39492312254001
-7.755028514443664,19.49424405592908
-7.744922830155083,19.61768671082052
-7.734817145866504,19.76300375019335
-7.724711461577924,19.92778674663391
-7.714605777289344,20.10939117076715
-7.704500093000765,20.30538508222078
-7.694394408712185,20.51303424453054
-7.684288724423604,20.72933028772166
-7.674183040135025,20.95168798323864
-7.664077355846445,21.17707849228446
-7.653971671557867,21.40781700182643
-7.643865987269285,21.64114919502526
-7.633760302980706,21.86950496574756
-7.623654618692127,22.09007040992483
-7.613548934403545,22.30049082764465
-7.603443250114966,22.49847128030492
-7.593337565826388,22.68189744559547
-7.583231881537808,22.84898015678052
-7.573126197249227,23.00278824058489
-7.563020512960647,23.14191125387219
-7.552914828672068,23.26004786116621
-7.542809144383487,23.36102320454561
-7.532703460094908,23.44919729160238
-7.522597775806329,23.51878000961124
-7.512492091517749,23.5643239088766
-7.502386407229168,23.58562476564376
-7.492280722940589,23.58272687732601
-7.482175038652009,23.55591611260891
-7.472069354363429,23.50571052032754
-7.46196367007485,23.43284870140893
-7.45185798578627,23.33827617543648
-7.441752301497691,23.22312999573024
-7.43164661720911,23.08872188385669
-7.42154093292053,22.94151053462885
-7.411435248631951,22.78296342618571
-7.401329564343371,22.60995985815284
-7.391223880054791,22.42412212086712
-7.381118195766212,22.22727919797046
-7.371012511477632,22.02122117729158
-7.360906827189051,21.80810287032102
-7.350801142900472,21.59464713684974
-7.340695458611893,21.38300402888161
-7.330589774323312,21.16993979665835
-7.320484090034733,20.95731454946894
-7.310378405746153,20.74695219880877
-7.300272721457574,20.54075462805037
-7.290167037168994,20.34011715848902
-7.280061352880414,20.14700946563051
-7.269955668591835,19.96287572967559
-7.259849984303254,19.78920014516063
-7.249744300014674,19.62737355142237
-7.239638615726095,19.47868728704327
-7.229532931437515,19.34412716311347
-7.219427247148935,19.22521300317645
-7.209321562860356,19.12265690974992
-7.199215878571776,19.03730578236461
-7.189110194283195,18.97487558296427
-7.179004509994616,18.93592938395989
-7.168898825706036,18.915875027301
-7.158793141417456,18.9149823428513
-7.148687457128876,18.93319059786568
-7.138581772840297,18.97095134402398
-7.128476088551718,19.02788955307544
-7.118370404263136,19.10374868441525
-7.108264719974557,19.19813694428721
-7.098159035685979,19.31065294177773
-7.088053351397397,19.44540254783733
-7.077947667108818,19.60164881265123
-7.067841982820238,19.77339090990493
-7.057736298531659,19.95948559571057
-7.047630614243078,20.15865986077204
-7.037524929954499,20.36951484394885
-7.02741924566592,20.59053075004832
-7.017313561377339,20.82007287583092
-7.007207877088759,21.0563988362517
-6.99710219280018,21.29766706673477
-6.9869965085116,21.54197273143537
-6.97689082422302,21.78730796689066
-6.966785139934441,22.03157448872408
-6.956679455645861,22.27264853754885
-6.94657377135728,22.50837008685728
-6.936468087068701,22.73655932849427
-6.926362402780121,22.95503424190961
-6.916256718491542,23.16674585120076
-6.906151034202962,23.36930547142014
-6.896045349914382,23.55567378921498
-6.885939665625803,23.72377872415255
-6.875833981337222,23.87164650576309
-6.865728297048642,24.00241291282186
-6.855622612760063,24.11432467634178
-6.845516928471484,24.20088578877702
-6.835411244182903,24.26042253031251
-6.825305559894324,24.29177962917665
-6.815199875605744,24.29391408769014
-6.805094191317163,24.26613578461859
-6.794988507028584,24.20764595454717
-6.784882822740005,24.11821503252634
-6.774777138451425,24.00275724403697
-6.764671454162845,23.86141553387414
-6.754565769874265,23.69467938840571
-6.744460085585685,23.50291029711985
-6.734354401297105,23.28204231284364
-6.724248717008526,23.03312147383692
-6.714143032719946,22.76239689582075
-6.704037348431366,22.47146727447931
-6.693931664142786,22.15676768068541
-6.683825979854207,21.82024135434436
-6.673720295565627,21.46390919233983
-6.663614611277048,21.0950669744955
-6.653508926988468,20.71567166281924
-6.643403242699887,20.32353663058282
-6.633297558411308,19.9207641022313
-6.623191874122727,19.50987374162774
-6.613086189834148,19.09355285531033
-6.602980505545569,18.67448713997096
-6.592874821256989,18.25526896635424
-6.582769136968409,17.83824936247255
-6.572663452679829,17.42605985865083
-6.562557768391249,17.02117113266004
-6.552452084102669,16.62597566566438
-6.54234639981409,16.24289821302981
-6.53224071552551,15.87403506487385
-6.52213503123693,15.52133772461529
-6.51202934694835,15.18697604508646
-6.50192366265977,14.87243522346546
-6.491817978371191,14.57982779380947
-6.481712294082611,14.31032605031516
-6.471606609794032,14.06540270179832
-6.461500925505452,13.84628266373542
-6.451395241216871,13.65404540079255
-6.441289556928292,13.48975487720815
-6.431183872639712,13.35389105078704
-6.421078188351133,13.24757326073343
-6.410972504062553,13.17100324164125
-6.400866819773973,13.12471512194025
-6.390761135485393,13.10903521627142
-6.380655451196813,13.12930771671863
-6.370549766908233,13.18541140649813
-6.360444082619654,13.27243757643593
-6.350338398331074,13.39029615425116
-6.340232714042494,13.53883458487004
-6.330127029753915,13.71784617969056
-6.320021345465334,13.92707775052753
-6.309915661176754,14.16623642342337
-6.299809976888175,14.43499555120096
-6.289704292599595,14.73299966725201
-6.279598608311016,15.05986844609439
-6.269492924022436,15.41509934578112
-6.259387239733855,15.79849171323983
-6.249281555445276,16.20960539556214
-6.239175871156696,16.64776083574762
-6.229070186868117,17.112580712511
-6.218964502579537,17.60356626262754
-6.208858818290957,18.12032173997687
-6.198753134002377,18.66207845441166
-6.188647449713797,19.22836019380404
-6.178541765425217,19.82354768988936
-6.168436081136638,20.44685564876112
-6.158330396848059,21.0927511114281
-6.148224712559478,21.7603001790946
-6.138119028270899,22.44877371926813
-6.128013343982318,23.15704450318015
-6.117907659693739,23.8842527487841
-6.10780197540516,24.62950732929358
-6.097696291116579,25.39151020720532
-6.087590606828,26.16922277329925
-6.07748492253942,26.96144164699206
-6.067379238250839,27.77188772548227
-6.05727355396226,28.59918610978419
-6.047167869673681,29.43699230528062
-6.037062185385101,30.2835388436219
-6.026956501096521,31.13731506597045
-6.016850816807941,31.99664690331349
-6.006745132519361,32.85992604339274
-5.996639448230781,33.73002988950263
-5.986533763942202,34.60539714372091
-5.976428079653622,35.47894148897338
-5.966322395365043,36.3486495332851
-5.956216711076462,37.21247016129885
-5.946111026787883,38.06822078268151
-5.936005342499303,38.91401646830176
-5.925899658210723,39.75259894614607
-5.915793973922144,40.58179860076876
-5.905688289633563,41.394416721375
-5.895582605344984,42.18825384290377
-5.885476921056404,42.96611946123501
-5.875371236767824,43.72582308448528
-5.865265552479245,44.46031126288734
-5.855159868190665,45.16712436311877
-5.845054183902085,45.84450853607278
-5.834948499613505,46.49522633869663
-5.824842815324925,47.11754489599853
-5.814737131036345,47.70944303688292
-5.804631446747766,48.26909668870935
-5.794525762459186,48.78967435391898
-5.784420078170606,49.27478122973007
-5.774314393882027,49.7227934309921
-5.764208709593446,50.12734331374511
-5.754103025304867,50.48735039627953
-5.743997341016287,50.80645913188457
-5.733891656727707,51.08412117039029
-5.723785972439128,51.31950444669872
-5.713680288150548,51.51207548460639
-5.703574603861968,51.65649059272276
-5.693468919573388,51.7526216213585
-5.683363235284808,51.80069708955506
-5.673257550996229,51.80582266849944
-5.663151866707649,51.76863227263086
-5.653046182419069,51.68499188479053
-5.642940498130489,51.55564351245461
-5.63283481384191,51.38187915309787
-5.622729129553329,51.17010223116586
-5.61262344526475,50.92689021979432
-5.60251776097617,50.64896471451159
-5.59241207668759,50.33818835058183
-5.582306392399011,49.99668671851124
-5.57220070811043,49.62635951487255
-5.562095023821851,49.22953208862287
-5.551989339533272,48.8035243725126
-5.541883655244691,48.35087679743224
-5.531777970956112,47.87386573896489
-5.521672286667532,47.38014047515392
-5.511566602378952,46.87225913094635
-5.501460918090372,46.35275633216463
-5.491355233801793,45.82412048830487
-5.481249549513213,45.28378135560477
-5.471143865224633,44.73423424630343
-5.461038180936053,44.18244636457572
-5.450932496647473,43.63090975979458
-5.440826812358894,43.07653332117139
-5.430721128070314,42.52122027672617
-5.420615443781734,41.96686500210929
-5.410509759493155,41.41486930698205
-5.400404075204574,40.86680301284285
-5.390298390915995,40.32397614587088
-5.380192706627414,39.7875362021083
-5.370087022338836,39.25846774886703
-5.359981338050256,38.73759466036896
-5.349875653761675,38.22571130828005
-5.339769969473096,37.72311671468838
-5.329664285184516,37.2352832637088
-5.319558600895936,36.76242730943758
-5.309452916607357,36.29962345978959
-5.299347232318777,35.84683946457662
-5.289241548030197,35.40895338912102
-5.279135863741617,34.98575271213501
-5.269030179453037,34.57195326417741
-5.258924495164457,34.16713730091475
-5.248818810875878,33.77120442087119
-5.238713126587298,33.38372120583841
-5.228607442298718,33.00441165062214
-5.218501758010139,32.63816339580113
-5.208396073721558,32.28454980703042
-5.198290389432979,31.93851129347416
-5.188184705144399,31.6049531847982
-5.17807902085582,31.28384503574197
-5.16797333656724,30.97022674254295
-5.157867652278659,30.66423131600288
-5.14776196799008,30.36599528603813
-5.1376562837015,30.07607915822739
-5.12755059941292,29.79978461439175
-5.117444915124341,29.53760174307807
-5.107339230835761,29.28507373703038
-5.097233546547181,29.04280513966742
-5.087127862258601,28.81644920004939
-5.077022177970021,28.60657429935527
-5.066916493681441,28.40919720700926
-5.056810809392863,28.2246442395853
-5.046705125104282,28.05368619060226
-5.036599440815703,27.89697280604105
-5.026493756527123,27.75524240947955
-5.016388072238542,27.62883197700634
-5.006282387949963,27.51822938000192
-4.996176703661384,27.42405806722195
-4.986071019372804,27.34662085897698
-4.975965335084224,27.28588727374484
-4.965859650795644,27.24192461540515
-4.955753966507064,27.21488885373624
-4.945648282218484,27.20956582376444
-4.935542597929905,27.22534738230866
-4.925436913641325,27.2567715747289
-4.915331229352746,27.30301959546239
-4.905225545064165,27.36345061995098
-4.895119860775585,27.43683763788361
-4.885014176487005,27.52239611120172
-4.874908492198426,27.6185246959192
-4.864802807909847,27.72385764447592
-4.854697123621266,27.83715089848343
-4.844591439332687,27.95672755380183
-4.834485755044107,28.0860828937963
-4.824380070755526,28.22318185973661
-4.814274386466947,28.36156743339668
-4.804168702178368,28.49920681140706
-4.794063017889788,28.63451541411458
-4.783957333601208,28.76558058866322
-4.773851649312628,28.89065339918063
-4.763745965024048,29.01315725493798
-4.753640280735469,29.13111321260584
-4.743534596446889,29.2383745867975
-4.733428912158309,29.33808899701933
-4.72332322786973,29.42894694816631
-4.713217543581149,29.50464811872887
-4.703111859292569,29.56393409397874
-4.69300617500399,29.60593205532323
-4.68290049071541,29.63004506225651
-4.672794806426831,29.63519172483705
-4.66268912213825,29.62624115535259
-4.652583437849671,29.60268150566919
-4.642477753561091,29.55961917267919
-4.632372069272511,29.49713112308696
-4.622266384983932,29.42026516382041
-4.612160700695352,29.32956178570873
-4.602055016406772,29.22052865750328
-4.591949332118192,29.09417756391136
-4.581843647829612,28.95125871140106
-4.571737963541032,28.79314799353603
-4.561632279252453,28.62104215207995
-4.551526594963873,28.44141097004327
-4.541420910675293,28.25586524520669
-4.531315226386714,28.0610920870223
-4.521209542098133,27.85898567098512
-4.511103857809553,27.65121902833813
-4.500998173520975,27.44486037935583
-4.490892489232394,27.24191443303397
-4.480786804943815,27.03940476289931
-4.470681120655235,26.83937463928494
-4.460575436366655,26.64387812330523
-4.450469752078075,26.45496122785084
-4.440364067789495,26.27476933668627
-4.430258383500916,26.1100455554799
-4.420152699212336,25.96276193379423
-4.410047014923756,25.8295792889797
-4.399941330635176,25.71237196024222
-4.389835646346597,25.61255286260454
-4.379729962058017,25.53153177696647
-4.369624277769437,25.47047497002349
-4.359518593480857,25.43071495318415
-4.349412909192277,25.41307077323064
-4.339307224903698,25.41843816855043
-4.329201540615117,25.4471824439365
-4.319095856326538,25.49980143634627
-4.308990172037959,25.57649945813733
-4.298884487749378,25.6821757048341
-4.288778803460799,25.81682752130306
-4.278673119172219,25.97488413836781
-4.268567434883639,26.15572973641354
-4.258461750595059,26.35854261479821
-4.24835606630648,26.5823039159555
-4.2382503820179,26.8259854199063
-4.22814469772932,27.08806237174474
-4.21803901344074,27.36719567644711
-4.20793332915216,27.66172408361042
-4.197827644863581,27.97020230834097
-4.187721960575001,28.29074873349515
-4.177616276286421,28.62166198165902
-4.167510591997842,28.96073854970141
-4.157404907709261,29.30638132038612
-4.147299223420682,29.66151652791783
-4.137193539132102,30.02416549902437
-4.127087854843522,30.38733545779899
-4.116982170554943,30.74905537996194
-4.106876486266362,31.11239202279519
-4.096770801977783,31.47544595745412
-4.086665117689203,31.83136574666218
-4.076559433400623,32.17838013401938
-4.066453749112044,32.51993622297844
-4.056348064823464,32.85421768294708
-4.046242380534884,33.17482261115255
-4.036136696246304,33.48036820312092
-4.026031011957724,33.77449697927332
-4.015925327669144,34.05641096437704
-4.005819643380566,34.31985960224986
-3.995713959091985,34.56382978532104
-3.985608274803405,34.78767659338359
-3.975502590514826,34.99092729203618
-3.965396906226246,35.17789702950428
-3.955291221937666,35.3483356405218
-3.945185537649086,35.49700184958261
-3.935079853360506,35.62377837058713
-3.924974169071927,35.72867658960867
-3.914868484783347,35.81684735041089
-3.904762800494767,35.88850485253028
-3.894657116206187,35.93892046511721
-3.884551431917608,35.96848656134162
-3.874445747629028,35.97782016499139
-3.864340063340447,35.96728335856154
-3.854234379051868,35.93777186230111
-3.844128694763288,35.89470321848469
-3.834023010474709,35.83918253062745
-3.823917326186129,35.77202226588086
-3.813811641897549,35.6937368112386
-3.803705957608969,35.60051179341784
-3.793600273320389,35.4931278051677
-3.78349458903181,35.37253928125845
-3.77338890474323,35.23974397538647
-3.76328322045465,35.10089558717415
-3.75317753616607,34.95680761021468
-3.743071851877491,34.80351811965429
-3.732966167588911,34.6423054324658
-3.722860483300331,34.47425233077054
-3.712754799011751,34.30523299065152
-3.702649114723171,34.13633258545364
-3.692543430434592,33.96384405116003
-3.682437746146012,33.78871561370079
-3.672332061857432,33.61203043964598
-3.662226377568852,33.43487696618934
-3.652120693280272,33.25834542178895
-3.642015008991693,33.08365055047789
-3.631909324703113,32.91155437257801
-3.621803640414533,32.74856993093353
-3.611697956125953,32.59537435861684
-3.601592271837373,32.45303790985987
-3.591486587548794,32.3224723685418
-3.581380903260214,32.19943810424343
-3.571275218971635,32.08498304470188
-3.561169534683054,31.97978147996001
-3.551063850394475,31.88473153791588
-3.540958166105895,31.80035369345292
-3.530852481817315,31.72758396347536
-3.520746797528735,31.67186707825773
-3.510641113240156,31.63380443009523
-3.500535428951576,31.60915263857483
-3.490429744662996,31.59827302024458
-3.480324060374416,31.60161330190899
-3.470218376085837,31.61958010143668
-3.460112691797256,31.65266403403604
-3.450007007508677,31.70096514843644
-3.439901323220097,31.7648600569415
-3.429795638931518,31.84457792599383
-3.419689954642938,31.94528905033365
-3.409584270354357,32.06708358896795
-3.399478586065778,32.20496943965804
-3.389372901777199,32.35888925679043
-3.379267217488618,32.52862764674564
-3.369161533200038,32.71423097658066
-3.359055848911459,32.91533609213011
-3.348950164622879,33.13663117358824
-3.338844480334299,33.37770775765
-3.32873879604572,33.6330585398437
-3.31863311175714,33.90708501774138
-3.30852742746856,34.19908675160467
-3.29842174317998,34.50326063251408
-3.2883160588914,34.81871987277242
-3.278210374602821,35.1445041340747
-3.268104690314241,35.47958051203997
-3.257999006025661,35.8278354520253
-3.247893321737081,36.1880580246068
-3.237787637448502,36.55394328375177
-3.227681953159922,36.92401543642758
-3.217576268871342,37.29706495357638
-3.207470584582762,37.67148589612768
-3.197364900294183,38.04575588362021
-3.187259216005602,38.41821696837586
-3.177153531717023,38.78750601376758
-3.167047847428443,39.15189475031178
-3.156942163139863,39.50977223238547
-3.146836478851283,39.86441825450526
-3.136730794562704,40.21441661499995
-3.126625110274124,40.55312338525718
-3.116519425985544,40.87882335339799
-3.106413741696964,41.18971962471045
-3.096308057408385,41.4896034498874
-3.086202373119805,41.78184527382984
-3.076096688831225,42.05995926883689
-3.065991004542645,42.31763238308623
-3.055885320254065,42.55827975592685
-3.045779635965486,42.78073876090899
-3.035673951676906,42.97880356354202
-3.025568267388326,43.15135110121216
-3.015462583099747,43.29740695461808
-3.005356898811167,43.41612297909257
-2.995251214522586,43.51166945819666
-2.985145530234007,43.58363884557827
-2.975039845945427,43.62637643088922
-2.964934161656847,43.63947081104207
-2.954828477368268,43.627624577429
-2.944722793079688,43.59063122378537
-2.934617108791108,43.52836070791287
-2.924511424502528,43.44065388789586
-2.914405740213948,43.3227487914475
-2.904300055925369,43.17951523721133
-2.894194371636789,43.01146129985686
-2.884088687348209,42.81345948184447
-2.873983003059629,42.58590249241799
-2.86387731877105,42.32915955889052
-2.85377163448247,42.04367232366037
-2.84366595019389,41.73484100490916
-2.833560265905311,41.40342439486655
-2.823454581616731,41.04486909149075
-2.813348897328151,40.65980084111561
-2.803243213039571,40.25402472087308
-2.793137528750991,39.82793384482138
-2.783031844462411,39.37760262985825
-2.772926160173832,38.90371836250463
-2.762820475885252,38.40716846604718
-2.752714791596672,37.88891879396637
-2.742609107308092,37.35014498007139
-2.732503423019512,36.79176438458164
-2.722397738730933,36.22010018128333
-2.712292054442353,35.63644490489794
-2.702186370153773,35.04205530978555
-2.692080685865193,34.43857865036587
-2.681975001576614,33.82242314643228
-2.671869317288034,33.1952017315082
-2.661763632999454,32.55861644244631
-2.651657948710874,31.9145087518205
-2.641552264422295,31.26483088175396
-2.631446580133715,30.61663142402354
-2.621340895845135,29.97202944656386
-2.611235211556555,29.33319605849476
-2.601129527267975,28.70224346202522
-2.591023842979395,28.07664428872878
-2.580918158690816,27.4585675590004
-2.570812474402236,26.85034515688327
-2.560706790113656,26.25445362073339
-2.550601105825077,25.67302109784589
-2.540495421536496,25.11346510280755
-2.530389737247917,24.57802893672673
-2.520284052959337,24.06385914569216
-2.510178368670757,23.573001613439
-2.500072684382177,23.1072880094173
-2.489967000093598,22.66873540567719
-2.479861315805018,22.25885573050723
-2.469755631516438,21.8792346624123
-2.459649947227859,21.53103948068563
-2.449544262939279,21.21519764659486
-2.439438578650699,20.93262866668212
-2.429332894362119,20.68380980714673
-2.419227210073539,20.46928930813102
-2.409121525784959,20.28901149539142
-2.39901584149638,20.14268677305925
-2.3889101572078,20.03021437872492
-2.37880447291922,19.95054458226508
-2.368698788630641,19.90282813244214
-2.358593104342061,19.88587867117553
-2.348487420053481,19.89828722034572
-2.338381735764901,19.93846545207795
-2.328276051476321,20.004614690323
-2.318170367187741,20.0947483507439
-2.308064682899162,20.20676745664591
-2.297958998610582,20.33858719369791
-2.287853314322002,20.48769129786665
-2.277747630033422,20.65182914093773
-2.267641945744843,20.82862223693261
-2.257536261456263,21.01569307053775
-2.247430577167683,21.21069301193119
-2.237324892879103,21.41132918456091
-2.227219208590524,21.61528955353156
-2.217113524301944,21.82068862225228
-2.207007840013364,22.03041039218716
-2.196902155724784,22.24757182905476
-2.186796471436204,22.46539422360512
-2.176690787147625,22.67713648218199
-2.166585102859045,22.88145761265791
-2.156479418570465,23.07718869458226
-2.146373734281885,23.26813338392595
-2.136268049993305,23.45329807894626
-2.126162365704725,23.63217812446603
-2.116056681416146,23.80408666910134
-2.105950997127566,23.96363277708624
-2.095845312838986,24.11060725616392
-2.085739628550406,24.24498328825506
-2.075633944261827,24.36680507619069
-2.065528259973247,24.47659720408834
-2.055422575684667,24.57468164776066
-2.045316891396087,24.66163555822115
-2.035211207107508,24.73804842451494
-2.025105522818928,24.80492756759043
-2.014999838530348,24.86303856986764
-2.004894154241768,24.91331061458838
-1.994788469953189,24.95669360529784
-1.984682785664609,24.99409284023571
-1.974577101376029,25.03174015358166
-1.964471417087449,25.07049175971252
-1.954365732798869,25.10628830887929
-1.944260048510289,25.14003582977098
-1.93415436422171,25.1726048008233
-1.92404867993313,25.20472029172593
-1.91394299564455,25.23737555416738
-1.903837311355971,25.271155645382
-1.893731627067391,25.30670383332372
-1.883625942778811,25.34947937564178
-1.873520258490231,25.40015560437995
-1.863414574201651,25.45394714560765
-1.853308889913072,25.51109900499641
-1.843203205624492,25.57176738640509
-1.833097521335912,25.63601769598584
-1.822991837047332,25.70881329783582
-1.812886152758752,25.78999535202201
-1.802780468470173,25.87418207669904
-1.792674784181593,25.96121021150295
-1.782569099893013,26.05037635279037
-1.772463415604433,26.14133341946803
-1.762357731315853,26.23828753763667
-1.752252047027274,26.34045445500506
-1.742146362738694,26.44193644467781
-1.732040678450114,26.54174564938623
-1.721934994161535,26.63881888632917
-1.711829309872955,26.73192330761101
-1.701723625584375,26.82008537983176
-1.691617941295795,26.9018295473144
-1.681512257007215,26.9760821938135
-1.671406572718636,27.04138615157639
-1.661300888430056,27.09638443360341
-1.651195204141476,27.13970537487591
-1.641089519852896,27.17496536583915
-1.630983835564316,27.20076306159974
-1.620878151275737,27.21059329967187
-1.610772466987157,27.20330334670824
-1.600666782698577,27.17744925506765
-1.590561098409997,27.13178457168013
-1.580455414121418,27.06514941102878
-1.570349729832838,26.97648552814237
-1.560244045544258,26.86485075687724
-1.550138361255678,26.73442293139867
-1.540032676967098,26.58948377069944
-1.529926992678519,26.42441150823859
-1.519821308389939,26.23371069607856
-1.509715624101359,26.01705029249704
-1.499609939812779,25.77428080130933
-1.4895042555242,25.50543955697421
-1.47939857123562,25.21075364604648
-1.46929288694704,24.89563073458493
-1.45918720265846,24.56063810618597
-1.44908151836988,24.20149856523
-1.438975834081301,23.81910323717491
-1.428870149792721,23.41451267502656
-1.418764465504141,22.99406278673337
-1.408658781215561,22.55885986169162
-1.398553096926981,22.10543495716375
-1.388447412638402,21.63532506979146
-1.378341728349822,21.15515642898759
-1.368236044061242,20.66660742591544
-1.358130359772662,20.16639009177667
-1.348024675484083,19.65625043945725
-1.337918991195503,19.13795931993525
-1.327813306906923,18.61329374917665
-1.317707622618343,18.08401864613329
-1.307601938329763,17.5518692792645
-1.297496254041184,17.01853470091822
-1.287390569752604,16.48554211264894
-1.277284885464024,15.95456484858874
-1.267179201175444,15.42716357233429
-1.257073516886865,14.90458028290024
-1.246967832598285,14.38807666383994
-1.236862148309705,13.87880133486393
-1.226756464021125,13.37781160481007
-1.216650779732545,12.88602023137286
-1.206545095443966,12.40409485237345
-1.196439411155386,11.93293277861804
-1.186333726866806,11.47296963743782
-1.176228042578226,11.02465763044876
-1.166122358289646,10.58834576249617
-1.156016674001067,10.16428771975892
-1.145910989712487,9.752650795603333
-1.135805305423907,9.353525637668932
-1.125699621135327,8.966936583096192
-1.115593936846748,8.592852347551243
-1.105488252558168,8.231196837557142
-1.095382568269588,7.886850232987602
-1.085276883981008,7.559640489837508
-1.075171199692428,7.244353733216563
-1.065065515403849,6.940763359914752
-1.054959831115269,6.648548709614521
-1.044854146826689,6.367725577381227
-1.034748462538109,6.097984713295829
-1.02464277824953,5.839171032130349
-1.01453709396095,5.591162081150269
-1.00443140967237,5.353871610613288
-0.9943257253837903,5.127251855889894
-0.9842200410952106,4.911294551912111
-0.9741143568066306,4.70603072361093
-0.9640086725180509,4.511429004149063
-0.9539029882294712,4.327815336132849
-0.9437973039408915,4.155200782356392
-0.9336916196523115,3.99375036553021
-0.9235859353637318,3.843651663021119
-0.9134802510751521,3.705235544876124
-0.9033745667865721,3.578396610328566
-0.8932688824979924,3.463677620244797
-0.8831631982094127,3.361171875099155
-0.8730575139208329,3.271089845909315
-0.8629518296322531,3.193626013741666
-0.8528461453436734,3.12895222093067
-0.8427404610550936,3.07711094198361
-0.8326347767665138,3.038431345266861
-0.822529092477934,3.012854862942477
-0.8124234081893542,3.000403156991261
-0.8023177239007744,3.001047155908848
-0.7922120396121947,3.014703095071367
-0.7821063553236148,3.041229221154466
-0.772000671035035,3.080423197558943
-0.7618949867464553,3.132020237842109
-0.7517893024578755,3.195691984600713
-0.7416836181692957,3.271046142142502
-0.731577933880716,3.357626862642943
-0.7214722495921362,3.45481556484972
-0.7113665653035565,3.562254942087171
-0.7012608810149766,3.679182765270397
-0.6911551967263968,3.804908260495875
-0.6810495124378171,3.938689631689899
-0.6709438281492373,4.079738561847509
-0.6608381438606575,4.227225258739651
-0.6507324595720777,4.380283992688028
-0.6406267752834979,4.538019069313844
-0.6305210909949182,4.699410863462581
-0.6204154067063383,4.863644309665205
-0.6103097224177586,5.029869182819633
-0.6002040381291789,5.197011536895538
-0.5900983538405991,5.364127645229253
-0.5799926695520192,5.530284850676947
-0.5698869852634395,5.694568739816024
-0.5597813009748597,5.856090179798501
-0.54967561668628,6.013891831202257
-0.5395699323977001,6.16737683669416
-0.5294642481091203,6.315646243341058
-0.5193585638205406,6.457977899635591
-0.5092528795319607,6.593705368917697
-0.499147195243381,6.727112730195772
-0.4890415109548013,6.857841955728093
-0.4789358266662214,6.980228106318513
-0.4688301423776417,7.093795101520939
-0.4587244580890619,7.198041643229132
-0.448618773800482,7.29286553668458
-0.4385130895119023,7.377896246409441
-0.4284074052233225,7.452968470791486
-0.4183017209347428,7.517995327135875
-0.408196036646163,7.572967019488974
-0.3980903523575832,7.617948611453348
-0.3879846680690034,7.653076925471896
-0.3778789837804236,7.678556602683469
-0.3677732994918438,7.69465537010444
-0.3576676152032641,7.701698574359299
-0.3475619309146843,7.70006305324558
-0.3374562466261045,7.690170427840569
-0.3273505623375247,7.672479908400777
-0.3172448780489449,7.647480716730467
-0.3071391937603651,7.62067460447594
-0.2970335094717854,7.59254894356656
-0.2869278251832056,7.558569172746505
-0.2768221408946259,7.519190716228532
-0.266716456606046,7.474861820664001
-0.2566107723174663,7.426017058605586
-0.2465050880288865,7.373071233939661
-0.2363994037403067,7.316413788515645
-0.2262937194517269,7.256403802244225
-0.2161880351631471,7.193365670023436
-0.2060823508745674,7.127585528070839
-0.1959766665859876,7.059308489733296
-0.1858709822974078,6.988736736806804
-0.175765298008828,6.915928184601265
-0.1656596137202483,6.841218508038494
-0.1555539294316685,6.764553155260429
-0.1454482451430887,6.68596213855549
-0.1353425608545089,6.605436172441113
-0.1252368765659291,6.522929980958668
-0.1151311922773493,6.438366318206464
-0.1050255079887696,6.351640618330791
-0.09491982370018978,6.262626178184398
-0.08481413941161001,6.171179764841503
-0.07470845512303022,6.077147531422414
-0.06460277083445044,5.980371118468343
-0.05449708654587066,5.880693814595114
-0.04439140225729088,5.777966649450101
-0.0342857179687111,5.672054294133769
-0.02418003368013132,5.562840649183557
-0.01407434939155154,5.450234007835872
-0.003968665102971757,5.334171692391994
0.006137019185608024,5.219614442566991
0.0162427034741878,5.106530839233484
0.02634838776276759,4.989900365799703
0.03645407205134737,4.869735055765989
0.04655975633992714,4.746091022217164
0.05666544062850692,4.619069486541753
0.06677112491708671,4.488816932646919
0.07687680920566649,4.355524400080143
0.08698249349424626,4.219425947181032
0.09708817778282605,4.080796331959095
0.1071938620714058,3.939947973447351
0.1172995463599856,3.797227269488718
0.1274052306485654,3.653010358002209
0.1375109149371452,3.507698417543774
0.147616599225725,3.361712609285143
0.1577222835143047,3.215488766317063
0.1678279678028845,3.069471937443841
0.1779336520914643,2.924110891444787
0.1880393363800441,2.779852684267381
0.1981450206686238,2.637137385975429
0.2082507049572036,2.496393056739644
0.2183563892457834,2.358031052003145
0.2284620735343632,2.222441726484953
0.238567757822943,2.089990595223772
0.2486734421115228,1.961014997744013
0.2587791264001025,1.835821298976494
0.2688848106886823,1.714682648107264
0.2789904949772621,1.597837304359669
0.2890961792658419,1.485487527111052
0.2992018635544217,1.377799016947438
0.3093075478430015,1.274900884470727
0.3194132321315812,1.17688611505692
0.329518916420161,1.083812490441326
0.3396246007087408,0.995703922056185
0.3497302849973206,0.9125521465044875
0.3598359692859003,0.8343187304183317
0.3699416535744801,0.7609373301823831
0.3800473378630599,0.6923161515319971
0.3901530221516397,0.6283405547631877
0.4002587064402194,0.5688757530973294
0.4103643907287993,0.5137695544898497
0.420470075017379,0.462754788240575
0.4305757593059588,0.4158741473184248
0.4406814435945386,0.3728140381525647
0.4507871278831184,0.3333802152566499
0.4608928121716981,0.2973737804658097
0.4709984964602779,0.2645934007300906
0.4811041807488577,0.2348373413604413
0.4912098650374375,0.2079053033361553
0.5013155493260172,0.1836000578629488
0.511421233614597,0.1617288756006711
0.5215269179031768,0.1421047518016054
0.5316326021917566,0.1245474319737114
0.5417382864803364,0.1088842455832213
0.5518439707689162,0.09495075772771765
0.5619496550574959,0.08259125064735837
0.5720553393460758,0.07165904841306359
0.5821610236346555,0.06201669916066078
0.5922667079232353,0.05353602986149554
0.6023723922118152,0.04609808887107814
0.6124780765003949,0.03949267895075155
0.6225837607889746,0.03384026847793094
0.6326894450775543,0.02892292414856587
0.6427951293661341,0.02465708832083438
0.652900813654714,0.02096682046571775
0.6630064979432937,0.0177833901080751
0.6731121822318735,0.01504484535978126
0.6832178665204534,0.01269556677895522
0.6933235508090331,0.01068581506513332
0.7034292350976129,0.008971279901941473
0.7135349193861927,0.007512636107723969
0.7236406036747725,0.006275112167630863
0.7337462879633523,0.005228075210650622
0.743851972251932,0.004344635570985586
0.7539576565405118,0.003601273240538894
0.7640633408290916,0.002977487780627313
0.7741690251176713,0.002455472616262515
0.7842747094062511,0.002019814083199251
0.7943803936948308,0.001657215132430792
0.8044860779834107,0.001356243213569353
0.8145917622719905,0.001107101551253322
0.8246974465605702,0.0009014227903953716
0.83480313084915,0.0007320838093908635
0.8449088151377299,0.0005930403779018629
0.8550144994263096,0.0004791802601770497
0.8651201837148893,0.0003861933289875672
0.8752258680034692,0.0003104572524779581
0.885331552292049,0.0002489373403654077
0.8954372365806287,0.0001990991813408456
0.9055429208692085,0.0001588327651947306
0.9156486051577882,0.0001263868566749324
0.925754289446368,0
1.006599763755006,0.0001263868566749324
1.016705448043586,0.0001588327651947306
1.026811132332166,0.0001990991813408456
1.036916816620746,0.0002489373403654077
1.047022500909325,0.0003104572524779581
1.057128185197905,0.0003861933289875672
1.067233869486485,0.0004791802601770497
1.077339553775065,0.0005930403779018629
1.087445238063645,0.0007320838093908635
1.097550922352224,0.0009014227903953716
1.107656606640804,0.001107101551253322
1.117762290929384,0.001356243213569353
1.127867975217964,0.001657215132430792
1.137973659506544,0.002019814083199251
1.148079343795123,0.002581859472937447
1.158185028083703,0.003136320545822044
1.168290712372283,0.00380037242187974
1.178396396660863,0.004593572911350994
1.188502080949442,0.005538532463128581
1.198607765238022,0.00666130549661843
1.208713449526602,0.007991816367901019
1.218819133815182,0.009564320279843335
1.228924818103762,0.01141789887452419
1.239030502392341,0.01359698956935059
1.249136186680921,0.01615194691103458
1.259241870969501,0.01913963332164446
1.269347555258081,0.02262403559814854
1.27945323954666,0.02667690240403364
1.28955892383524,0.03137839676482839
1.29966460812382,0.03681775625855825
1.3097702924124,0.04309395219129044
1.319875976700979,0.0503163375853888
1.329981660989559,0.05860527230695144
1.340087345278139,0.0680927121469508
1.350193029566719,0.07892274718042215
1.360298713855299,0.09125207329682188
1.370404398143878,0.1052503794638634
1.380510082432458,0.1211006321019995
1.390615766721038,0.1389992369555908
1.400721451009618,0.1591560581002897
1.410827135298197,0.1817942732759935
1.420932819586777,0.2071500446325299
1.431038503875357,0.2354719842711518
1.441144188163937,0.2670203947059415
1.451249872452517,0.3020662655976428
1.461355556741097,0.3408900098639504
1.471461241029676,0.3837799245723235
1.481566925318256,0.4310303648913457
1.491672609606836,0.4829396228201374
1.501778293895416,0.5398075064248048
1.511883978183995,0.601932619864274
1.521989662472575,0.6696093495474549
1.532095346761155,0.743124567275715
1.542201031049734,0.822754067118713
1.552306715338315,0.9087587589612255
1.562412399626894,1.001380648041258
1.572518083915474,1.100838636258821
1.582623768204054,1.207324187440576
1.592729452492634,1.320996904957992
1.602835136781213,1.441980075967506
1.612940821069793,1.570356241917565
1.623046505358373,1.706162859695143
1.633152189646953,1.849388121711657
1.643257873935532,1.999967006210093
1.653363558224112,2.157777630977225
1.663469242512692,2.322637984347579
1.673574926801272,2.4943031067885
1.683680611089852,2.672462794380555
1.693786295378431,2.856739892102207
1.703891979667011,3.046689239969267
1.713997663955591,3.241797328775942
1.724103348244171,3.441482714475777
1.734209032532751,3.645097231201653
1.74431471682133,3.851928032661205
1.75442040110991,4.061200480297591
1.76452608539849,4.272081884345214
1.774631769687069,4.483686090934096
1.784737453975649,4.695078894927085
1.794843138264229,4.905284244453299
1.804948822552809,5.113291189386516
1.815054506841389,5.318061512575269
1.825160191129968,5.518537969733206
1.835265875418548,5.713653051811579
1.845371559707128,5.902338172660623
1.855477243995708,6.083533175087427
1.865582928284288,6.256196040259136
1.875688612572868,6.419312678979423
1.885794296861447,6.571906678849955
1.895899981150027,6.713048878847378
1.906005665438607,6.841866642492265
1.916111349727186,6.957552702608635
1.926217034015766,7.064363823385673
1.936322718304346,7.161609521871786
1.946428402592926,7.243659402254676
1.956534086881506,7.309968995773385
1.966639771170085,7.36009534056802
1.976745455458665,7.393701852856245
1.986851139747245,7.41056204686864
1.996956824035825,7.41056204686864
2.007062508324405,7.393701852856245
2.017168192612985,7.36009534056802
2.027273876901564,7.309968995773385
2.037379561190144,7.243659402254676
2.047485245478724,7.161609521871786
2.057590929767303,7.064363823385673
2.067696614055883,6.957552702608635
2.077802298344463,6.841866642492265
2.087907982633043,6.713048878847378
2.098013666921622,6.571906678849955
2.108119351210202,6.419312678979423
2.118225035498782,6.256196040259136
2.128330719787362,6.083533175087427
2.138436404075942,5.902338172660623
2.148542088364521,5.713653051811579
2.158647772653101,5.518537969733206
2.168753456941681,5.318061512575269
2.178859141230261,5.113291189386516
2.188964825518841,4.905284244453299
2.199070509807421,4.695078894927085
2.209176194096,4.483686090934096
2.21928187838458,4.272081884345214
2.22938756267316,4.061200480297591
2.239493246961739,3.851928032661205
2.249598931250319,3.645097231201653
2.259704615538899,3.441482714475777
2.269810299827479,3.241797328775942
2.279915984116059,3.046689239969267
2.290021668404638,2.856739892102207
2.300127352693218,2.672462794380555
2.310233036981798,2.4943031067885
2.320338721270378,2.322637984347579
2.330444405558957,2.157777630977225
2.340550089847537,1.999967006210093
2.350655774136117,1.849388121711657
2.360761458424697,1.706162859695143
2.370867142713276,1.570356241917565
2.380972827001857,1.441980075967506
2.391078511290436,1.320996904957992
2.401184195579016,1.207324187440576
2.411289879867596,1.100838636258821
2.421395564156176,1.001380648041258
2.431501248444755,0.9087587589612255
2.441606932733335,0.822754067118713
2.451712617021915,0.743124567275715
2.461818301310495,0.6696093495474549
2.471923985599074,0.601932619864274
2.482029669887654,0.5398075064248048
2.492135354176234,0.4829396228201374
2.502241038464814,0.4310303648913457
2.512346722753394,0.3837799245723235
2.522452407041973,0.3408900098639504
2.532558091330553,0.3020662655976428
2.542663775619133,0.2670203947059415
2.552769459907712,0.2354719842711518
2.562875144196292,0.2071500446325299
2.572980828484873,0.1817942732759935
2.583086512773452,0.1591560581002897
2.593192197062032,0.1389992369555908
2.603297881350612,0.1211006321019995
2.613403565639191,0.1052503794638634
2.623509249927771,0.09125207329682188
2.633614934216351,0.07892274718042215
2.643720618504931,0.0680927121469508
2.653826302793511,0.05860527230695144
2.66393198708209,0.0503163375853888
2.67403767137067,0.04309395219129044
2.68414335565925,0.03681775625855825
2.69424903994783,0.03137839676482839
2.704354724236409,0.02667690240403364
2.714460408524989,0.02262403559814854
2.724566092813569,0.01913963332164446
2.734671777102149,0.01627833376770952
2.744777461390728,0.01375582233454532
2.754883145679308,0.01161699805586503
2.764988829967888,0.009813257620208744
2.775094514256468,0.008302273620378978
2.785200198545048,0.007047498825605996
2.795305882833627,0.00601771272330563
2.805411567122207,0.005186613289252857
2.815517251410787,0.004532456231270603
2.825622935699367,0.004037743336217415
2.835728619987947,0.003815347880865701
2.845834304276527,0.003534890061963335
2.855939988565106,0.003513529446202429
2.866045672853686,0.003751381493808945
2.876151357142266,0.004031864185188525
2.886257041430845,0.004464203081351098
2.896362725719425,0.005061474650472215
2.906468410008005,0.00584117357926727
2.916574094296585,0.006825532609206104
2.926679778585164,0.00804190854719085
2.936785462873744,0.009649622146032046
2.946891147162324,0.01146737703046183
2.956996831450904,0.01364265135064118
2.967102515739484,0.01635663937564287
2.977208200028064,0.01945223806396075
2.987313884316643,0.02312977238813655
2.997419568605223,0.02747485815519308
3.007525252893803,0.03255979331980315
3.017630937182382,0.03862208847526259
3.027736621470963,0.0455665469543458
3.037842305759542,0.0536353850689447
3.047947990048122,0.0631138886071729
3.058053674336702,0.07395909264746571
3.068159358625282,0.08647009482017098
3.078265042913861,0.1008674925551906
3.088370727202441,0.117521687519455
3.098476411491021,0.1364813920842837
3.108582095779601,0.158144024555252
3.11868778006818,0.1828351621964484
3.12879346435676,0.2110367860924086
3.13889914864534,0.2429156435582069
3.14900483293392,0.278993405903766
3.1591105172225,0.3197257820486666
3.169216201511079,0.3656039272303387
3.179321885799659,0.4171553406064674
3.189427570088239,0.4749445296203393
3.199533254376818,0.5395734055834364
3.209638938665398,0.6116813744035086
3.219744622953979,0.6919450863260295
3.229850307242558,0.7810778090044068
3.239955991531138,0.8798283892054859
3.250061675819718,0.9889797700202516
3.260167360108297,1.10934703260568
3.270273044396877,1.241774934243544
3.280378728685457,1.3871349178675
3.290484412974037,1.546321572172507
3.300590097262616,1.72024852596229
3.310695781551196,1.909843765482959
3.320801465839776,2.116044369096269
3.330907150128356,2.339790659718024
3.341012834416936,2.582019781931561
3.351118518705515,2.843658717522125
3.361224202994095,3.125616760298784
3.371329887282675,3.428777478405835
3.381435571571255,3.7539901998019
3.391541255859834,4.102061064127257
3.401646940148414,4.473743691712984
3.411752624436994,4.869729527934886
3.421858308725573,5.29063792840749
3.431963993014154,5.737006057577694
3.442069677302734,6.209278680045014
3.452175361591313,6.70779793033862
3.462281045879893,7.232793152855535
3.472386730168473,7.784370909145081
3.482492414457053,8.362505254647258
3.492598098745632,8.967028391292418
3.502703783034212,9.597621805977511
3.512809467322792,10.25380800778042
3.522915151611372,10.934942978781
3.533020835899952,11.64020945444581
3.543126520188531,12.36861114961518
3.553232204477111,13.11896804511472
3.563337888765691,13.88991284780072
3.57344357305427,14.67988873334048
3.583549257342851,15.48714847612195
3.59365494163143,16.30975506428258
3.60376062592001,17.14558388985098
3.613866310208589,17.99232659432117
3.62397199449717,18.84749663856017
3.634077678785749,19.70843665273409
3.644183363074329,20.57232760690543
3.654289047362909,21.44119019482044
3.664394731651488,22.31187879507202
3.674500415940068,23.17609665656257
3.684606100228648,24.03043226272883
3.694711784517228,24.87138813538099
3.704817468805808,25.69540161835216
3.714923153094387,26.49886714731928
3.725028837382967,27.27815985664702
3.735134521671547,28.02966035013633
3.745240205960127,28.74978043923684
3.755345890248706,29.43997999874316
3.765451574537286,30.09677505954776
3.775557258825867,30.7117655423165
3.785662943114446,31.2866727177586
3.795768627403026,31.8183577856631
3.805874311691605,32.29884956155928
3.815979995980185,32.72539057430027
3.826085680268765,33.09547257545775
3.836191364557345,33.40686076913008
3.846297048845925,33.65761607108045
3.856402733134504,33.85110545899428
3.866508417423084,33.98600048674746
3.876614101711664,34.05629236464734
3.886719786000244,34.06631373667852
3.896825470288824,34.0157386411906
3.906931154577403,33.90457915646621
3.917036838865983,33.73318858662022
3.927142523154563,33.49727109182415
3.937248207443143,33.2028877181243
3.947353891731722,32.85144014425353
3.957459576020302,32.43966049108729
3.967565260308882,31.9746072814927
3.977670944597462,31.45863937982535
3.987776628886042,30.88939639809359
3.997882313174621,30.26979542467897
4.007987997463201,29.60800604422963
4.018093681751781,28.90740395256075
4.028199366040361,28.16654180071837
4.03830505032894,27.38913763179992
4.04841073461752,26.58404299745965
4.0585164189061,25.75519115317916
4.06862210319468,24.90156403675105
4.07872778748326,24.02717843756023
4.08883347177184,23.13606309180335
4.098939156060419,22.23222673341977
4.109044840348999,21.31962710603187
4.119150524637578,20.40214128915276
4.129256208926159,19.48353766565196
4.139361893214738,18.56744982628251
4.149467577503318,17.65735267165726
4.159573261791898,16.75654093318711
4.169678946080477,15.86811029298733
4.179784630369058,14.99494123948051
4.189890314657637,14.1396857512538
4.199995998946217,13.30475685753304
4.210101683234797,12.49232108025859
4.220207367523376,11.70429372098343
4.230313051811956,10.9423369163938
4.240418736100536,10.20786034982945
4.250524420389116,9.502024473315062
4.260630104677696,8.825746065767735
4.270735788966276,8.179705928570558
4.280841473254855,7.564358499842839
4.290947157543435,6.979943153625105
4.301052841832015,6.426496939856822
4.311158526120594,5.903868515377252
4.321264210409175,5.411733015051961
4.331369894697754,4.949607615259156
4.341475578986334,4.516867549028198
4.351581263274914,4.112762342711259
4.361686947563493,3.736432057745001
4.371792631852073,3.386923337343175
4.381898316140653,3.063205076354146
4.392004000429233,2.764183552511605
4.402109684717812,2.488716878399718
4.412215369006392,2.235628655158761
4.422321053294972,2.003720730813391
4.432426737583552,1.791784987687663
4.442532421872132,1.598614104294588
4.452638106160711,1.42301125701749
4.462743790449291,1.263798745549861
4.47284947473787,1.11982554319774
4.482955159026451,0.9899737885952531
4.493060843315031,0.8731642490137967
4.50316652760361,0.7683607971833838
4.513272211892191,0.6745739533628751
4.52337789618077,0.590863552309679
4.533483580469349,0.5163406008628392
4.54358926475793,0.450168396153253
4.553694949046509,0.3915629771057046
4.563800633335089,0.3397929830359459
4.573906317623669,0.2940786804554653
4.584012001912249,0.2540130031605203
4.594117686200828,0.2188913044246699
4.604223370489408,0.1881826974505829
4.614329054777988,0.161401653505503
4.624434739066568,0.1381057916157181
4.634540423355148,0.1178935266415207
4.644646107643727,0.1004016242162889
4.654751791932307,0.08530270573727693
4.664857476220886,0.07230274131071837
4.674963160509466,0.06103825090748621
4.685068844798047,0.05149601437931356
4.695174529086626,0.04334194244038991
4.705280213375207,0.03629162446140645
4.715385897663785,0.03040394748087513
4.725491581952365,0.02541030228041938
4.735597266240946,0.02118580751554914
4.745702950529525,0.01762116399560991
4.755808634818105,0.01462101754893876
4.765914319106685,0.0121024444972463
4.776020003395264,0.009893246189887126
4.786125687683844,0.008152822810317397
4.796231371972424,0.006702251549363895
4.806337056261004,0.005396061389771219
4.816442740549584,0.004417078624733227
4.826548424838164,0.003506529383923035
4.836654109126743,0.002858588959494344
4.846759793415323,0.002324607788511556
4.856865477703902,0.001785380992771217
4.866971161992482,0.001446448884577669
4.877076846281063,0.001168927918543754
4.887182530569642,0.0008419777182672706
4.897288214858222,0.0006782794415178953
4.907393899146801,0.0005450260941822979
4.917499583435381,0.0004368441091528905
4.927605267723962,0.0002489373403654077
4.937710952012541,0.0001990991813408456
4.947816636301121,0.0001588327651947306
4.957922320589701,0.0001263868566749324
4.96802800487828,0
6.039230539467737,0
